가구식별번호,조사연도,조사차수,조사구식별번호,시도코드,시도명,행정구역유형,도시농촌구분,층화코드,표본조사구코드,조사일자,응답방식,응답상태,주택유형,점유형태,아파트층수,가구유형,가구원수,가구원수구간,가구주성별,가구주연령,가구주연령대,교육수준코드,교육수준,종사상지위,경제활동상태,산업분류,인터넷이용여부,건강상태등급,삶의만족도점수,지역박탈도백분위,통근시간_분,주당근로시간,월근로소득_만원,월사업소득_만원,월이전소득_만원,월기타소득_만원,월총소득_만원,연간가구소득_만원,세금사회보험료_만원,가처분소득_만원,식료품비_만원,주거비_만원,교육비_만원,보건의료비_만원,교통비_만원,기타지출_만원,월총지출_만원,월저축액_만원,1인당가처분소득_만원,균등화가처분소득_만원,주거비부담률,경제스트레스지수,조사가중치,응답자메모
HH-2025-000001,2025,1,ED-0001,R12,충청남도,면부,농촌,ST-12-면,PSU-0038,2025-05-08,인터넷,완료,기타,자가,0,1인가구,1,1인,여성,18,20대 이하,5,대학교,학생,비경제활동,,Y,5,3,5,,,0.0,0.0,15,15,30.0,360.0,1.6,28.4,51,40,0,18,7,8,124,-95.6,28.4,28.4,140.8,31.9,0.865,메모-0001: 가구원 수 변동 내용을 면접원이 확인
HH-2025-000002,2025,2,ED-0002,R09,경기도,동부,도시,ST-09-동,PSU-0075,2025-06-14,전화,완료,단독주택,자가,0,부부,2,2인,여성,19,20대 이하,6,대학원,임시·일용근로자,취업,공공·교육,Y,5,4,10,27.5,40.5,200,0.0,30,40,270.0,3240.0,14.8,255.2,83,49,14,7,22,29,204,51.2,127.6,180.5,19.2,31.6,1.23,메모-0002: 소득 항목은 월평균 금액으로 응답
HH-2025-000003,2025,3,ED-0003,R03,대구광역시,동부,도시,ST-03-동,PSU-0112,2025-07-21,인터넷,완료,아파트,전세,22,1인가구,1,1인,여성,20,20대 이하,5,대학교,임시·일용근로자,취업,공공·교육,Y,4,3,15,33.0,43.0,160,0.0,30,60,250.0,3000.0,13.8,236.2,53,56,0,16,32,11,168,68.2,236.2,236.2,23.7,32.8,1.595,메모-0003: 온라인 조사 후 전화로 일부 항목 보완
HH-2025-000004,2025,4,ED-0004,R01,서울특별시,면부,농촌,ST-01-면,PSU-0149,2025-08-27,인터넷,완료,단독주택,보증부월세,0,1인가구,1,1인,여성,21,20대 이하,4,고등학교,학생,비경제활동,,Y,5,3,20,,,0.0,0.0,45,65,110.0,1320.0,6.0,104.0,56,50,0,11,35,39,191,-87.0,104.0,104.0,48.1,31.1,1.96,메모-0004: 교육비와 보건비 영수증을 참고해 응답
HH-2025-000005,2025,1,ED-0005,R04,인천광역시,면부,농촌,ST-04-면,PSU-0186,2025-04-06,방문면접,완료,단독주택,보증부월세,0,부부+자녀,4,3~4인,여성,22,20대 이하,5,대학교,학생,비경제활동,,Y,5,3,25,,,0.0,0.0,95,105,200.0,2400.0,11.0,189.0,127,78,20,15,25,61,326,-137.0,47.2,94.5,41.3,30.4,0.82,메모-0005: 응답자가 조사표 작성 기준을 확인함
HH-2025-000006,2025,2,ED-0006,R10,강원특별자치도,동부,도시,ST-10-동,PSU-0223,2025-05-13,인터넷,완료,아파트,자가,13,부부,2,2인,여성,23,20대 이하,5,대학교,학생,비경제활동,,Y,5,4,30,,,0.0,0.0,35,100,135.0,1620.0,7.4,127.6,86,65,0,9,27,37,224,-96.4,63.8,90.2,50.9,30.9,1.185,"메모-0006: 생활비, 주거비 항목 재확인"
HH-2025-000007,2025,3,ED-0007,R01,서울특별시,동부,도시,ST-01-동,PSU-0260,2025-06-19,인터넷,완료,아파트,자가,20,한부모,3,3~4인,남성,24,20대 이하,6,대학원,학생,비경제활동,,Y,5,3,35,,,0.0,0.0,25,85,110.0,1320.0,6.0,104.0,114,59,9,6,10,47,245,-141.0,34.7,60.0,56.7,31.2,1.55,메모-0007: 가구원 수 변동 내용을 면접원이 확인
HH-2025-000008,2025,4,ED-0008,R03,대구광역시,동부,도시,ST-03-동,PSU-0297,2025-07-26,전화,완료,아파트,자가,27,부부+자녀,5,5인 이상,남성,25,20대 이하,5,대학교,상용근로자,취업,금융·전문서비스,Y,4,5,40,40.0,48.5,490,0.0,40,95,625.0,7500.0,106.3,518.7,128,8,7,8,42,57,250,268.7,103.7,232.0,1.5,31.1,1.915,메모-0008: 소득 항목은 월평균 금액으로 응답
HH-2025-000009,2025,1,ED-0009,R01,서울특별시,읍부,농촌,ST-01-읍,PSU-0034,2025-09-01,인터넷,부분응답,단독주택,자가,0,부부,2,2인,남성,26,20대 이하,5,대학교,상용근로자,취업,건설업,Y,5,3,45,41.5,46.5,435,0.0,0,130,565.0,6780.0,59.3,505.7,91,14,0,13,26,29,173,332.7,252.8,357.6,2.8,31.4,0.775,메모-0009: 온라인 조사 후 전화로 일부 항목 보완
HH-2025-000010,2025,2,ED-0010,R04,인천광역시,동부,도시,ST-04-동,PSU-0071,2025-04-11,인터넷,완료,연립·다세대,자가,0,부부,2,2인,여성,27,20대 이하,5,대학교,비경제활동,비경제활동,,Y,5,4,50,,,0.0,0.0,40,115,155.0,1860.0,8.5,146.5,77,60,0,2,23,44,206,-59.5,73.2,103.6,41.0,30.7,1.14,메모-0010: 교육비와 보건비 영수증을 참고해 응답
HH-2025-000011,2025,3,ED-0011,R14,전라남도,동부,도시,ST-14-동,PSU-0108,2025-05-18,전화,완료,오피스텔,자가,0,1인가구,1,1인,여성,28,20대 이하,6,대학원,비경제활동,비경제활동,,Y,4,4,55,,,0.0,0.0,15,10,25.0,300.0,1.4,23.6,47,53,0,2,10,21,133,-109.4,23.6,23.6,224.6,32.0,1.505,메모-0011: 응답자가 조사표 작성 기준을 확인함
HH-2025-000012,2025,4,ED-0012,R09,경기도,동부,도시,ST-09-동,PSU-0145,2025-06-24,방문면접,완료,아파트,자가,25,부부+자녀,4,3~4인,남성,29,20대 이하,4,고등학교,비경제활동,비경제활동,,Y,4,4,60,,,0.0,0.0,40,125,165.0,1980.0,9.1,155.9,108,39,11,2,6,46,212,-56.1,39.0,78.0,25.0,30.6,1.87,"메모-0012: 생활비, 주거비 항목 재확인"
HH-2025-000013,2025,1,ED-0013,R16,경상남도,동부,도시,ST-16-동,PSU-0182,2025-07-31,방문면접,완료,아파트,보증부월세,2,3세대,4,3~4인,남성,30,30대,5,대학교,상용근로자,취업,공공·교육,Y,3,2,65,66.0,21.0,465,0.0,35,85,585.0,7020.0,61.4,523.6,135,93,41,2,30,35,336,187.6,130.9,261.8,17.8,39.5,0.73,메모-0013: 가구원 수 변동 내용을 면접원이 확인
HH-2025-000014,2025,2,ED-0014,R09,경기도,동부,도시,ST-09-동,PSU-0219,2025-09-06,전화,완료,아파트,자가,9,한부모,3,3~4인,여성,31,30대,6,대학원,임시·일용근로자,취업,공공·교육,Y,5,4,70,60.0,36.0,190,0.0,45,110,345.0,4140.0,36.2,308.8,81,40,6,12,38,39,216,92.8,102.9,178.3,13.0,39.5,1.095,메모-0014: 소득 항목은 월평균 금액으로 응답
HH-2025-000015,2025,3,ED-0015,R01,서울특별시,동부,도시,ST-01-동,PSU-0256,2025-04-16,전화,완료,단독주택,전세,0,부부,2,2인,여성,32,30대,5,대학교,상용근로자,취업,공공·교육,Y,3,4,75,38.0,30.5,435,0.0,0,75,510.0,6120.0,53.5,456.5,94,58,1,2,29,20,204,252.5,228.2,322.8,12.7,31.3,1.46,메모-0015: 온라인 조사 후 전화로 일부 항목 보완
HH-2025-000016,2025,4,ED-0016,R02,부산광역시,동부,도시,ST-02-동,PSU-0293,2025-05-23,인터넷,완료,아파트,보증부월세,23,1인가구,1,1인,남성,33,30대,5,대학교,상용근로자,취업,보건·복지,Y,5,4,80,35.0,35.5,240,0.0,50,30,320.0,3840.0,33.6,286.4,69,102,7,2,24,8,212,74.4,286.4,286.4,35.6,32.7,1.825,메모-0016: 교육비와 보건비 영수증을 참고해 응답
HH-2025-000017,2025,1,ED-0017,R01,서울특별시,동부,도시,ST-01-동,PSU-0030,2025-06-29,인터넷,완료,아파트,보증부월세,30,부부,2,2인,여성,34,30대,4,고등학교,상용근로자,취업,운수업,Y,4,5,85,35.5,54.5,435,0.0,25,45,505.0,6060.0,53.0,452.0,90,82,0,4,39,31,246,206.0,226.0,319.6,18.1,30.8,0.685,메모-0017: 응답자가 조사표 작성 기준을 확인함
HH-2025-000018,2025,2,ED-0018,R02,부산광역시,동부,도시,ST-02-동,PSU-0067,2025-08-05,인터넷,완료,단독주택,전세,0,1인가구,1,1인,남성,35,30대,4,고등학교,상용근로자,취업,제조업,Y,2,3,90,59.5,37.0,375,0.0,15,140,530.0,6360.0,55.6,474.4,51,81,0,2,37,39,210,264.4,474.4,474.4,17.1,37.3,1.05,"메모-0018: 생활비, 주거비 항목 재확인"
HH-2025-000019,2025,3,ED-0019,R14,전라남도,동부,도시,ST-14-동,PSU-0104,2025-09-11,전화,완료,오피스텔,자가,0,3세대,5,5인 이상,여성,36,30대,4,고등학교,상용근로자,취업,제조업,Y,5,3,95,48.5,38.5,195,0.0,60,35,290.0,3480.0,15.9,274.1,133,39,42,2,21,49,286,-11.9,54.8,122.6,14.2,36.3,1.415,메모-0019: 가구원 수 변동 내용을 면접원이 확인
HH-2025-000020,2025,4,ED-0020,R01,서울특별시,동부,도시,ST-01-동,PSU-0141,2025-04-21,인터넷,대리응답,아파트,보증부월세,21,1인가구,1,1인,남성,37,30대,4,고등학교,자영업자,취업,정보통신,Y,4,4,100,60.5,48.5,0.0,75,10,10,95.0,1140.0,5.2,89.8,62,86,1,6,31,44,230,-140.2,89.8,89.8,95.8,42.4,1.78,메모-0020: 소득 항목은 월평균 금액으로 응답
HH-2025-000021,2025,1,ED-0021,R06,대전광역시,동부,도시,ST-06-동,PSU-0178,2025-05-28,전화,완료,아파트,자가,28,부부,2,2인,남성,38,30대,5,대학교,상용근로자,취업,금융·전문서비스,Y,5,3,5,21.0,43.0,575,0.0,0,135,710.0,8520.0,120.7,589.3,74,74,0,11,26,27,212,377.3,294.6,416.7,12.6,26.7,0.64,메모-0021: 온라인 조사 후 전화로 일부 항목 보완
HH-2025-000022,2025,2,ED-0022,R01,서울특별시,동부,도시,ST-01-동,PSU-0215,2025-07-04,인터넷,완료,아파트,자가,5,1인가구,1,1인,여성,39,30대,4,고등학교,자영업자,취업,도소매·숙박,Y,4,3,5,67.0,45.5,0.0,250,30,15,295.0,3540.0,16.2,278.8,68,54,0,12,36,19,189,89.8,278.8,278.8,19.4,42.5,1.005,메모-0022: 교육비와 보건비 영수증을 참고해 응답
HH-2025-000023,2025,3,ED-0023,R09,경기도,읍부,농촌,ST-09-읍,PSU-0252,2025-08-10,전화,완료,단독주택,전세,0,1인가구,1,1인,여성,40,40대,5,대학교,상용근로자,취업,기타서비스,Y,5,4,20,9.0,40.0,425,0.0,35,95,555.0,6660.0,58.3,496.7,45,30,0,7,27,35,144,352.7,496.7,496.7,6.0,26.6,1.37,메모-0023: 응답자가 조사표 작성 기준을 확인함
HH-2025-000024,2025,4,ED-0024,R15,경상북도,동부,도시,ST-15-동,PSU-0289,2025-09-16,인터넷,완료,기타,자가,0,1인가구,1,1인,여성,41,40대,5,대학교,임시·일용근로자,취업,기타서비스,Y,5,4,15,40.0,25.0,120,0.0,10,25,155.0,1860.0,8.5,146.5,45,35,0,2,42,28,152,-5.5,146.5,146.5,23.9,35.3,1.735,"메모-0024: 생활비, 주거비 항목 재확인"
HH-2025-000025,2025,1,ED-0025,R09,경기도,면부,농촌,ST-09-면,PSU-0026,2025-04-26,인터넷,완료,단독주택,보증부월세,0,부부,2,2인,남성,42,40대,4,고등학교,상용근로자,취업,도소매·숙박,Y,5,3,5,28.5,40.5,445,0.0,0,85,530.0,6360.0,55.6,474.4,87,91,4,2,56,34,274,200.4,237.2,335.5,19.2,29.3,0.595,메모-0025: 가구원 수 변동 내용을 면접원이 확인
HH-2025-000026,2025,2,ED-0026,R10,강원특별자치도,동부,도시,ST-10-동,PSU-0063,2025-06-02,인터넷,완료,아파트,자가,3,부부+자녀,4,3~4인,여성,43,40대,5,대학교,임시·일용근로자,취업,제조업,Y,3,4,35,19.5,43.0,200,0.0,25,55,280.0,3360.0,15.4,264.6,112,40,15,2,18,50,237,27.6,66.2,132.3,15.1,30.4,0.96,메모-0026: 소득 항목은 월평균 금액으로 응답
HH-2025-000027,2025,3,ED-0027,R15,경상북도,동부,도시,ST-15-동,PSU-0100,2025-07-09,인터넷,부분응답,아파트,보증부월세,10,1인가구,1,1인,남성,44,40대,3,중학교,자영업자,취업,제조업,Y,4,3,20,44.5,39.0,0.0,250,10,0,260.0,3120.0,14.3,245.7,54,83,0,11,23,18,189,56.7,245.7,245.7,33.8,35.4,1.325,메모-0027: 온라인 조사 후 전화로 일부 항목 보완
HH-2025-000028,2025,4,ED-0028,R01,서울특별시,읍부,농촌,ST-01-읍,PSU-0137,2025-08-15,인터넷,완료,단독주택,자가,0,부부+자녀,4,3~4인,여성,45,40대,4,고등학교,비경제활동,비경제활동,,Y,5,4,5,,,0.0,0.0,45,55,100.0,1200.0,5.5,94.5,114,42,37,8,19,50,270,-175.5,23.6,47.2,44.4,31.4,1.69,메모-0028: 교육비와 보건비 영수증을 참고해 응답
HH-2025-000029,2025,1,ED-0029,R10,강원특별자치도,동부,도시,ST-10-동,PSU-0174,2025-09-21,인터넷,완료,아파트,자가,24,1인가구,1,1인,남성,46,40대,3,중학교,임시·일용근로자,취업,건설업,Y,5,4,10,53.0,45.0,115,0.0,25,115,255.0,3060.0,14.0,241.0,57,56,10,2,37,33,195,46.0,241.0,241.0,23.2,37.9,0.55,메모-0029: 응답자가 조사표 작성 기준을 확인함
HH-2025-000030,2025,2,ED-0030,R01,서울특별시,읍부,농촌,ST-01-읍,PSU-0211,2025-05-01,방문면접,완료,단독주택,자가,0,1인가구,1,1인,여성,47,40대,6,대학원,상용근로자,취업,공공·교육,Y,4,4,30,11.5,37.0,440,0.0,5,40,485.0,5820.0,50.9,434.1,54,23,0,7,32,22,138,296.1,434.1,434.1,5.3,27.5,0.915,"메모-0030: 생활비, 주거비 항목 재확인"
HH-2025-000031,2025,3,ED-0031,R01,서울특별시,면부,농촌,ST-01-면,PSU-0248,2025-06-07,인터넷,완료,기타,보증부월세,0,1인가구,1,1인,남성,48,40대,3,중학교,상용근로자,취업,기타서비스,Y,4,3,5,28.5,46.5,115,0.0,50,15,180.0,2160.0,9.9,170.1,70,68,5,2,37,29,211,-40.9,170.1,170.1,40.0,32.8,1.28,
HH-2025-000032,2025,4,ED-0032,R09,경기도,동부,도시,ST-09-동,PSU-0285,2025-07-14,인터넷,완료,단독주택,자가,0,부부,2,2인,여성,49,40대,5,대학교,비경제활동,비경제활동,,Y,5,5,10,,,0.0,0.0,5,0,5.0,60.0,0.3,4.7,57,50,0,26,19,39,191,-186.3,2.4,3.3,1063.8,32.3,1.645,메모-0032: 소득 항목은 월평균 금액으로 응답
HH-2025-000033,2025,1,ED-0033,R15,경상북도,면부,농촌,ST-15-면,PSU-0022,2025-08-20,인터넷,완료,단독주택,자가,0,1인가구,1,1인,여성,50,50대,3,중학교,무급가족종사자,취업,제조업,Y,4,4,10,28.0,49.5,0.0,70,0,60,130.0,1560.0,7.2,122.8,68,43,0,2,44,22,179,-56.2,122.8,122.8,35.0,33.2,0.505,메모-0033: 온라인 조사 후 전화로 일부 항목 보완
HH-2025-000034,2025,2,ED-0034,R01,서울특별시,읍부,농촌,ST-01-읍,PSU-0059,2025-09-26,인터넷,완료,단독주택,보증부월세,0,1인가구,1,1인,여성,51,50대,4,고등학교,상용근로자,취업,보건·복지,Y,4,3,5,5.0,33.0,360,0.0,45,40,445.0,5340.0,46.7,398.3,62,77,4,11,54,23,231,167.3,398.3,398.3,19.3,27.8,0.87,메모-0034: 교육비와 보건비 영수증을 참고해 응답
HH-2025-000035,2025,3,ED-0035,R16,경상남도,동부,도시,ST-16-동,PSU-0096,2025-05-06,방문면접,완료,단독주택,자가,0,1인가구,1,1인,남성,52,50대,4,고등학교,자영업자,취업,도소매·숙박,Y,5,4,5,26.0,48.0,0.0,270,30,95,395.0,4740.0,41.5,353.5,65,58,13,6,34,29,205,148.5,353.5,353.5,16.4,30.2,1.235,메모-0035: 응답자가 조사표 작성 기준을 확인함
HH-2025-000036,2025,4,ED-0036,R09,경기도,읍부,농촌,ST-09-읍,PSU-0133,2025-06-12,전화,완료,아파트,자가,13,부부,2,2인,남성,53,50대,5,대학교,비경제활동,비경제활동,,N,5,3,5,,,0.0,0.0,20,130,150.0,1800.0,8.2,141.8,69,54,12,11,31,34,211,-69.2,70.9,100.3,38.1,30.7,1.6,"메모-0036: 생활비, 주거비 항목 재확인"
HH-2025-000037,2025,1,ED-0037,R05,광주광역시,동부,도시,ST-05-동,PSU-0170,2025-07-19,방문면접,완료,아파트,전세,20,부부+자녀,5,5인 이상,남성,54,50대,4,고등학교,비경제활동,비경제활동,,N,4,5,5,,,0.0,0.0,40,15,55.0,660.0,3.0,52.0,143,76,62,5,19,71,376,-324.0,10.4,23.3,146.2,32.1,1.965,메모-0037: 가구원 수 변동 내용을 면접원이 확인
HH-2025-000038,2025,2,ED-0038,R15,경상북도,동부,도시,ST-15-동,PSU-0207,2025-08-25,전화,완료,아파트,월세,27,부부,2,2인,남성,55,50대,5,대학교,비경제활동,비경제활동,,N,3,4,10,,,0.0,0.0,5,75,80.0,960.0,4.4,75.6,86,110,2,31,5,47,281,-205.4,37.8,53.5,145.5,31.7,0.825,메모-0038: 소득 항목은 월평균 금액으로 응답
HH-2025-000039,2025,3,ED-0039,R16,경상남도,동부,도시,ST-16-동,PSU-0244,2025-04-04,인터넷,완료,아파트,자가,4,1인가구,1,1인,여성,56,50대,4,고등학교,비경제활동,비경제활동,,Y,3,4,5,,,0.0,0.0,0,80,80.0,960.0,4.4,75.6,41,46,2,17,8,22,136,-60.4,75.6,75.6,60.8,31.4,1.19,메모-0039: 온라인 조사 후 전화로 일부 항목 보완
HH-2025-000040,2025,4,ED-0040,R02,부산광역시,동부,도시,ST-02-동,PSU-0281,2025-05-11,전화,완료,아파트,보증부월세,11,부부+자녀,3,3~4인,여성,57,50대,4,고등학교,상용근로자,취업,보건·복지,Y,4,3,10,26.5,48.0,435,0.0,0,5,440.0,5280.0,46.2,393.8,112,102,0,16,28,56,314,79.8,131.3,227.4,25.9,30.0,1.555,메모-0040: 교육비와 보건비 영수증을 참고해 응답
HH-2025-000041,2025,1,ED-0041,R11,충청북도,면부,농촌,ST-11-면,PSU-0018,2025-06-17,인터넷,완료,단독주택,자가,0,부부+자녀,4,3~4인,여성,58,50대,4,고등학교,자영업자,취업,건설업,Y,4,4,10,23.5,38.5,0.0,185,45,10,240.0,2880.0,13.2,226.8,115,28,17,22,29,51,262,-35.2,56.7,113.4,12.3,31.5,1.92,메모-0041: 응답자가 조사표 작성 기준을 확인함
HH-2025-000042,2025,2,ED-0042,R01,서울특별시,동부,도시,ST-01-동,PSU-0055,2025-07-24,인터넷,완료,아파트,자가,25,한부모,2,2인,남성,59,50대,4,고등학교,상용근로자,취업,공공·교육,Y,4,4,10,53.5,45.5,385,0.0,20,90,495.0,5940.0,52.0,443.0,65,70,0,17,35,47,234,209.0,221.5,313.2,15.8,35.7,0.78,"메모-0042: 생활비, 주거비 항목 재확인"
HH-2025-000043,2025,3,ED-0043,R01,서울특별시,읍부,농촌,ST-01-읍,PSU-0092,2025-08-30,인터넷,완료,연립·다세대,월세,0,부부+자녀,3,3~4인,남성,60,60대,3,중학교,상용근로자,취업,공공·교육,Y,2,2,30,52.0,50.0,260,0.0,30,5,295.0,3540.0,16.2,278.8,98,66,0,9,53,52,278,0.8,92.9,161.0,23.7,37.3,1.145,메모-0043: 가구원 수 변동 내용을 면접원이 확인
HH-2025-000044,2025,4,ED-0044,R02,부산광역시,동부,도시,ST-02-동,PSU-0129,2025-04-09,전화,완료,아파트,전세,9,1인가구,1,1인,남성,61,60대,3,중학교,자영업자,취업,금융·전문서비스,N,3,1,10,37.0,44.5,0.0,365,50,0,415.0,4980.0,43.6,371.4,64,74,0,19,36,28,221,150.4,371.4,371.4,19.9,32.1,1.51,메모-0044: 소득 항목은 월평균 금액으로 응답
HH-2025-000045,2025,1,ED-0045,R11,충청북도,읍부,농촌,ST-11-읍,PSU-0166,2025-05-16,전화,완료,기타,자가,0,1인가구,1,1인,여성,62,60대,4,고등학교,무급가족종사자,취업,도소매·숙박,Y,3,3,10,18.5,38.5,0.0,45,30,130,205.0,2460.0,11.3,193.7,49,40,29,26,51,42,237,-43.3,193.7,193.7,20.7,31.2,1.875,메모-0045: 온라인 조사 후 전화로 일부 항목 보완
HH-2025-000046,2025,2,ED-0046,R09,경기도,동부,도시,ST-09-동,PSU-0203,2025-06-22,전화,완료,아파트,자가,23,1인가구,1,1인,여성,63,60대,5,대학교,비경제활동,비경제활동,,Y,4,4,45,,,0.0,0.0,30,0,30.0,360.0,1.6,28.4,63,43,17,8,20,14,165,-136.6,28.4,28.4,151.4,32.0,0.735,메모-0046: 교육비와 보건비 영수증을 참고해 응답
HH-2025-000047,2025,3,ED-0047,R01,서울특별시,동부,도시,ST-01-동,PSU-0240,2025-07-29,인터넷,완료,기타,자가,0,1인가구,1,1인,남성,64,60대,5,대학교,상용근로자,취업,금융·전문서비스,Y,5,3,5,76.0,41.0,380,0.0,15,10,455.0,5460.0,42.5,362.5,67,49,0,25,25,25,191,171.5,362.5,362.5,13.5,45.4,1.1,메모-0047: 응답자가 조사표 작성 기준을 확인함
HH-2025-000048,2025,4,ED-0048,R09,경기도,면부,농촌,ST-09-면,PSU-0277,2025-09-04,전화,완료,단독주택,보증부월세,0,부부+자녀,4,3~4인,여성,65,60대,5,대학교,자영업자,취업,금융·전문서비스,N,4,4,5,26.0,36.0,0.0,150,80,25,255.0,3060.0,14.0,241.0,126,54,4,27,32,37,280,-39.0,60.2,120.5,22.4,31.7,1.465,"메모-0048: 생활비, 주거비 항목 재확인"
HH-2025-000049,2025,1,ED-0049,R09,경기도,면부,농촌,ST-09-면,PSU-0014,2025-04-14,인터넷,완료,단독주택,월세,0,3세대,7,5인 이상,남성,66,60대,4,고등학교,임시·일용근로자,취업,정보통신,Y,4,4,5,31.0,46.5,85,0.0,50,30,165.0,1980.0,9.1,155.9,171,87,7,32,50,89,436,-280.1,22.3,58.9,55.8,33.9,1.83,메모-0049: 가구원 수 변동 내용을 면접원이 확인
HH-2025-000050,2025,2,ED-0050,R01,서울특별시,동부,도시,ST-01-동,PSU-0051,2025-05-21,방문면접,완료,아파트,전세,21,1인가구,1,1인,남성,67,60대,3,중학교,비경제활동,비경제활동,,N,3,4,5,,,0.0,0.0,10,40,50.0,600.0,2.8,47.2,65,82,26,12,21,18,224,-176.8,47.2,47.2,173.7,31.9,0.69,메모-0050: 소득 항목은 월평균 금액으로 응답
HH-2025-000051,2025,3,ED-0051,R09,경기도,읍부,농촌,ST-09-읍,PSU-0088,2025-06-27,전화,완료,단독주택,자가,0,부부+자녀,3,3~4인,여성,68,60대,4,고등학교,비경제활동,비경제활동,,N,3,5,45,,,0.0,0.0,60,40,100.0,1200.0,5.5,94.5,90,33,13,36,8,40,220,-125.5,31.5,54.6,34.9,31.3,1.055,메모-0051: 온라인 조사 후 전화로 일부 항목 보완
HH-2025-000052,2025,4,ED-0052,R03,대구광역시,읍부,농촌,ST-03-읍,PSU-0125,2025-08-03,인터넷,완료,아파트,자가,5,1인가구,1,1인,여성,69,60대,5,대학교,비경제활동,비경제활동,,Y,2,3,50,,,0.0,0.0,25,30,55.0,660.0,3.0,52.0,57,23,0,13,22,19,134,-82.0,52.0,52.0,44.2,31.6,1.42,메모-0052: 교육비와 보건비 영수증을 참고해 응답
HH-2025-000053,2025,1,ED-0053,R03,대구광역시,동부,도시,ST-03-동,PSU-0162,2025-09-09,전화,완료,단독주택,전세,0,부부+자녀,3,3~4인,여성,70,70대 이상,5,대학교,비경제활동,비경제활동,,N,3,3,5,,,0.0,0.0,70,75,145.0,1740.0,8.0,137.0,95,48,9,29,10,43,384,-247.0,45.7,79.1,35.0,31.1,1.785,메모-0053: 응답자가 조사표 작성 기준을 확인함
HH-2025-000054,2025,2,ED-0054,R15,경상북도,동부,도시,ST-15-동,PSU-0199,2025-04-19,전화,대리응답,아파트,보증부월세,19,부부,2,2인,여성,71,70대 이상,3,중학교,비경제활동,비경제활동,,N,4,3,20,,,0.0,0.0,55,5,60.0,720.0,3.3,56.7,77,88,0,27,6,41,239,-182.3,28.4,40.1,155.2,31.8,0.645,"메모-0054: 생활비, 주거비 항목 재확인"
HH-2025-000055,2025,3,ED-0055,R10,강원특별자치도,읍부,농촌,ST-10-읍,PSU-0236,2025-05-26,방문면접,완료,단독주택,자가,0,부부,2,2인,남성,72,70대 이상,4,고등학교,비경제활동,비경제활동,,N,4,4,15,,,0.0,0.0,55,0,55.0,660.0,3.0,52.0,92,18,0,26,12,40,188,-136.0,26.0,36.8,34.6,31.8,1.01,메모-0055: 가구원 수 변동 내용을 면접원이 확인
HH-2025-000056,2025,4,ED-0056,R02,부산광역시,동부,도시,ST-02-동,PSU-0273,2025-07-02,전화,완료,아파트,자가,3,부부,2,2인,남성,73,70대 이상,2,초등학교,비경제활동,비경제활동,,N,1,3,5,,,0.0,0.0,70,45,115.0,1380.0,6.3,108.7,73,34,0,24,12,33,176,-67.3,54.4,76.9,31.3,31.0,1.375,메모-0056: 소득 항목은 월평균 금액으로 응답
HH-2025-000057,2025,1,ED-0057,R16,경상남도,동부,도시,ST-16-동,PSU-0010,2025-08-08,전화,완료,아파트,자가,10,1인가구,1,1인,남성,74,70대 이상,4,고등학교,무급가족종사자,취업,금융·전문서비스,N,1,3,5,33.0,48.5,0.0,60,0,0,60.0,720.0,3.3,56.7,46,71,0,35,38,31,221,-164.3,56.7,56.7,125.2,35.0,1.74,메모-0057: 온라인 조사 후 전화로 일부 항목 보완
HH-2025-000058,2025,2,ED-0058,R12,충청남도,면부,농촌,ST-12-면,PSU-0047,2025-09-14,방문면접,완료,단독주택,자가,0,1인가구,1,1인,남성,75,70대 이상,4,고등학교,임시·일용근로자,취업,보건·복지,N,3,4,10,25.5,32.5,130,0.0,70,50,250.0,3000.0,13.8,236.2,59,41,1,32,31,14,178,58.2,236.2,236.2,17.4,31.5,0.6,메모-0058: 교육비와 보건비 영수증을 참고해 응답
HH-2025-000059,2025,3,ED-0059,R04,인천광역시,동부,도시,ST-04-동,PSU-0084,2025-04-24,전화,완료,단독주택,전세,0,1인가구,1,1인,남성,76,70대 이상,5,대학교,비경제활동,비경제활동,,Y,4,4,10,,,0.0,0.0,0,85,85.0,1020.0,4.7,80.3,65,71,0,25,19,22,202,-46.7,80.3,80.3,88.4,31.4,0.965,메모-0059: 응답자가 조사표 작성 기준을 확인함
HH-2025-000060,2025,4,ED-0060,R02,부산광역시,동부,도시,ST-02-동,PSU-0121,2025-05-31,전화,완료,오피스텔,자가,0,1인가구,1,1인,남성,77,70대 이상,5,대학교,비경제활동,비경제활동,,Y,2,3,10,,,0.0,0.0,45,10,55.0,660.0,3.0,52.0,72,67,0,41,22,27,229,-177.0,52.0,52.0,128.8,31.8,1.33,"메모-0060: 생활비, 주거비 항목 재확인"
HH-2025-000061,2025,1,ED-0061,R04,인천광역시,동부,도시,ST-04-동,PSU-0158,2025-07-07,전화,완료,아파트,자가,8,3세대,5,5인 이상,여성,78,70대 이상,4,고등학교,비경제활동,비경제활동,,N,3,4,5,,,0.0,0.0,80,0,80.0,2160.0,4.4,75.6,153,48,13,35,16,49,314,-238.4,15.1,33.8,63.5,31.7,1.695,메모-0061: 가구원 수 변동 내용을 면접원이 확인
HH-2025-000062,2025,2,ED-0062,R15,경상북도,동부,도시,ST-15-동,PSU-0195,2025-08-13,인터넷,완료,아파트,자가,15,부부+자녀,4,3~4인,여성,79,70대 이상,2,초등학교,비경제활동,비경제활동,,Y,3,3,15,,,0.0,0.0,115,10,125.0,1500.0,6.9,118.1,129,21,0,32,15,55,252,-133.9,29.5,59.0,17.8,31.1,0.555,
HH-2025-000063,2025,3,ED-0063,R06,대전광역시,읍부,농촌,ST-06-읍,PSU-0232,2025-09-19,방문면접,완료,단독주택,월세,0,부부,2,2인,여성,80,70대 이상,2,초등학교,비경제활동,비경제활동,,N,2,2,10,,,0.0,0.0,35,5,40.0,480.0,2.2,37.8,79,92,2,41,16,33,263,-225.2,18.9,26.7,243.4,32.1,0.92,메모-0063: 온라인 조사 후 전화로 일부 항목 보완
HH-2025-000064,2025,4,ED-0064,R02,부산광역시,동부,도시,ST-02-동,PSU-0269,2025-04-29,방문면접,완료,연립·다세대,자가,0,부부,2,2인,남성,81,70대 이상,5,대학교,비경제활동,비경제활동,,N,1,2,15,,,0.0,0.0,45,100,145.0,1740.0,8.0,137.0,99,68,0,42,7,53,269,-132.0,68.5,96.9,49.6,30.9,1.285,메모-0064: 교육비와 보건비 영수증을 참고해 응답
HH-2025-000065,2025,1,ED-0065,R09,경기도,동부,도시,ST-09-동,PSU-0006,2025-06-05,인터넷,완료,연립·다세대,자가,0,1인가구,1,1인,남성,82,70대 이상,3,중학교,무급가족종사자,취업,금융·전문서비스,Y,2,3,5,58.5,59.5,0.0,125,65,60,250.0,3000.0,13.8,236.2,39,41,0,23,28,24,155,81.2,236.2,236.2,17.4,39.7,1.65,메모-0065: 응답자가 조사표 작성 기준을 확인함
HH-2025-000066,2025,2,ED-0066,R05,광주광역시,읍부,농촌,ST-05-읍,PSU-0043,2025-07-12,방문면접,완료,연립·다세대,전세,0,부부,2,2인,여성,83,70대 이상,2,초등학교,비경제활동,비경제활동,,N,1,3,20,,,0.0,0.0,85,70,155.0,1860.0,8.5,146.5,55,48,16,21,11,41,192,-45.5,73.2,103.6,32.8,30.6,0.51,"메모-0066: 생활비, 주거비 항목 재확인"
HH-2025-000067,2025,3,ED-0067,R01,서울특별시,동부,도시,ST-01-동,PSU-0080,2025-08-18,방문면접,완료,연립·다세대,자가,0,1인가구,1,2인,남성,84,70대 이상,3,중학교,비경제활동,비경제활동,,N,1,1,5,,,0.0,0.0,40,100,140.0,1680.0,7.7,132.3,43,63,25,25,25,26,207,-74.7,132.3,132.3,47.6,55.8,0.875,메모-0067: 가구원 수 변동 내용을 면접원이 확인
HH-2025-000068,2025,4,ED-0068,R01,서울특별시,동부,도시,ST-01-동,PSU-0117,2025-09-24,방문면접,완료,단독주택,보증부월세,0,1인가구,1,1인,남성,85,70대 이상,4,고등학교,비경제활동,비경제활동,,Y,2,3,15,,,0.0,0.0,70,20,90.0,1080.0,5.0,85.0,44,78,0,40,4,16,182,-97.0,85.0,85.0,91.8,31.3,1.24,메모-0068: 소득 항목은 월평균 금액으로 응답
HH-2025-000069,2025,1,ED-0069,R11,충청북도,동부,도시,ST-11-동,PSU-0154,2025-05-04,전화,완료,아파트,자가,4,1인가구,1,1인,남성,86,70대 이상,2,초등학교,자영업자,취업,제조업,N,2,3,5,54.5,56.5,0.0,275,40,105,420.0,5040.0,44.1,375.9,54,45,22,33,38,15,207,168.9,375.9,375.9,12.0,36.8,1.605,메모-0069: 온라인 조사 후 전화로 일부 항목 보완
HH-2025-000070,2025,2,ED-0070,R10,강원특별자치도,동부,도시,ST-10-동,PSU-0191,2025-06-10,방문면접,완료,아파트,자가,11,1인가구,1,1인,여성,87,70대 이상,2,초등학교,비경제활동,비경제활동,,N,3,4,10,,,0.0,0.0,45,65,110.0,1320.0,6.0,104.0,47,60,0,23,25,36,191,-87.0,104.0,104.0,57.7,31.1,1.97,메모-0070: 교육비와 보건비 영수증을 참고해 응답
HH-2025-000071,2025,3,ED-0071,R09,강원특별자치도,동부,도시,ST-09-동,PSU-0228,2025-07-17,전화,완료,연립·다세대,자가,0,1인가구,1,1인,남성,88,70대 이상,4,고등학교,비경제활동,비경제활동,,N,1,3,10,,,0.0,0.0,115,0,115.0,1380.0,6.3,108.7,46,46,0,24,17,20,153,-44.3,108.7,358.7,42.3,31.0,0.83,메모-0071: 응답자가 조사표 작성 기준을 확인함
HH-2025-000072,2025,4,ED-0072,R09,경기도,면부,농촌,ST-09-면,PSU-0265,2025-08-23,전화,완료,단독주택,자가,0,한부모,4,3~4인,여성,89,70대 이상,2,초등학교,자영업자,취업,제조업,N,1,3,10,41.5,46.5,0.0,340,100,100,540.0,6480.0,56.7,483.3,125,56,3,40,42,48,314,169.3,120.8,241.7,11.6,32.0,1.195,"메모-0072: 생활비, 주거비 항목 재확인"
HH-2025-000073,2025,1,ED-0073,R01,서울특별시,동부,도시,ST-01-동,PSU-0002,2025-04-02,인터넷,완료,아파트,자가,2,3세대,5,5인 이상,남성,53,50대,4,대학교,임시·일용근로자,취업,도소매·숙박,Y,5,4,15,39.5,34.5,310,0.0,40,10,360.0,4320.0,37.8,322.2,124,23,35,15,39,39,275,47.2,64.4,144.1,27.1,33.4,1.56,메모-0073: 가구원 수 변동 내용을 면접원이 확인
HH-2025-000074,2025,2,ED-0074,R09,경기도,동부,도시,ST-09-동,PSU-0039,2025-05-09,전화,완료,연립·다세대,자가,0,1인가구,1,1인,여성,74,70대 이상,2,초등학교,비경제활동,비경제활동,,Y,4,4,5,,,0.0,0.0,35,40,75.0,900.0,4.1,70.9,58,64,10,28,10,40,210,-139.1,70.9,70.9,90.3,31.6,1.925,메모-0074: 소득 항목은 월평균 금액으로 응답
HH-2025-000075,2025,3,ED-0075,R09,경기도,면부,농촌,ST-09-면,PSU-0076,2025-06-15,방문면접,완료,아파트,자가,16,부부+자녀,5,5인 이상,남성,80,70대 이상,3,중학교,비경제활동,비경제활동,,N,1,2,5,,,0.0,0.0,90,55,145.0,1740.0,8.0,137.0,146,29,17,31,32,77,332,-195.0,27.4,61.3,21.2,31.0,0.785,메모-0075: 온라인 조사 후 전화로 일부 항목 보완
HH-2025-000076,2025,4,ED-0076,R01,서울특별시,동부,도시,ST-01-동,PSU-0113,2025-07-22,인터넷,완료,아파트,전세,23,부부+자녀,3,3~4인,여성,32,30대,5,대학교,실업자,실업,,Y,4,4,5,,,0.0,0.0,35,0,35.0,420.0,1.9,33.1,90,49,3,13,18,25,198,-164.9,11.0,19.1,148.0,32.0,1.15,메모-0076: 교육비와 보건비 영수증을 참고해 응답
HH-2025-000077,2025,1,ED-0077,R12,충청남도,동부,도시,ST-12-동,PSU-0150,2025-08-28,전화,완료,아파트,자가,30,부부+자녀,4,3~4인,여성,68,60대,4,고등학교,비경제활동,비경제활동,,N,3,3,5,,,0.0,0.0,85,15,100.0,1200.0,5.5,94.5,109,51,12,28,11,52,263,-168.5,23.6,47.2,54.0,31.4,1.515,메모-0077: 응답자가 조사표 작성 기준을 확인함
HH-2025-000078,2025,2,ED-0078,R17,제주특별자치도,동부,도시,ST-17-동,PSU-0187,2025-04-07,인터넷,대리응답,단독주택,자가,0,부부+자녀,4,3~4인,여성,45,40대,4,고등학교,상용근로자,취업,건설업,Y,4,3,10,30.5,38.0,375,0.0,50,90,515.0,6180.0,54.1,460.9,122,66,32,26,38,47,331,129.9,115.2,230.4,14.3,29.9,1.88,"메모-0078: 생활비, 주거비 항목 재확인"
HH-2025-000079,2025,3,ED-0079,R09,경기도,동부,도시,ST-09-동,PSU-0224,2025-05-14,인터넷,완료,아파트,전세,14,1인가구,1,1인,남성,49,50대,6,대학원,상용근로자,취업,도소매·숙박,Y,5,5,5,74.5,37.0,545,0.0,10,40,595.0,7140.0,62.5,532.5,87,58,7,12,41,29,234,298.5,532.5,532.5,10.9,42.7,0.74,메모-0079: 가구원 수 변동 내용을 면접원이 확인
HH-2025-000080,2025,4,ED-0080,R12,충청남도,읍부,농촌,ST-12-읍,PSU-0261,2025-06-20,전화,완료,단독주택,자가,0,1인가구,1,1인,남성,59,50대,4,고등학교,상용근로자,취업,보건·복지,Y,4,3,5,42.0,48.0,355,0.0,30,85,470.0,5640.0,49.4,420.6,76,39,0,35,40,48,238,182.6,420.6,420.6,9.3,32.7,1.105,메모-0080: 소득 항목은 월평균 금액으로 응답
HH-2025-000081,2025,1,ED-0081,R09,경기도,동부,도시,ST-09-동,PSU-0298,2025-07-27,인터넷,완료,아파트,보증부월세,28,부부,2,2인,남성,45,40대,4,고등학교,임시·일용근로자,취업,도소매·숙박,Y,3,3,10,78.5,46.0,160,0.0,25,140,325.0,3900.0,34.1,290.9,90,92,0,20,24,26,252,38.9,145.4,205.7,31.6,47.5,1.47,메모-0081: 온라인 조사 후 전화로 일부 항목 보완
HH-2025-000082,2025,2,ED-0082,R06,대전광역시,동부,도시,ST-06-동,PSU-0035,2025-09-02,인터넷,완료,아파트,자가,5,부부,2,2인,남성,31,30대,6,대학원,임시·일용근로자,취업,도소매·숙박,Y,5,2,25,19.5,49.0,225,0.0,35,115,375.0,4500.0,39.4,335.6,79,40,0,2,38,24,183,152.6,167.8,237.3,11.9,29.5,1.835,메모-0082: 교육비와 보건비 영수증을 참고해 응답
HH-2025-000083,2025,3,ED-0083,R01,서울특별시,읍부,도시,ST-01-읍,PSU-0072,2025-04-12,전화,완료,단독주택,보증부월세,0,부부+자녀,4,3~4인,남성,38,30대,4,고등학교,비경제활동,비경제활동,,Y,5,3,10,,,0.0,0.0,45,130,175.0,2100.0,9.6,165.4,125,65,16,2,16,25,249,-83.6,41.4,82.7,39.3,30.5,0.695,메모-0083: 응답자가 조사표 작성 기준을 확인함
HH-2025-000084,2025,4,ED-0084,R03,대구광역시,동부,도시,ST-03-동,PSU-0109,2025-05-19,인터넷,완료,아파트,보증부월세,19,부부+자녀,4,3~4인,여성,46,40대,5,대학교,자영업자,취업,운수업,Y,4,4,15,11.5,47.0,0.0,635,60,25,720.0,8640.0,122.4,597.6,124,99,23,9,35,40,330,267.6,149.4,298.8,16.6,25.9,1.06,"메모-0084: 생활비, 주거비 항목 재확인"
HH-2025-000085,2025,1,ED-0085,R01,서울특별시,동부,도시,ST-01-동,PSU-0146,2025-06-25,인터넷,완료,아파트,자가,26,1인가구,1,1인,여성,18,20대 이하,5,대학교,상용근로자,취업,운수업,Y,4,3,40,56.0,42.5,315,0.0,0,65,380.0,4560.0,39.9,340.1,41,50,0,4,25,14,134,206.1,340.1,340.1,14.7,37.6,1.425,메모-0085: 가구원 수 변동 내용을 면접원이 확인
HH-2025-000086,2025,2,ED-0086,R15,경상북도,동부,도시,ST-15-동,PSU-0183,2025-08-01,인터넷,완료,아파트,자가,3,1인가구,1,1인,남성,89,70대 이상,4,고등학교,비경제활동,비경제활동,,Y,1,4,5,,,0.0,0.0,55,0,55.0,660.0,3.0,52.0,65,65,9,38,5,35,217,-165.0,52.0,52.0,125.0,31.8,1.79,메모-0086: 소득 항목은 월평균 금액으로 응답
HH-2025-000087,2025,3,ED-0087,R13,전북특별자치도,동부,도시,ST-13-동,PSU-0220,2025-09-07,인터넷,완료,아파트,자가,10,부부+자녀,4,3~4인,여성,36,30대,5,대학교,상용근로자,취업,건설업,Y,5,5,20,28.5,33.5,560,0.0,35,0,595.0,7140.0,62.5,532.5,121,49,36,8,31,63,308,224.5,133.1,266.2,9.2,28.7,0.65,메모-0087: 온라인 조사 후 전화로 일부 항목 보완
HH-2025-000088,2025,4,ED-0088,R09,경기도,면부,농촌,ST-09-면,PSU-0257,2025-04-17,인터넷,완료,연립·다세대,전세,0,3세대,6,5인 이상,여성,38,30대,5,대학교,비경제활동,비경제활동,,Y,5,4,10,,,0.0,0.0,5,140,145.0,1740.0,8.0,137.0,157,38,72,3,31,66,367,-230.0,22.8,55.9,27.7,31.1,1.015,메모-0088: 교육비와 보건비 영수증을 참고해 응답
HH-2025-000089,2025,1,ED-0089,R01,서울특별시,동부,도시,ST-01-동,PSU-0294,2025-05-24,인터넷,완료,오피스텔,자가,0,1인가구,1,1인,남성,52,50대,5,대학교,상용근로자,실업,농림어업,Y,4,3,5,31.0,39.0,470,0.0,10,110,590.0,7080.0,61.9,528.1,45,56,0,8,30,15,154,374.1,528.1,528.1,10.6,28.9,1.38,메모-0089: 응답자가 조사표 작성 기준을 확인함
HH-2025-000090,2025,2,ED-0090,R02,부산광역시,동부,도시,ST-02-동,PSU-0031,2025-06-30,방문면접,완료,단독주택,자가,0,1인가구,1,1인,여성,66,60대,4,고등학교,비경제활동,비경제활동,,N,3,4,25,,,0.0,0.0,0,75,75.0,900.0,4.1,70.9,52,41,3,2,21,19,138,-67.1,70.9,70.9,57.8,31.4,1.745,"메모-0090: 생활비, 주거비 항목 재확인"
HH-2025-000091,2025,3,ED-0091,R09,경기도,동부,도시,ST-09-동,PSU-0068,2025-08-06,방문면접,완료,아파트,자가,8,한부모,3,3~4인,남성,84,70대 이상,1,무학,비경제활동,비경제활동,,Y,1,3,15,,,0.0,0.0,65,25,90.0,1080.0,5.0,85.0,103,71,15,31,9,46,275,-190.0,28.3,49.1,83.5,31.5,0.605,메모-0091: 가구원 수 변동 내용을 면접원이 확인
HH-2025-000092,2025,4,ED-0092,R06,대전광역시,동부,도시,ST-06-동,PSU-0105,2025-09-12,인터넷,완료,아파트,보증부월세,15,1인가구,1,1인,여성,83,70대 이상,2,초등학교,비경제활동,비경제활동,,Y,1,4,5,,,0.0,0.0,25,0,25.0,300.0,1.4,23.6,60,82,4,35,23,30,234,-210.4,23.6,23.6,347.5,32.2,0.97,메모-0092: 소득 항목은 월평균 금액으로 응답
HH-2025-000093,2025,1,ED-0093,R11,충청북도,면부,농촌,ST-11-면,PSU-0142,2025-04-22,전화,완료,단독주택,무상,0,1인가구,1,1인,남성,49,40대,5,대학교,상용근로자,취업,보건·복지,Y,5,4,10,19.5,41.0,545,0.0,40,60,645.0,7740.0,109.7,535.3,63,8,2,15,42,11,141,394.3,535.3,535.3,1.5,27.0,1.335,
HH-2025-000094,2025,2,ED-0094,R16,경상남도,면부,농촌,ST-16-면,PSU-0179,2025-05-29,인터넷,완료,단독주택,자가,0,부부+자녀,3,3~4인,여성,37,30대,5,대학교,임시·일용근로자,취업,금융·전문서비스,Y,5,3,15,44.0,34.5,145,0.0,5,0,200.0,2400.0,8.2,141.8,73,49,32,2,48,26,230,-88.2,47.3,81.9,34.6,36.6,1.7,메모-0094: 교육비와 보건비 영수증을 참고해 응답
HH-2025-000095,2025,3,ED-0095,R09,경기도,동부,도시,ST-09-동,PSU-0216,2025-07-05,전화,완료,아파트,월세,6,1인가구,1,1인,남성,76,70대 이상,4,고등학교,임시·일용근로자,취업,제조업,N,3,3,5,17.0,43.0,195,0.0,65,15,275.0,3300.0,15.1,259.9,61,90,0,40,18,8,217,42.9,259.9,259.9,34.6,30.2,0.56,메모-0095: 응답자가 조사표 작성 기준을 확인함
HH-2025-000096,2025,4,ED-0096,R17,제주특별자치도,면부,농촌,ST-17-면,PSU-0253,2025-08-11,인터넷,완료,아파트,자가,13,부부,2,2인,남성,48,40대,5,대학교,비경제활동,비경제활동,,Y,5,3,5,,,0.0,0.0,40,75,115.0,1380.0,6.3,108.7,84,10,0,8,32,38,172,-63.3,54.4,76.9,9.2,31.0,0.925,"메모-0096: 생활비, 주거비 항목 재확인"
HH-2025-000097,2025,1,ED-0097,R05,광주광역시,동부,도시,ST-05-동,PSU-0290,2025-09-17,방문면접,완료,오피스텔,자가,0,부부+자녀,5,5인 이상,남성,52,50대,6,대학원,상용근로자,취업,제조업,Y,5,3,15,47.5,38.0,455,0.0,50,0,505.0,6060.0,53.0,452.0,133,65,56,16,31,76,377,75.0,90.4,202.1,14.4,34.1,1.29,메모-0097: 가구원 수 변동 내용을 면접원이 확인
HH-2025-000098,2025,2,ED-0098,R09,경기도,읍부,농촌,ST-09-읍,PSU-0027,2025-04-27,방문면접,완료,아파트,보증부월세,27,3세대,5,5인 이상,여성,63,60대,5,대학교,무급가족종사자,취업,농림어업,N,4,4,5,12.0,56.0,0.0,80,55,70,205.0,2460.0,11.3,193.7,122,77,23,26,32,58,338,-144.3,38.7,86.6,39.8,30.8,1.655,메모-0098: 소득 항목은 월평균 금액으로 응답
HH-2025-000099,2025,3,ED-0099,R09,경기도,면부,농촌,ST-09-면,PSU-0064,2025-06-03,인터넷,부분응답,단독주택,자가,0,1인가구,1,1인,여성,55,50대,2,초등학교,자영업자,취업,금융·전문서비스,Y,4,4,15,31.0,58.5,0.0,40,30,95,165.0,1980.0,9.1,155.9,52,8,0,16,40,27,143,12.9,155.9,155.9,5.1,33.3,0.515,메모-0099: 온라인 조사 후 전화로 일부 항목 보완
HH-2025-000100,2025,4,ED-0100,R02,부산광역시,동부,도시,ST-02-동,PSU-0101,2025-07-10,인터넷,부분응답,아파트,보증부월세,11,부부+자녀,3,3~4인,남성,60,60대,3,중학교,임시·일용근로자,취업,기타서비스,Y,4,3,10,72.5,33.0,160,0.0,5,55,220.0,2640.0,12.1,207.9,99,87,15,6,37,39,283,-75.1,69.3,120.0,41.8,45.8,0.88,메모-0100: 교육비와 보건비 영수증을 참고해 응답
HH-2025-000101,2025,1,ED-0101,R09,경기도,동부,도시,ST-09-동,PSU-0138,2025-08-16,인터넷,완료,아파트,자가,18,1인가구,1,1인,남성,75,70대 이상,1,무학,무급가족종사자,취업,기타서비스,Y,3,2,5,56.0,54.5,0.0,90,65,70,225.0,2700.0,12.4,212.6,50,29,0,28,29,22,158,54.6,212.6,212.6,13.6,39.2,1.245,메모-0101: 응답자가 조사표 작성 기준을 확인함
HH-2025-000102,2025,2,ED-0102,R12,충청남도,동부,도시,ST-12-동,PSU-0175,2025-09-22,전화,완료,아파트,보증부월세,25,부부,2,2인,여성,38,30대,4,고등학교,상용근로자,취업,도소매·숙박,Y,5,2,5,74.0,42.0,310,0.0,35,15,360.0,4320.0,37.8,322.2,92,89,0,2,39,53,275,47.2,161.1,227.8,27.6,45.1,1.61,"메모-0102: 생활비, 주거비 항목 재확인"
HH-2025-000103,2025,3,ED-0103,R02,부산광역시,동부,도시,ST-02-동,PSU-0212,2025-05-02,인터넷,완료,아파트,월세,2,부부,2,2인,여성,63,60대,3,중학교,자영업자,취업,도소매·숙박,Y,4,4,20,28.5,49.5,0.0,95,10,5,110.0,1320.0,6.0,104.0,61,104,4,21,34,14,238,-134.0,52.0,73.5,100.0,33.7,1.975,메모-0103: 가구원 수 변동 내용을 면접원이 확인
HH-2025-000104,2025,4,ED-0104,R02,부산광역시,동부,도시,ST-02-동,PSU-0249,2025-06-08,인터넷,완료,아파트,보증부월세,9,1인가구,1,1인,여성,42,40대,6,대학원,상용근로자,취업,기타서비스,Y,4,3,5,24.0,44.0,435,0.0,10,35,480.0,5760.0,50.4,429.6,43,104,1,12,44,30,234,195.6,429.6,429.6,24.2,29.0,0.835,메모-0104: 소득 항목은 월평균 금액으로 응답
HH-2025-000105,2025,1,ED-0105,R10,강원특별자치도,동부,도시,ST-10-동,PSU-0286,2025-07-15,인터넷,완료,아파트,자가,16,부부,2,2인,여성,55,50대,6,대학원,무급가족종사자,취업,보건·복지,Y,4,4,5,28.0,48.5,0.0,105,0,40,145.0,1740.0,8.0,137.0,77,32,3,12,30,30,184,-47.0,68.5,96.9,23.4,33.1,1.2,메모-0105: 온라인 조사 후 전화로 일부 항목 보완
HH-2025-000106,2025,2,ED-0106,R01,서울특별시,동부,도시,ST-01-동,PSU-0023,2025-08-21,방문면접,완료,아파트,전세,23,부부+자녀,3,3~4인,남성,59,50대,4,고등학교,상용근로자,취업,기타서비스,N,4,2,5,26.0,38.0,335,0.0,30,95,460.0,5520.0,48.3,411.7,93,56,11,12,25,30,377,34.7,137.2,237.7,13.6,29.8,1.565,메모-0106: 교육비와 보건비 영수증을 참고해 응답
HH-2025-000107,2025,3,ED-0107,R03,대구광역시,동부,도시,ST-03-동,PSU-0060,2025-09-27,전화,완료,단독주택,자가,0,한부모,4,3~4인,남성,46,40대,4,고등학교,비경제활동,비경제활동,,Y,4,4,15,,,0.0,0.0,0,100,100.0,1200.0,5.5,94.5,118,45,26,2,33,37,261,-166.5,23.6,47.2,47.6,31.4,1.93,메모-0107: 응답자가 조사표 작성 기준을 확인함
HH-2025-000108,2025,4,ED-0108,R02,부산광역시,동부,도시,ST-02-동,PSU-0097,2025-05-07,방문면접,완료,아파트,보증부월세,7,부부+자녀,4,3~4인,여성,68,60대,3,중학교,자영업자,취업,건설업,Y,3,2,5,70.5,44.0,0.0,40,25,140,205.0,2460.0,11.3,193.7,100,74,8,14,39,57,292,-98.3,48.4,96.8,38.2,45.2,0.79,"메모-0108: 생활비, 주거비 항목 재확인"
HH-2025-000109,2025,1,ED-0109,R06,대전광역시,동부,도시,ST-06-동,PSU-0134,2025-06-13,인터넷,완료,아파트,자가,14,부부,2,2인,여성,50,50대,6,대학원,임시·일용근로자,취업,금융·전문서비스,Y,5,4,5,38.0,44.5,260,0.0,5,15,280.0,3360.0,15.4,264.6,71,67,0,13,34,35,220,44.6,132.3,187.1,25.3,33.6,1.155,메모-0109: 가구원 수 변동 내용을 면접원이 확인
HH-2025-000110,2025,2,ED-0110,R13,전북특별자치도,면부,농촌,ST-13-면,PSU-0171,2025-07-20,인터넷,완료,연립·다세대,자가,0,부부,2,2인,남성,39,30대,4,고등학교,자영업자,취업,보건·복지,Y,4,3,25,28.5,41.5,0.0,585,45,25,655.0,7860.0,111.4,543.6,77,36,10,19,18,27,187,356.6,271.8,384.4,6.6,28.3,1.52,메모-0110: 소득 항목은 월평균 금액으로 응답
HH-2025-000111,2025,3,ED-0111,R11,충청북도,동부,도시,ST-11-동,PSU-0208,2025-08-26,방문면접,완료,아파트,자가,28,부부,2,2인,여성,67,60대,4,고등학교,비경제활동,비경제활동,,N,2,4,15,,,0.0,0.0,15,85,100.0,1200.0,5.5,94.5,91,68,0,44,9,36,248,-153.5,47.2,66.8,72.0,31.4,1.885,메모-0111: 온라인 조사 후 전화로 일부 항목 보완
HH-2025-000112,2025,4,ED-0112,R01,서울특별시,동부,도시,ST-01-동,PSU-0245,2025-04-05,인터넷,완료,아파트,전세,5,부부+자녀,4,3~4인,여성,53,50대,4,고등학교,상용근로자,취업,도소매·숙박,Y,4,5,5,23.5,43.0,340,0.0,60,115,515.0,6180.0,54.1,460.9,107,56,36,19,25,29,272,188.9,115.2,230.4,12.2,28.7,0.745,메모-0112: 교육비와 보건비 영수증을 참고해 응답
HH-2025-000113,2025,1,ED-0113,R01,서울특별시,동부,도시,ST-01-동,PSU-0282,2025-05-12,전화,완료,아파트,자가,12,한부모,2,2인,여성,40,40대,4,고등학교,임시·일용근로자,취업,건설업,Y,4,3,10,50.0,36.0,130,0.0,0,130,260.0,3120.0,14.3,245.7,79,56,0,16,35,16,202,43.7,122.8,173.7,22.8,37.0,1.11,메모-0113: 응답자가 조사표 작성 기준을 확인함
HH-2025-000114,2025,2,ED-0114,R06,대전광역시,동부,도시,ST-06-동,PSU-0019,2025-06-18,전화,완료,아파트,자가,19,부부,2,2인,남성,52,50대,4,고등학교,임시·일용근로자,취업,농림어업,Y,4,4,5,14.5,41.0,130,0.0,0,30,160.0,1920.0,8.8,151.2,79,86,16,12,36,28,257,-105.8,75.6,106.9,56.9,31.3,1.475,"메모-0114: 생활비, 주거비 항목 재확인"
HH-2025-000115,2025,3,ED-0115,R09,경기도,동부,도시,ST-09-동,PSU-0056,2025-07-25,인터넷,완료,아파트,보증부월세,26,부부,2,2인,여성,34,30대,5,대학교,비경제활동,비경제활동,,Y,5,4,5,,,0.0,0.0,25,20,45.0,540.0,2.5,42.5,72,90,0,12,26,61,261,-218.5,21.2,30.1,211.8,32.0,1.84,메모-0115: 가구원 수 변동 내용을 면접원이 확인
HH-2025-000116,2025,4,ED-0116,R09,경기도,동부,도시,ST-09-동,PSU-0093,2025-08-31,인터넷,대리응답,아파트,자가,3,부부,2,2인,여성,47,40대,4,고등학교,상용근로자,취업,기타서비스,Y,3,3,15,60.5,42.0,185,0.0,30,0,215.0,2580.0,11.8,203.2,89,66,0,22,29,36,242,-38.8,101.6,143.7,32.5,41.0,0.7,메모-0116: 소득 항목은 월평균 금액으로 응답
HH-2025-000117,2025,1,ED-0117,R09,경기도,동부,도시,ST-09-동,PSU-0130,2025-04-10,인터넷,부분응답,오피스텔,전세,0,1인가구,1,1인,남성,44,40대,4,고등학교,비경제활동,비경제활동,,Y,5,3,5,,,0.0,0.0,15,35,50.0,600.0,2.8,47.2,49,61,4,8,16,30,168,-120.8,47.2,47.2,129.2,31.8,1.065,메모-0117: 온라인 조사 후 전화로 일부 항목 보완
HH-2025-000118,2025,2,ED-0118,R09,경기도,면부,농촌,ST-09-면,PSU-0167,2025-05-17,전화,완료,아파트,보증부월세,17,1인가구,1,1인,여성,42,40대,5,대학교,임시·일용근로자,취업,보건·복지,Y,5,4,10,41.5,44.0,55,0.0,0,30,85.0,1020.0,4.7,80.3,56,79,0,18,36,32,221,-65.69999999999999,80.3,80.3,98.4,36.6,1.43,메모-0118: 교육비와 보건비 영수증을 참고해 응답
HH-2025-000119,2025,3,ED-0119,R02,부산광역시,동부,도시,ST-02-동,PSU-0204,2025-06-23,방문면접,완료,아파트,보증부월세,24,부부+자녀,4,3~4인,여성,55,50대,4,고등학교,상용근로자,취업,공공·교육,Y,4,4,5,41.5,31.5,315,0.0,50,20,385.0,4620.0,40.4,344.6,123,86,9,2,38,52,310,34.6,86.2,172.3,25.0,33.7,1.795,메모-0119: 응답자가 조사표 작성 기준을 확인함
HH-2025-000120,2025,4,ED-0120,R17,제주특별자치도,동부,도시,ST-17-동,PSU-0241,2025-07-30,인터넷,완료,아파트,월세,1,1인가구,1,1인,남성,77,70대 이상,2,초등학교,비경제활동,비경제활동,,Y,2,3,5,,,0.0,0.0,45,65,110.0,1320.0,6.0,104.0,64,94,0,32,3,26,219,-115.0,104.0,104.0,90.4,31.2,0.655,"메모-0120: 생활비, 주거비 항목 재확인"
HH-2025-000121,2025,1,ED-0121,R03,대구광역시,동부,도시,ST-03-동,PSU-0278,2025-09-05,방문면접,완료,오피스텔,보증부월세,0,1인가구,1,1인,여성,56,50대,4,고등학교,무급가족종사자,취업,도소매·숙박,Y,4,3,10,60.0,52.5,0.0,100,10,100,210.0,2520.0,11.6,198.4,66,92,5,8,38,33,242,-43.6,198.4,198.4,46.4,40.9,1.02,메모-0121: 가구원 수 변동 내용을 면접원이 확인
HH-2025-000122,2025,2,ED-0122,R04,인천광역시,동부,도시,ST-04-동,PSU-0015,2025-04-15,인터넷,완료,단독주택,자가,0,부부+자녀,3,3~4인,여성,34,30대,5,대학교,비경제활동,비경제활동,,Y,5,4,10,,,0.0,0.0,0,30,30.0,1560.0,1.6,28.4,97,43,28,4,5,34,211,-182.6,9.5,16.4,151.4,32.1,1.385,메모-0122: 소득 항목은 월평균 금액으로 응답
HH-2025-000123,2025,3,ED-0123,R05,광주광역시,동부,도시,ST-05-동,PSU-0052,2025-05-22,인터넷,완료,아파트,보증부월세,22,부부,2,2인,남성,51,50대,4,고등학교,상용근로자,취업,농림어업,Y,4,2,5,61.5,52.5,145,0.0,0,110,255.0,3060.0,14.0,241.0,75,110,0,9,35,17,246,-5.0,120.5,170.4,45.6,40.9,1.75,메모-0123: 온라인 조사 후 전화로 일부 항목 보완
HH-2025-000124,2025,4,ED-0124,R09,경기도,읍부,농촌,ST-09-읍,PSU-0089,2025-06-28,전화,완료,연립·다세대,전세,0,1인가구,1,1인,남성,78,70대 이상,4,고등학교,비경제활동,비경제활동,,N,2,3,20,,,0.0,0.0,80,45,125.0,1500.0,6.9,118.1,44,43,5,20,16,34,162,-43.9,118.1,118.1,36.4,30.9,0.61,
HH-2025-000125,2025,1,ED-0125,R05,광주광역시,동부,도시,ST-05-동,PSU-0126,2025-08-04,인터넷,완료,아파트,자가,6,1인가구,1,1인,여성,28,20대 이하,4,고등학교,상용근로자,취업,기타서비스,Y,4,4,20,57.0,34.5,205,0.0,0,60,265.0,3180.0,14.6,250.4,49,63,0,2,33,23,170,80.4,250.4,250.4,25.2,39.1,0.975,메모-0125: 응답자가 조사표 작성 기준을 확인함
HH-2025-000126,2025,2,ED-0126,R01,서울특별시,동부,도시,ST-01-동,PSU-0163,2025-09-10,방문면접,완료,단독주택,전세,0,부부,2,2인,여성,59,50대,3,중학교,임시·일용근로자,취업,제조업,Y,3,4,5,44.5,51.0,95,0.0,25,0,120.0,1440.0,6.6,113.4,85,102,0,24,28,16,255,-141.6,56.7,80.2,89.9,37.1,1.34,"메모-0126: 생활비, 주거비 항목 재확인"
HH-2025-000127,2025,3,ED-0127,R02,부산광역시,면부,농촌,ST-02-면,PSU-0200,2025-04-20,인터넷,완료,단독주택,자가,0,한부모,4,3~4인,여성,61,60대,4,고등학교,무급가족종사자,취업,제조업,Y,3,4,5,15.5,39.0,0.0,45,60,85,190.0,2280.0,10.4,179.6,106,59,14,7,28,40,254,-74.4,44.9,89.8,32.9,31.1,1.705,메모-0127: 가구원 수 변동 내용을 면접원이 확인
HH-2025-000128,2025,4,ED-0128,R09,경기도,읍부,농촌,ST-09-읍,PSU-0237,2025-05-27,인터넷,완료,단독주택,보증부월세,0,1인가구,1,1인,남성,28,20대 이하,5,대학교,상용근로자,취업,건설업,Y,5,5,5,31.5,32.5,600,0.0,40,90,730.0,8760.0,124.1,605.9,64,74,0,5,22,19,184,421.9,605.9,605.9,12.2,28.1,0.565,메모-0128: 소득 항목은 월평균 금액으로 응답
HH-2025-000129,2025,1,ED-0129,R09,경기도,동부,도시,ST-09-동,PSU-0274,2025-07-03,인터넷,완료,아파트,전세,4,부부+자녀,5,5인 이상,여성,48,40대,4,고등학교,상용근로자,취업,도소매·숙박,Y,4,3,15,55.5,35.0,255,0.0,60,5,320.0,3840.0,33.6,286.4,129,71,73,16,39,45,373,-86.6,57.3,128.1,24.8,38.5,0.93,메모-0129: 온라인 조사 후 전화로 일부 항목 보완
HH-2025-000130,2025,2,ED-0130,R01,서울특별시,읍부,농촌,ST-01-읍,PSU-0011,2025-08-09,전화,완료,단독주택,보증부월세,0,부부+자녀,4,3~4인,여성,73,70대 이상,2,초등학교,비경제활동,비경제활동,,Y,2,3,55,,,0.0,0.0,100,50,150.0,1800.0,8.2,141.8,117,51,0,26,37,64,295,-153.2,35.5,70.9,36.0,30.9,1.295,메모-0130: 교육비와 보건비 영수증을 참고해 응답
HH-2025-000131,2025,3,ED-0131,R02,부산광역시,읍부,농촌,ST-02-읍,PSU-0048,2025-09-15,인터넷,완료,연립·다세대,자가,0,1인가구,1,1인,여성,41,40대,3,중학교,자영업자,취업,공공·교육,Y,5,4,10,68.5,51.5,0.0,450,20,130,600.0,7200.0,102.0,498.0,57,24,25,13,40,12,171,327.0,498.0,498.0,4.8,40.4,1.66,메모-0131: 응답자가 조사표 작성 기준을 확인함
HH-2025-000132,2025,4,ED-0132,R01,서울특별시,동부,도시,ST-01-동,PSU-0085,2025-04-25,인터넷,완료,아파트,자가,25,부부+자녀,4,3~4인,여성,60,60대,6,대학원,비경제활동,비경제활동,,Y,4,3,10,,,0.0,0.0,50,90,140.0,1680.0,7.7,132.3,125,41,0,11,16,26,219,-86.7,33.1,66.2,31.0,30.9,0.52,"메모-0132: 생활비, 주거비 항목 재확인"
HH-2025-000133,2025,1,ED-0133,R09,경기도,동부,도시,ST-09-동,PSU-0122,2025-06-01,인터넷,완료,아파트,보증부월세,2,부부+자녀,5,5인 이상,여성,46,40대,5,대학교,비경제활동,비경제활동,,Y,4,3,20,,,0.0,0.0,10,105,115.0,1380.0,6.3,108.7,122,97,60,12,20,56,367,-258.3,21.7,48.6,89.2,31.4,0.885,메모-0133: 가구원 수 변동 내용을 면접원이 확인
HH-2025-000134,2025,2,ED-0134,R02,부산광역시,동부,도시,ST-02-동,PSU-0159,2025-07-08,방문면접,완료,아파트,자가,9,3세대,5,1인,여성,34,30대,4,고등학교,상용근로자,취업,공공·교육,Y,5,1,10,67.5,31.0,195,0.0,45,70,310.0,3720.0,32.5,277.5,152,49,52,19,37,37,346,-68.5,55.5,124.1,17.7,68.0,1.25,메모-0134: 소득 항목은 월평균 금액으로 응답
HH-2025-000135,2025,3,ED-0135,R09,경기도,동부,도시,ST-09-동,PSU-0196,2025-08-14,인터넷,완료,아파트,자가,16,부부+자녀,3,3~4인,남성,43,40대,5,대학교,상용근로자,취업,제조업,Y,4,3,5,50.0,43.5,410,0.0,35,30,475.0,5700.0,49.9,425.1,88,56,14,4,37,51,250,175.1,141.7,245.4,13.2,34.9,1.615,메모-0135: 온라인 조사 후 전화로 일부 항목 보완
HH-2025-000136,2025,4,ED-0136,R09,경기도,면부,농촌,ST-09-면,PSU-0233,2025-09-20,인터넷,완료,연립·다세대,보증부월세,0,기타,3,3~4인,남성,19,20대 이하,5,대학교,임시·일용근로자,취업,금융·전문서비스,Y,5,3,25,32.5,40.0,95,0.0,20,95,210.0,2520.0,11.6,198.4,90,62,0,10,41,47,250,-51.6,66.1,114.5,31.2,33.3,1.98,메모-0136: 교육비와 보건비 영수증을 참고해 응답
HH-2025-000137,2025,1,ED-0137,R09,경기도,면부,농촌,ST-09-면,PSU-0270,2025-04-30,인터넷,부분응답,단독주택,전세,0,부부+자녀,4,3~4인,남성,55,50대,5,대학교,무급가족종사자,취업,건설업,Y,4,4,10,7.0,43.0,0.0,115,45,120,280.0,3360.0,15.4,264.6,123,48,39,13,23,52,298,-33.4,66.2,132.3,18.1,29.6,0.84,메모-0137: 응답자가 조사표 작성 기준을 확인함
HH-2025-000138,2025,2,ED-0138,R02,부산광역시,동부,도시,ST-02-동,PSU-0007,2025-06-06,방문면접,완료,연립·다세대,자가,0,부부,2,2인,남성,73,70대 이상,2,초등학교,임시·일용근로자,취업,건설업,N,3,2,5,40.0,31.0,75,0.0,65,0,140.0,1680.0,7.7,132.3,77,39,4,32,29,32,213,-80.7,66.2,93.6,29.5,35.6,1.205,"메모-0138: 생활비, 주거비 항목 재확인"
HH-2025-000139,2025,3,ED-0139,R10,강원특별자치도,동부,도시,ST-10-동,PSU-0044,2025-07-13,인터넷,완료,아파트,보증부월세,14,한부모,3,3~4인,남성,29,20대 이하,4,고등학교,상용근로자,취업,보건·복지,Y,5,4,20,29.0,44.5,280,0.0,30,20,330.0,3960.0,34.6,295.4,113,79,0,7,25,44,268,27.4,98.5,170.5,26.7,31.5,1.57,메모-0139: 가구원 수 변동 내용을 면접원이 확인
HH-2025-000140,2025,4,ED-0140,R01,서울특별시,동부,도시,ST-01-동,PSU-0081,2025-08-19,전화,대리응답,연립·다세대,자가,0,1인가구,1,1인,여성,61,60대,3,중학교,자영업자,취업,정보통신,N,3,3,5,33.5,31.0,0.0,425,25,90,540.0,6480.0,56.7,483.3,59,15,14,15,30,18,151,332.3,483.3,483.3,3.1,29.9,1.935,메모-0140: 소득 항목은 월평균 금액으로 응답
HH-2025-000141,2025,1,ED-0141,R01,서울특별시,동부,도시,ST-01-동,PSU-0118,2025-09-25,인터넷,완료,오피스텔,전세,0,1인가구,1,1인,남성,51,50대,4,고등학교,상용근로자,취업,제조업,Y,4,2,15,7.5,33.5,340,0.0,55,100,545.0,6540.0,52.0,443.0,63,93,28,5,46,10,245,198.0,443.0,443.0,21.0,27.3,0.795,메모-0141: 온라인 조사 후 전화로 일부 항목 보완
HH-2025-000142,2025,2,ED-0142,R01,부산광역시,동부,도시,ST-01-동,PSU-0155,2025-05-05,방문면접,완료,아파트,자가,5,1인가구,1,1인,남성,46,40대,5,대학교,상용근로자,취업,금융·전문서비스,Y,3,3,5,46.0,30.0,360,0.0,20,100,480.0,5760.0,50.4,429.6,60,79,0,7,27,26,199,230.6,429.6,679.6,18.4,33.6,1.16,메모-0142: 교육비와 보건비 영수증을 참고해 응답
HH-2025-000143,2025,3,ED-0143,R01,서울특별시,동부,도시,ST-01-동,PSU-0192,2025-06-11,전화,완료,오피스텔,무상,0,부부+자녀,4,3~4인,남성,33,30대,4,고등학교,자영업자,취업,도소매·숙박,Y,4,4,5,14.0,39.5,0.0,470,55,125,650.0,7800.0,110.5,539.5,121,41,30,11,44,44,291,248.5,134.9,269.8,7.6,26.7,1.525,메모-0143: 응답자가 조사표 작성 기준을 확인함
HH-2025-000144,2025,4,ED-0144,R09,경기도,읍부,농촌,ST-09-읍,PSU-0229,2025-07-18,방문면접,완료,단독주택,자가,0,1인가구,1,1인,여성,83,70대 이상,4,고등학교,비경제활동,비경제활동,,N,1,3,15,,,0.0,0.0,70,130,200.0,2400.0,11.0,189.0,53,25,0,33,21,21,153,36.0,189.0,189.0,13.2,30.0,1.89,"메모-0144: 생활비, 주거비 항목 재확인"
HH-2025-000145,2025,1,ED-0145,R04,인천광역시,면부,농촌,ST-04-면,PSU-0266,2025-08-24,인터넷,완료,단독주택,전세,0,부부,2,2인,남성,74,70대 이상,4,고등학교,자영업자,취업,금융·전문서비스,Y,4,3,10,5.0,53.0,0.0,525,45,75,645.0,7740.0,109.7,535.3,56,33,0,14,47,60,210,325.3,267.6,378.5,6.2,26.1,0.75,메모-0145: 가구원 수 변동 내용을 면접원이 확인
HH-2025-000146,2025,2,ED-0146,R09,경기도,동부,도시,ST-09-동,PSU-0003,2025-04-03,방문면접,완료,아파트,보증부월세,3,부부+자녀,4,3~4인,남성,50,50대,5,대학원,비경제활동,비경제활동,,Y,3,3,40,,,0.0,0.0,10,70,80.0,960.0,4.4,75.6,110,108,34,16,19,51,338,-262.4,18.9,37.8,162.9,31.8,1.115,메모-0146: 소득 항목은 월평균 금액으로 응답
HH-2025-000147,2025,3,ED-0147,R01,서울특별시,면부,농촌,ST-01-면,PSU-0040,2025-05-10,인터넷,완료,아파트,자가,10,1인가구,1,1인,여성,55,50대,4,고등학교,상용근로자,취업,제조업,Y,3,3,30,18.0,27.0,300,0.0,10,5,315.0,3780.0,33.1,281.9,59,35,15,15,44,21,189,92.9,281.9,281.9,12.4,30.0,1.48,메모-0147: 온라인 조사 후 전화로 일부 항목 보완
HH-2025-000148,2025,4,ED-0148,R01,서울특별시,동부,도시,ST-01-동,PSU-0077,2025-06-16,인터넷,대리응답,단독주택,자가,0,부부+자녀,4,3~4인,여성,74,70대 이상,3,중학교,비경제활동,비경제활동,,Y,4,5,10,,,0.0,0.0,60,50,110.0,1320.0,6.0,104.0,114,52,5,34,15,44,264,-160.0,26.0,52.0,50.0,31.3,1.845,메모-0148: 교육비와 보건비 영수증을 참고해 응답
HH-2025-000149,2025,1,ED-0149,R01,서울특별시,동부,도시,ST-01-동,PSU-0114,2025-07-23,인터넷,완료,연립·다세대,자가,0,1인가구,1,1인,남성,22,20대 이하,5,대학교,상용근로자,취업,정보통신,Y,5,3,5,77.5,48.5,530,0.0,10,90,630.0,7560.0,107.1,522.9,59,53,0,9,51,18,190,332.9,522.9,522.9,10.1,44.1,0.705,메모-0149: 응답자가 조사표 작성 기준을 확인함
HH-2025-000150,2025,2,ED-0150,R09,경기도,동부,도시,ST-09-동,PSU-0151,2025-08-29,인터넷,완료,아파트,자가,1,1인가구,1,1인,남성,44,40대,3,중학교,상용근로자,취업,제조업,Y,4,3,5,52.0,40.0,275,0.0,35,70,380.0,4560.0,39.9,340.1,42,53,0,2,17,27,141,199.1,340.1,340.1,15.6,36.3,1.07,"메모-0150: 생활비, 주거비 항목 재확인"
HH-2025-000151,2025,3,ED-0151,R04,인천광역시,동부,도시,ST-04-동,PSU-0188,2025-04-08,방문면접,완료,아파트,자가,8,기타,6,5인 이상,여성,79,70대 이상,2,초등학교,비경제활동,비경제활동,,N,2,4,20,,,0.0,0.0,105,140,245.0,2940.0,13.5,231.5,158,47,45,29,12,64,355,-123.5,38.6,94.5,20.3,29.9,1.435,메모-0151: 가구원 수 변동 내용을 면접원이 확인
HH-2025-000152,2025,4,ED-0152,R09,경기도,면부,농촌,ST-09-면,PSU-0225,2025-05-15,전화,완료,연립·다세대,자가,0,부부+자녀,4,3~4인,남성,46,40대,6,대학원,상용근로자,취업,제조업,Y,5,3,15,5.0,34.0,595,0.0,0,50,645.0,7740.0,109.7,535.3,126,64,47,9,38,37,321,214.3,133.8,267.6,12.0,26.3,1.8,메모-0152: 소득 항목은 월평균 금액으로 응답
HH-2025-000153,2025,1,ED-0153,R09,경기도,동부,도시,ST-09-동,PSU-0262,2025-06-21,인터넷,완료,기타,무상,0,부부,2,2인,여성,33,30대,4,고등학교,상용근로자,취업,도소매·숙박,Y,4,3,15,20.5,40.5,265,0.0,15,25,305.0,3660.0,32.0,273.0,93,41,0,10,29,47,220,53.0,136.5,193.0,15.0,30.4,0.66,메모-0153: 온라인 조사 후 전화로 일부 항목 보완
HH-2025-000154,2025,2,ED-0154,R15,경상북도,동부,도시,ST-15-동,PSU-0299,2025-07-28,인터넷,완료,연립·다세대,전세,0,부부,2,2인,여성,49,40대,5,대학교,비경제활동,비경제활동,,Y,4,4,20,,,0.0,0.0,30,15,45.0,540.0,2.5,42.5,65,73,15,2,21,30,206,-163.5,21.2,30.1,171.8,31.9,1.025,메모-0154: 교육비와 보건비 영수증을 참고해 응답
HH-2025-000155,2025,3,ED-0155,R01,서울특별시,동부,도시,ST-01-동,PSU-0036,2025-09-03,인터넷,완료,아파트,자가,6,기타,4,3~4인,여성,35,30대,5,대학교,상용근로자,취업,제조업,Y,5,4,10,39.0,27.5,330,0.0,35,40,405.0,4860.0,42.5,362.5,97,59,56,11,38,49,310,52.5,90.6,181.2,16.3,32.8,1.39,
HH-2025-000156,2025,4,ED-0156,R09,경기도,읍부,농촌,ST-09-읍,PSU-0073,2025-04-13,인터넷,완료,아파트,자가,13,부부+자녀,4,3~4인,남성,65,60대,3,중학교,임시·일용근로자,취업,건설업,Y,4,4,5,39.0,40.5,180,0.0,40,85,305.0,3660.0,32.0,273.0,114,49,23,24,47,49,306,-33.0,68.2,136.5,17.9,33.9,1.755,"메모-0156: 생활비, 주거비 항목 재확인"
HH-2025-000157,2025,1,ED-0157,R07,울산광역시,동부,도시,ST-07-동,PSU-0110,2025-05-20,인터넷,완료,아파트,보증부월세,20,부부+자녀,4,3~4인,여성,51,50대,4,고등학교,상용근로자,취업,보건·복지,Y,4,3,5,49.0,52.5,425,0.0,75,20,520.0,6240.0,54.6,465.4,110,76,32,23,32,31,304,161.4,116.3,232.7,16.3,34.2,0.615,메모-0157: 가구원 수 변동 내용을 면접원이 확인
HH-2025-000158,2025,2,ED-0158,R15,경상북도,동부,도시,ST-15-동,PSU-0147,2025-06-26,방문면접,완료,아파트,자가,27,부부,2,2인,여성,83,20대 이하,4,고등학교,비경제활동,비경제활동,,N,3,4,25,,,0.0,0.0,95,80,175.0,2100.0,9.6,165.4,66,69,0,42,12,42,231,-65.6,82.7,117.0,41.7,30.5,0.98,메모-0158: 소득 항목은 월평균 금액으로 응답
HH-2025-000159,2025,3,ED-0159,R04,인천광역시,동부,도시,ST-04-동,PSU-0184,2025-08-02,전화,완료,아파트,전세,4,부부,2,2인,여성,51,50대,4,고등학교,자영업자,취업,농림어업,Y,4,2,5,54.0,45.5,0.0,40,10,15,65.0,780.0,3.6,61.4,100,66,10,15,34,42,417,-355.6,30.7,43.4,107.5,40.8,1.345,메모-0159: 온라인 조사 후 전화로 일부 항목 보완
HH-2025-000160,2025,4,ED-0160,R01,서울특별시,읍부,농촌,ST-01-읍,PSU-0221,2025-09-08,방문면접,완료,단독주택,자가,0,부부,2,2인,남성,86,70대 이상,4,고등학교,비경제활동,비경제활동,,N,4,4,15,,,0.0,0.0,75,100,175.0,2100.0,9.6,165.4,81,8,0,31,14,54,188,-22.6,82.7,117.0,4.8,30.4,1.71,메모-0160: 교육비와 보건비 영수증을 참고해 응답
HH-2025-000161,2025,1,ED-0161,R15,경상북도,동부,도시,ST-15-동,PSU-0258,2025-04-18,인터넷,완료,아파트,자가,18,부부,2,2인,여성,66,60대,4,고등학교,자영업자,취업,금융·전문서비스,N,2,3,10,17.5,49.5,0.0,115,85,40,240.0,2880.0,13.2,226.8,70,73,0,15,40,26,224,2.8,113.4,160.4,32.2,30.6,0.57,메모-0161: 응답자가 조사표 작성 기준을 확인함
HH-2025-000162,2025,2,ED-0162,R09,경기도,면부,농촌,ST-09-면,PSU-0295,2025-05-25,방문면접,완료,단독주택,보증부월세,0,부부,2,2인,여성,79,70대 이상,2,초등학교,비경제활동,비경제활동,,N,3,4,10,,,0.0,0.0,40,20,60.0,720.0,3.3,56.7,75,63,33,33,28,61,293,-236.3,28.4,40.1,111.1,31.9,0.935,"메모-0162: 생활비, 주거비 항목 재확인"
HH-2025-000163,2025,3,ED-0163,R16,경상남도,면부,농촌,ST-16-면,PSU-0032,2025-07-01,인터넷,완료,단독주택,월세,0,1인가구,1,1인,남성,37,30대,3,중학교,상용근로자,취업,건설업,Y,5,4,15,25.5,41.5,230,0.0,0,85,315.0,3780.0,33.1,281.9,45,99,20,15,30,38,247,34.9,281.9,281.9,35.1,31.1,1.3,메모-0163: 가구원 수 변동 내용을 면접원이 확인
HH-2025-000164,2025,4,ED-0164,R09,경기도,동부,도시,ST-09-동,PSU-0069,2025-08-07,인터넷,완료,아파트,월세,9,3세대,7,5인 이상,여성,54,50대,4,고등학교,무급가족종사자,취업,정보통신,Y,4,3,15,70.0,39.5,0.0,75,55,0,130.0,1560.0,7.2,122.8,175,91,99,3,40,61,469,-346.2,17.5,46.4,74.1,46.2,1.665,메모-0164: 소득 항목은 월평균 금액으로 응답
HH-2025-000165,2025,1,ED-0165,R02,부산광역시,동부,도시,ST-02-동,PSU-0106,2025-09-13,방문면접,완료,아파트,전세,16,부부,2,2인,남성,35,30대,5,대학교,임시·일용근로자,취업,공공·교육,Y,5,4,10,7.0,30.0,175,0.0,0,15,190.0,2280.0,10.4,179.6,65,46,5,7,38,22,183,-3.4,89.8,127.0,25.6,30.4,0.525,메모-0165: 온라인 조사 후 전화로 일부 항목 보완
HH-2025-000166,2025,2,ED-0166,R05,광주광역시,면부,도시,ST-05-면,PSU-0143,2025-04-23,인터넷,완료,기타,자가,0,부부+자녀,3,3~4인,남성,51,50대,6,대학원,실업자,실업,,Y,4,2,25,,,0.0,0.0,10,40,50.0,600.0,2.8,47.2,95,33,23,4,31,49,235,-187.8,15.7,27.3,69.9,31.9,0.89,메모-0166: 교육비와 보건비 영수증을 참고해 응답
HH-2025-000167,2025,3,ED-0167,R09,경기도,면부,농촌,ST-09-면,PSU-0180,2025-05-30,전화,완료,연립·다세대,자가,0,부부+자녀,5,5인 이상,여성,45,40대,5,대학교,비경제활동,비경제활동,,Y,4,4,25,,,0.0,0.0,40,0,40.0,480.0,2.2,37.8,119,61,59,16,25,64,344,-306.2,7.6,16.9,161.4,32.2,1.255,메모-0167: 응답자가 조사표 작성 기준을 확인함
HH-2025-000168,2025,4,ED-0168,R12,충청남도,면부,농촌,ST-12-면,PSU-0217,2025-07-06,방문면접,완료,아파트,자가,7,부부,2,2인,여성,49,40대,4,고등학교,상용근로자,취업,금융·전문서비스,Y,4,3,30,25.0,42.0,380,0.0,5,15,400.0,4800.0,42.0,358.0,82,41,0,9,35,34,201,157.0,179.0,253.1,11.5,30.0,1.62,"메모-0168: 생활비, 주거비 항목 재확인"
HH-2025-000169,2025,1,ED-0169,R04,인천광역시,동부,도시,ST-04-동,PSU-0254,2025-08-12,인터넷,완료,아파트,전세,14,부부+자녀,3,3~4인,남성,31,30대,5,대학교,상용근로자,취업,건설업,Y,5,4,15,46.5,34.5,360,0.0,20,150,530.0,6360.0,55.6,474.4,91,49,10,11,36,52,249,225.4,158.1,273.9,10.3,33.3,1.985,메모-0169: 가구원 수 변동 내용을 면접원이 확인
HH-2025-000170,2025,2,ED-0170,R06,대전광역시,동부,도시,ST-06-동,PSU-0291,2025-09-18,인터넷,완료,단독주택,자가,0,한부모,2,2인,여성,64,60대,5,대학교,무급가족종사자,취업,기타서비스,Y,3,2,15,39.0,50.0,0.0,40,40,55,135.0,1620.0,7.4,127.6,54,79,0,24,32,23,212,-84.4,63.8,90.2,61.9,35.5,0.845,메모-0170: 소득 항목은 월평균 금액으로 응답
HH-2025-000171,2025,3,ED-0171,R01,서울특별시,동부,도시,ST-01-동,PSU-0028,2025-04-28,전화,완료,아파트,자가,28,부부,2,2인,여성,60,60대,3,중학교,비경제활동,비경제활동,,Y,4,3,5,,,0.0,0.0,10,20,30.0,360.0,1.6,28.4,60,56,0,37,3,39,195,-166.6,14.2,20.1,197.2,32.0,1.21,메모-0171: 온라인 조사 후 전화로 일부 항목 보완
HH-2025-000172,2025,4,ED-0172,R02,부산광역시,동부,도시,ST-02-동,PSU-0065,2025-06-04,인터넷,완료,연립·다세대,자가,0,1인가구,1,1인,남성,50,50대,4,고등학교,상용근로자,취업,제조업,Y,5,4,5,61.5,43.5,350,0.0,5,30,385.0,4620.0,40.4,344.6,48,68,0,20,36,40,212,132.6,344.6,344.6,19.7,39.6,1.575,메모-0172: 교육비와 보건비 영수증을 참고해 응답
HH-2025-000173,2025,1,ED-0173,R15,경상북도,면부,농촌,ST-15-면,PSU-0102,2025-07-11,인터넷,완료,단독주택,자가,0,부부+자녀,4,3~4인,여성,49,40대,5,대학교,상용근로자,취업,기타서비스,Y,4,3,10,35.5,39.5,460,0.0,35,100,595.0,7140.0,62.5,532.5,124,51,22,23,45,55,320,212.5,133.1,266.2,9.6,30.0,1.94,메모-0173: 응답자가 조사표 작성 기준을 확인함
HH-2025-000174,2025,2,ED-0174,R01,서울특별시,동부,도시,ST-01-동,PSU-0139,2025-08-17,인터넷,완료,아파트,보증부월세,19,부부,2,2인,남성,42,40대,4,고등학교,상용근로자,취업,도소매·숙박,Y,5,4,5,32.5,38.0,160,0.0,20,130,310.0,3720.0,32.5,277.5,86,103,8,8,36,19,260,17.5,138.8,196.2,37.1,32.4,0.8,"메모-0174: 생활비, 주거비 항목 재확인"
HH-2025-000175,2025,3,ED-0175,R09,경기도,동부,도시,ST-09-동,PSU-0176,2025-09-23,전화,완료,아파트,전세,26,1인가구,1,1인,남성,55,50대,1,무학,무급가족종사자,취업,공공·교육,Y,3,2,20,66.5,47.0,0.0,60,45,15,120.0,1440.0,6.6,113.4,35,55,0,15,16,18,139,-25.6,113.4,113.4,48.5,44.2,1.165,메모-0175: 가구원 수 변동 내용을 면접원이 확인
HH-2025-000176,2025,4,ED-0176,R13,전북특별자치도,동부,도시,ST-13-동,PSU-0213,2025-05-03,인터넷,완료,아파트,자가,3,1인가구,1,1인,남성,43,40대,5,대학교,상용근로자,취업,도소매·숙박,Y,4,3,5,22.0,21.0,390,0.0,50,0,440.0,5280.0,46.2,393.8,42,72,25,5,30,31,205,188.8,393.8,393.8,18.3,29.1,1.53,메모-0176: 소득 항목은 월평균 금액으로 응답
HH-2025-000177,2025,1,ED-0177,R04,인천광역시,동부,도시,ST-04-동,PSU-0250,2025-06-09,인터넷,부분응답,아파트,자가,10,기타,6,5인 이상,여성,47,40대,4,고등학교,자영업자,취업,운수업,Y,4,4,5,31.5,44.0,0.0,280,50,55,385.0,4620.0,40.4,344.6,160,49,61,6,15,63,354,65.6,57.4,140.7,14.2,31.5,1.895,메모-0177: 온라인 조사 후 전화로 일부 항목 보완
HH-2025-000178,2025,2,ED-0178,R09,경기도,동부,도시,ST-09-동,PSU-0287,2025-07-16,인터넷,완료,아파트,자가,17,부부+자녀,4,3~4인,남성,41,40대,4,고등학교,상용근로자,실업,도소매·숙박,Y,5,4,20,48.5,31.0,380,0.0,65,10,455.0,5460.0,47.8,407.2,110,50,28,6,40,32,266,141.2,101.8,203.6,12.3,34.7,0.755,메모-0178: 교육비와 보건비 영수증을 참고해 응답
HH-2025-000179,2025,3,ED-0179,R04,인천광역시,동부,도시,ST-04-동,PSU-0024,2025-08-22,전화,완료,아파트,보증부월세,24,한부모,3,3~4인,남성,51,50대,4,고등학교,상용근로자,취업,운수업,Y,4,4,10,32.5,38.5,260,0.0,0,30,290.0,3480.0,15.9,274.1,100,77,16,21,23,50,287,-12.9,91.4,158.3,28.1,32.5,1.12,메모-0179: 응답자가 조사표 작성 기준을 확인함
HH-2025-000180,2025,4,ED-0180,R09,경기도,동부,도시,ST-09-동,PSU-0061,2025-04-01,인터넷,완료,아파트,자가,1,부부,2,2인,남성,51,50대,5,대학교,상용근로자,취업,도소매·숙박,Y,4,3,5,51.0,64.0,570,0.0,5,60,635.0,7620.0,108.0,527.0,78,54,0,11,29,41,213,314.0,263.5,372.6,10.2,33.9,1.485,"메모-0180: 생활비, 주거비 항목 재확인"
HH-2025-000181,2025,1,ED-0181,R10,강원특별자치도,면부,농촌,ST-10-면,PSU-0098,2025-05-08,방문면접,완료,아파트,자가,8,부부+자녀,4,3~4인,남성,65,60대,4,고등학교,상용근로자,취업,기타서비스,N,3,4,10,8.0,32.5,360,0.0,70,55,485.0,5820.0,50.9,434.1,126,61,33,16,30,39,305,129.1,108.5,217.1,14.1,27.6,1.85,메모-0181: 가구원 수 변동 내용을 면접원이 확인
HH-2025-000182,2025,2,ED-0182,R09,경기도,동부,도시,ST-09-동,PSU-0135,2025-06-14,방문면접,완료,연립·다세대,자가,0,1인가구,1,1인,남성,57,50대,6,대학원,자영업자,취업,제조업,Y,4,3,15,37.5,48.0,0.0,365,0,20,385.0,4620.0,40.4,344.6,51,40,0,6,47,21,165,179.6,344.6,344.6,11.6,32.4,0.71,메모-0182: 소득 항목은 월평균 금액으로 응답
HH-2025-000183,2025,3,ED-0183,R09,경기도,동부,도시,ST-09-동,PSU-0172,2025-07-21,인터넷,완료,아파트,보증부월세,22,부부+자녀,4,3~4인,남성,35,30대,4,고등학교,임시·일용근로자,취업,도소매·숙박,Y,4,3,5,75.5,49.0,125,0.0,30,90,245.0,4140.0,13.5,231.5,125,96,15,2,23,54,315,-83.5,57.9,115.8,41.5,47.0,1.075,메모-0183: 온라인 조사 후 전화로 일부 항목 보완
HH-2025-000184,2025,4,ED-0184,R12,충청남도,동부,도시,ST-12-동,PSU-0209,2025-08-27,방문면접,완료,단독주택,자가,0,1인가구,1,1인,여성,37,30대,4,고등학교,임시·일용근로자,취업,기타서비스,Y,5,3,5,21.0,41.0,75,0.0,45,90,210.0,2520.0,11.6,198.4,42,48,1,2,24,25,142,56.4,198.4,198.4,24.2,31.2,1.44,메모-0184: 교육비와 보건비 영수증을 참고해 응답
HH-2025-000185,2025,1,ED-0185,R02,부산광역시,동부,도시,ST-02-동,PSU-0246,2025-04-06,인터넷,부분응답,아파트,자가,6,부부+자녀,4,3~4인,여성,55,50대,3,중학교,상용근로자,취업,건설업,Y,3,5,25,17.0,60.0,320,0.0,50,5,375.0,4500.0,39.4,335.6,105,60,28,23,49,51,316,19.6,83.9,167.8,17.9,29.5,1.805,메모-0185: 응답자가 조사표 작성 기준을 확인함
HH-2025-000186,2025,2,ED-0186,R02,부산광역시,동부,도시,ST-02-동,PSU-0283,2025-05-13,인터넷,완료,연립·다세대,보증부월세,0,3세대,6,5인 이상,남성,39,30대,4,고등학교,실업자,실업,,Y,3,2,5,,,0.0,0.0,20,0,20.0,240.0,1.1,18.9,163,58,87,8,7,83,406,-387.1,3.1,7.7,306.9,32.6,0.665,
HH-2025-000187,2025,3,ED-0187,R07,울산광역시,동부,도시,ST-07-동,PSU-0020,2025-06-19,인터넷,완료,아파트,전세,20,부부,2,2인,여성,57,50대,4,고등학교,자영업자,취업,보건·복지,Y,3,4,20,39.0,47.0,0.0,240,25,25,290.0,3480.0,15.9,274.1,76,47,0,19,33,27,202,72.1,137.1,193.8,17.1,33.7,1.03,메모-0187: 가구원 수 변동 내용을 면접원이 확인
HH-2025-000188,2025,4,ED-0188,R01,서울특별시,동부,도시,ST-01-동,PSU-0057,2025-07-26,인터넷,완료,아파트,자가,27,부부+자녀,4,3~4인,남성,55,50대,3,중학교,상용근로자,취업,보건·복지,Y,3,2,5,68.0,39.5,315,0.0,65,10,440.0,5280.0,40.9,349.1,116,65,34,24,26,58,323,26.1,87.3,174.6,18.6,42.3,1.395,메모-0188: 소득 항목은 월평균 금액으로 응답
HH-2025-000189,2025,1,ED-0189,R01,서울특별시,동부,도시,ST-01-동,PSU-0094,2025-09-01,방문면접,대리응답,아파트,자가,4,부부+자녀,5,5인 이상,남성,72,70대 이상,4,고등학교,비경제활동,비경제활동,,Y,3,3,20,,,0.0,0.0,90,120,210.0,2520.0,11.6,198.4,119,68,2,27,25,55,296,-97.6,39.7,88.7,34.3,30.2,1.76,메모-0189: 온라인 조사 후 전화로 일부 항목 보완
HH-2025-000190,2025,2,ED-0190,R04,인천광역시,동부,도시,ST-04-동,PSU-0131,2025-04-11,전화,완료,연립·다세대,자가,0,부부+자녀,5,5인 이상,여성,60,60대,5,대학교,비경제활동,비경제활동,,Y,4,3,10,,,0.0,0.0,40,40,80.0,960.0,4.4,75.6,126,42,11,13,16,58,266,-190.4,15.1,33.8,55.6,31.6,0.62,메모-0190: 교육비와 보건비 영수증을 참고해 응답
HH-2025-000191,2025,3,ED-0191,R09,경기도,면부,농촌,ST-09-면,PSU-0168,2025-05-18,인터넷,완료,단독주택,자가,0,1인가구,1,1인,남성,51,50대,4,고등학교,비경제활동,비경제활동,,Y,3,4,10,,,0.0,0.0,40,140,180.0,2160.0,9.9,170.1,68,19,24,3,33,24,171,-0.9,170.1,170.1,11.2,30.3,0.985,메모-0191: 응답자가 조사표 작성 기준을 확인함
HH-2025-000192,2025,4,ED-0192,R09,경기도,면부,농촌,ST-09-면,PSU-0205,2025-06-24,인터넷,완료,아파트,자가,25,1인가구,1,1인,남성,48,40대,3,중학교,상용근로자,취업,기타서비스,Y,5,5,10,36.0,36.0,340,0.0,25,65,430.0,5160.0,45.1,384.9,51,10,5,12,38,23,139,245.9,384.9,384.9,2.6,31.5,1.35,"메모-0192: 생활비, 주거비 항목 재확인"
HH-2025-000193,2025,1,ED-0193,R16,경상남도,동부,도시,ST-16-동,PSU-0242,2025-07-31,전화,완료,아파트,보증부월세,2,한부모,4,3~4인,여성,59,50대,4,고등학교,상용근로자,취업,농림어업,Y,3,3,5,43.0,39.5,360,0.0,20,35,415.0,4980.0,43.6,371.4,119,72,56,2,39,36,324,47.4,92.8,185.7,19.4,33.7,1.715,메모-0193: 가구원 수 변동 내용을 면접원이 확인
HH-2025-000194,2025,2,ED-0194,R16,경상남도,동부,도시,ST-16-동,PSU-0279,2025-09-06,전화,대리응답,연립·다세대,자가,0,1인가구,1,1인,여성,51,50대,5,대학교,상용근로자,취업,도소매·숙박,Y,3,4,30,5.0,44.0,425,0.0,45,45,515.0,6180.0,54.1,460.9,57,45,0,10,31,33,176,284.9,460.9,460.9,9.8,26.9,0.575,메모-0194: 소득 항목은 월평균 금액으로 응답
HH-2025-000195,2025,3,ED-0195,R04,인천광역시,동부,도시,ST-04-동,PSU-0016,2025-04-16,전화,완료,아파트,자가,16,1인가구,1,1인,여성,65,60대,4,고등학교,비경제활동,비경제활동,,Y,3,3,10,,,0.0,0.0,10,0,10.0,120.0,0.6,9.4,52,32,25,16,17,38,180,-170.6,9.4,9.4,340.4,32.2,0.94,메모-0195: 온라인 조사 후 전화로 일부 항목 보완
HH-2025-000196,2025,4,ED-0196,R01,서울특별시,동부,도시,ST-01-동,PSU-0053,2025-05-23,전화,완료,아파트,보증부월세,23,부부,2,2인,여성,75,70대 이상,2,초등학교,비경제활동,비경제활동,,Y,4,4,10,,,0.0,0.0,20,80,100.0,1200.0,5.5,94.5,71,116,0,29,15,35,266,-171.5,47.2,66.8,122.8,31.4,1.305,메모-0196: 교육비와 보건비 영수증을 참고해 응답
HH-2025-000197,2025,1,ED-0197,R17,제주특별자치도,면부,농촌,ST-17-면,PSU-0090,2025-06-29,전화,부분응답,단독주택,자가,0,1인가구,1,1인,여성,74,70대 이상,4,고등학교,자영업자,취업,공공·교육,N,3,4,5,12.0,44.0,0.0,270,65,70,405.0,4860.0,42.5,362.5,59,70,5,38,46,30,248,114.5,362.5,362.5,19.3,28.6,1.67,메모-0197: 응답자가 조사표 작성 기준을 확인함
HH-2025-000198,2025,2,ED-0198,R15,경상북도,동부,도시,ST-15-동,PSU-0127,2025-08-05,인터넷,완료,연립·다세대,보증부월세,0,부부,2,2인,남성,55,50대,4,고등학교,상용근로자,취업,도소매·숙박,Y,4,3,25,47.0,34.0,350,0.0,30,115,495.0,5940.0,52.0,443.0,58,101,2,7,28,49,245,198.0,221.5,313.2,22.8,33.8,0.53,"메모-0198: 생활비, 주거비 항목 재확인"
HH-2025-000199,2025,3,ED-0199,R09,경기도,동부,도시,ST-09-동,PSU-0164,2025-09-11,방문면접,완료,아파트,자가,14,1인가구,1,1인,여성,64,60대,4,고등학교,자영업자,취업,금융·전문서비스,N,3,3,5,34.5,59.0,0.0,390,55,110,555.0,6660.0,58.3,496.7,48,88,9,16,30,13,204,292.7,496.7,496.7,17.7,30.0,0.895,메모-0199: 가구원 수 변동 내용을 면접원이 확인
HH-2025-000200,2025,4,ED-0200,R09,경기도,동부,도시,ST-09-동,PSU-0201,2025-04-21,방문면접,완료,단독주택,자가,0,1인가구,1,1인,남성,18,20대 이하,5,대학교,상용근로자,취업,공공·교육,Y,5,4,5,35.0,38.0,410,0.0,5,20,435.0,5220.0,45.7,389.3,60,26,0,9,32,38,165,224.3,389.3,389.3,6.7,31.3,1.26,메모-0200: 소득 항목은 월평균 금액으로 응답
HH-2025-000201,2025,1,ED-0201,R09,경기도,동부,도시,ST-09-동,PSU-0238,2025-05-28,인터넷,완료,아파트,전세,28,부부,2,3~4인,여성,71,70대 이상,2,초등학교,임시·일용근로자,취업,운수업,Y,2,2,5,73.5,25.0,155,0.0,70,5,230.0,2760.0,12.7,217.3,72,62,36,40,35,62,307,-89.7,108.7,153.7,28.5,71.2,1.625,메모-0201: 온라인 조사 후 전화로 일부 항목 보완
HH-2025-000202,2025,2,ED-0202,R16,경상남도,동부,도시,ST-16-동,PSU-0275,2025-07-04,인터넷,완료,연립·다세대,보증부월세,0,부부+자녀,3,3~4인,남성,48,40대,4,고등학교,자영업자,취업,기타서비스,Y,4,2,15,32.5,39.0,0.0,85,0,60,145.0,1740.0,8.0,137.0,100,102,13,7,33,32,287,-150.0,45.7,79.1,74.5,34.1,1.99,메모-0202: 교육비와 보건비 영수증을 참고해 응답
HH-2025-000203,2025,3,ED-0203,R17,제주특별자치도,면부,농촌,ST-17-면,PSU-0012,2025-08-10,인터넷,완료,아파트,전세,12,부부+자녀,4,3~4인,남성,23,20대 이하,4,고등학교,임시·일용근로자,취업,운수업,Y,5,4,20,29.0,46.5,120,0.0,25,105,250.0,3000.0,13.8,236.2,129,60,26,5,36,60,316,-79.8,59.0,118.1,25.4,32.3,0.85,메모-0203: 응답자가 조사표 작성 기준을 확인함
HH-2025-000204,2025,4,ED-0204,R01,서울특별시,동부,도시,ST-01-동,PSU-0049,2025-09-16,전화,완료,단독주택,보증부월세,0,부부+자녀,4,3~4인,남성,18,20대 이하,6,대학원,상용근로자,취업,도소매·숙박,Y,4,4,5,37.5,33.5,410,0.0,35,90,535.0,6420.0,56.2,478.8,116,102,0,2,26,56,302,176.8,119.7,239.4,21.3,31.1,1.215,"메모-0204: 생활비, 주거비 항목 재확인"
HH-2025-000205,2025,1,ED-0205,R03,대구광역시,면부,농촌,ST-03-면,PSU-0086,2025-04-26,인터넷,완료,연립·다세대,무상,0,1인가구,1,1인,남성,30,30대,4,고등학교,상용근로자,취업,제조업,Y,4,2,5,44.0,31.0,325,0.0,20,20,365.0,4380.0,38.3,326.7,51,19,7,7,39,11,134,192.7,326.7,326.7,5.8,34.2,1.58,메모-0205: 가구원 수 변동 내용을 면접원이 확인
HH-2025-000206,2025,2,ED-0206,R06,대전광역시,동부,도시,ST-06-동,PSU-0123,2025-06-02,전화,완료,아파트,보증부월세,3,부부+자녀,3,3~4인,남성,66,60대,6,대학원,상용근로자,취업,기타서비스,N,3,3,10,61.5,43.5,485,0.0,5,70,560.0,6720.0,58.8,501.2,104,98,0,12,12,45,271,230.2,167.1,289.4,19.6,37.9,1.945,메모-0206: 소득 항목은 월평균 금액으로 응답
HH-2025-000207,2025,3,ED-0207,R17,제주특별자치도,면부,농촌,ST-17-면,PSU-0160,2025-07-09,방문면접,완료,연립·다세대,자가,0,부부+자녀,4,3~4인,남성,42,40대,5,대학교,상용근로자,취업,제조업,Y,3,4,10,21.5,31.5,310,0.0,50,35,395.0,4740.0,41.5,353.5,91,20,61,2,49,57,280,73.5,88.4,176.8,5.7,29.7,0.805,메모-0207: 온라인 조사 후 전화로 일부 항목 보완
HH-2025-000208,2025,4,ED-0208,R12,충청남도,읍부,농촌,ST-12-읍,PSU-0197,2025-08-15,방문면접,완료,연립·다세대,보증부월세,0,부부+자녀,5,5인 이상,남성,72,70대 이상,2,초등학교,비경제활동,비경제활동,,N,2,3,20,,,0.0,0.0,45,0,45.0,540.0,2.5,42.5,139,80,20,24,27,54,344,-301.5,8.5,19.0,188.2,32.2,1.17,메모-0208: 교육비와 보건비 영수증을 참고해 응답
HH-2025-000209,2025,1,ED-0209,R09,경기도,면부,농촌,ST-09-면,PSU-0234,2025-09-21,방문면접,완료,기타,보증부월세,0,기타,2,2인,여성,71,70대 이상,4,고등학교,자영업자,취업,공공·교육,Y,4,3,5,30.5,38.5,0.0,95,40,15,150.0,1800.0,8.2,141.8,62,63,1,23,37,34,220,-78.2,70.9,100.3,44.4,33.5,1.535,메모-0209: 응답자가 조사표 작성 기준을 확인함
HH-2025-000210,2025,2,ED-0210,R01,서울특별시,동부,도시,ST-01-동,PSU-0271,2025-05-01,인터넷,완료,아파트,자가,1,부부,2,2인,남성,42,40대,6,대학원,상용근로자,취업,공공·교육,Y,5,5,10,35.0,34.5,555,0.0,0,100,655.0,7860.0,111.4,543.6,67,47,3,11,26,42,196,347.6,271.8,384.4,8.6,29.5,1.9,"메모-0210: 생활비, 주거비 항목 재확인"
HH-2025-000211,2025,3,ED-0211,R15,경상북도,동부,도시,ST-15-동,PSU-0008,2025-06-07,인터넷,완료,아파트,자가,8,1인가구,1,1인,남성,70,70대 이상,3,중학교,비경제활동,비경제활동,,Y,3,3,5,,,0.0,0.0,60,20,80.0,960.0,4.4,75.6,48,51,1,37,14,41,192,-116.4,75.6,75.6,67.5,31.5,0.76,메모-0211: 가구원 수 변동 내용을 면접원이 확인
HH-2025-000212,2025,4,ED-0212,R09,경기도,동부,도시,ST-09-동,PSU-0045,2025-07-14,인터넷,완료,아파트,월세,15,부부+자녀,4,3~4인,남성,47,40대,5,대학교,상용근로자,취업,제조업,Y,4,3,30,81.0,43.0,300,0.0,70,75,445.0,5340.0,46.7,398.3,130,106,36,7,17,49,495,-96.7,99.6,199.2,26.6,47.9,1.125,메모-0212: 소득 항목은 월평균 금액으로 응답
HH-2025-000213,2025,1,ED-0213,R06,울산광역시,동부,도시,ST-06-동,PSU-0082,2025-08-20,인터넷,완료,단독주택,전세,0,한부모,2,2인,여성,76,70대 이상,5,대학교,무급가족종사자,취업,제조업,Y,2,3,5,54.5,40.5,0.0,90,15,25,130.0,1560.0,7.2,122.8,63,75,14,23,31,22,228,-105.2,61.4,336.8,61.1,39.9,1.49,메모-0213: 온라인 조사 후 전화로 일부 항목 보완
HH-2025-000214,2025,2,ED-0214,R01,서울특별시,읍부,농촌,ST-01-읍,PSU-0119,2025-09-26,인터넷,완료,기타,월세,0,3세대,6,5인 이상,여성,76,70대 이상,3,중학교,비경제활동,비경제활동,,Y,3,4,5,,,0.0,0.0,110,60,170.0,2040.0,9.3,160.7,154,82,32,26,30,74,398,-237.3,26.8,65.6,51.0,30.9,1.855,메모-0214: 교육비와 보건비 영수증을 참고해 응답
HH-2025-000215,2025,3,ED-0215,R01,서울특별시,동부,도시,ST-01-동,PSU-0156,2025-05-06,인터넷,완료,아파트,자가,6,부부+자녀,5,5인 이상,남성,47,40대,5,대학교,실업자,실업,,Y,4,4,5,,,0.0,0.0,30,105,135.0,1620.0,7.4,127.6,117,59,51,2,27,66,322,-194.4,25.5,57.1,46.2,31.1,0.715,메모-0215: 응답자가 조사표 작성 기준을 확인함
HH-2025-000216,2025,4,ED-0216,R14,전라남도,동부,도시,ST-14-동,PSU-0193,2025-06-12,방문면접,완료,아파트,보증부월세,13,부부+자녀,4,3~4인,남성,52,50대,4,고등학교,상용근로자,취업,도소매·숙박,N,4,3,10,42.0,36.5,255,0.0,85,5,345.0,4140.0,36.2,308.8,112,94,46,8,19,58,337,-28.2,77.2,154.4,30.4,34.3,1.08,"메모-0216: 생활비, 주거비 항목 재확인"
HH-2025-000217,2025,1,ED-0217,R09,경기도,면부,농촌,ST-09-면,PSU-0230,2025-07-19,전화,완료,단독주택,자가,0,부부+자녀,4,3~4인,여성,70,70대 이상,4,고등학교,비경제활동,비경제활동,,Y,2,2,10,,,0.0,0.0,60,65,125.0,1500.0,6.9,118.1,111,49,8,36,4,33,241,-122.9,29.5,59.0,41.5,31.1,1.445,
HH-2025-000218,2025,2,ED-0218,R09,경기도,동부,도시,ST-09-동,PSU-0267,2025-08-25,인터넷,완료,아파트,보증부월세,27,1인가구,1,1인,여성,24,20대 이하,5,대학교,비경제활동,비경제활동,,Y,5,5,5,,,0.0,0.0,35,50,85.0,1020.0,4.7,80.3,55,77,3,16,22,23,196,-115.7,80.3,80.3,95.9,31.4,1.81,메모-0218: 소득 항목은 월평균 금액으로 응답
HH-2025-000219,2025,3,ED-0219,R09,경기도,읍부,농촌,ST-09-읍,PSU-0004,2025-04-04,인터넷,완료,연립·다세대,자가,0,부부,2,2인,남성,34,30대,5,대학원,비경제활동,비경제활동,,Y,5,4,5,,,0.0,0.0,15,50,65.0,780.0,3.6,61.4,81,20,0,12,17,35,165,-103.6,30.7,43.4,52.6,31.6,0.67,메모-0219: 온라인 조사 후 전화로 일부 항목 보완
HH-2025-000220,2025,4,ED-0220,R09,경기도,읍부,농촌,ST-09-읍,PSU-0041,2025-05-11,인터넷,완료,아파트,보증부월세,11,기타,3,3~4인,남성,18,20대 이하,4,고등학교,상용근로자,취업,금융·전문서비스,Y,5,3,60,41.5,39.0,410,0.0,30,105,545.0,6540.0,57.2,487.8,114,58,0,16,39,55,282,205.8,162.6,281.6,11.9,31.9,1.035,메모-0220: 교육비와 보건비 영수증을 참고해 응답
HH-2025-000221,2025,1,ED-0221,R09,경기도,면부,농촌,ST-09-면,PSU-0078,2025-06-17,인터넷,완료,단독주택,전세,0,1인가구,1,1인,남성,27,20대 이하,6,대학원,상용근로자,취업,보건·복지,Y,5,4,5,15.0,33.5,400,0.0,15,40,455.0,5460.0,47.8,407.2,40,74,12,16,37,17,196,211.2,407.2,407.2,18.2,28.2,1.4,메모-0221: 응답자가 조사표 작성 기준을 확인함
HH-2025-000222,2025,2,ED-0222,R15,경상북도,읍부,농촌,ST-15-읍,PSU-0115,2025-07-24,인터넷,부분응답,단독주택,자가,0,기타,4,3~4인,여성,44,40대,5,대학교,자영업자,취업,보건·복지,Y,2,3,10,14.5,53.0,0.0,415,75,45,535.0,6420.0,56.2,478.8,127,52,2,7,38,72,298,180.8,119.7,239.4,10.9,27.5,1.765,"메모-0222: 생활비, 주거비 항목 재확인"
HH-2025-000223,2025,3,ED-0223,R15,경상북도,읍부,농촌,ST-15-읍,PSU-0152,2025-08-30,방문면접,완료,아파트,보증부월세,2,기타,3,3~4인,남성,59,50대,4,고등학교,상용근로자,취업,도소매·숙박,N,3,4,10,16.5,40.0,300,0.0,30,10,340.0,4080.0,35.7,304.3,92,66,6,3,35,41,243,61.3,101.4,175.7,21.7,29.7,0.625,메모-0223: 가구원 수 변동 내용을 면접원이 확인
HH-2025-000224,2025,4,ED-0224,R13,전북특별자치도,동부,도시,ST-13-동,PSU-0189,2025-04-09,전화,완료,아파트,자가,9,부부,2,2인,남성,52,50대,5,대학교,자영업자,취업,제조업,Y,4,3,10,27.5,56.5,0.0,450,5,85,540.0,6480.0,56.7,483.3,56,37,0,9,38,32,172,311.3,241.7,341.7,7.7,28.8,0.99,메모-0224: 소득 항목은 월평균 금액으로 응답
HH-2025-000225,2025,1,ED-0225,R16,경상남도,동부,도시,ST-16-동,PSU-0226,2025-05-16,인터넷,완료,아파트,전세,16,부부+자녀,3,3~4인,남성,70,70대 이상,4,고등학교,비경제활동,비경제활동,,Y,2,2,10,,,0.0,0.0,65,10,75.0,900.0,4.1,70.9,115,40,29,14,24,45,267,-196.1,23.6,40.9,56.4,31.7,1.355,메모-0225: 온라인 조사 후 전화로 일부 항목 보완
HH-2025-000226,2025,2,ED-0226,R01,서울특별시,동부,도시,ST-01-동,PSU-0263,2025-06-22,인터넷,완료,아파트,무상,23,1인가구,1,1인,여성,50,50대,6,대학원,실업자,실업,,Y,5,3,10,,,0.0,0.0,25,5,30.0,360.0,1.6,28.4,80,49,11,8,16,17,181,-152.6,28.4,28.4,172.5,32.0,1.72,메모-0226: 교육비와 보건비 영수증을 참고해 응답
HH-2025-000227,2025,3,ED-0227,R02,부산광역시,동부,도시,ST-02-동,PSU-0300,2025-07-29,전화,부분응답,아파트,자가,30,기타,4,3~4인,여성,43,40대,5,대학교,상용근로자,취업,농림어업,Y,5,4,5,52.5,45.0,400,0.0,65,40,505.0,6060.0,53.0,452.0,102,52,43,8,34,49,288,164.0,113.0,226.0,11.5,35.4,0.58,메모-0227: 응답자가 조사표 작성 기준을 확인함
HH-2025-000228,2025,4,ED-0228,R09,경기도,면부,농촌,ST-09-면,PSU-0037,2025-09-04,인터넷,완료,단독주택,전세,0,부부,2,2인,남성,46,40대,5,대학교,비경제활동,비경제활동,,Y,5,3,10,,,0.0,0.0,40,35,75.0,900.0,4.1,70.9,59,35,0,2,18,39,153,-82.1,35.5,50.1,49.4,31.5,0.945,"메모-0228: 생활비, 주거비 항목 재확인"
HH-2025-000229,2025,1,ED-0229,R09,경기도,동부,도시,ST-09-동,PSU-0074,2025-04-14,인터넷,부분응답,아파트,전세,14,한부모,3,3~4인,남성,39,30대,3,중학교,상용근로자,취업,보건·복지,Y,4,3,5,41.5,44.0,385,0.0,10,20,415.0,4980.0,43.6,371.4,109,67,6,18,40,50,290,81.4,123.8,214.4,18.0,33.3,1.31,메모-0229: 가구원 수 변동 내용을 면접원이 확인
HH-2025-000230,2025,2,ED-0230,R05,광주광역시,동부,도시,ST-05-동,PSU-0111,2025-05-21,전화,완료,단독주택,자가,0,부부+자녀,4,3~4인,남성,29,20대 이하,5,대학교,상용근로자,취업,정보통신,Y,4,4,10,13.0,39.5,325,0.0,80,20,425.0,5100.0,44.6,380.4,139,40,11,2,38,53,283,97.4,95.1,190.2,10.5,28.5,1.675,메모-0230: 소득 항목은 월평균 금액으로 응답
HH-2025-000231,2025,3,ED-0231,R11,충청북도,동부,도시,ST-11-동,PSU-0148,2025-06-27,인터넷,완료,아파트,보증부월세,28,부부+자녀,3,3~4인,남성,46,40대,5,대학교,자영업자,취업,농림어업,Y,4,3,5,49.0,54.5,0.0,160,45,40,245.0,2940.0,13.5,231.5,103,103,20,17,34,26,303,-71.5,77.2,133.7,44.5,37.0,0.535,메모-0231: 온라인 조사 후 전화로 일부 항목 보완
HH-2025-000232,2025,4,ED-0232,R06,대전광역시,동부,도시,ST-06-동,PSU-0185,2025-08-03,인터넷,완료,연립·다세대,자가,0,부부+자녀,4,3~4인,여성,43,40대,5,대학교,실업자,실업,,Y,4,4,5,,,0.0,0.0,60,40,100.0,1200.0,5.5,94.5,134,59,38,13,18,30,292,-197.5,23.6,47.2,62.4,31.5,0.9,메모-0232: 교육비와 보건비 영수증을 참고해 응답
HH-2025-000233,2025,1,ED-0233,R07,울산광역시,동부,도시,ST-07-동,PSU-0222,2025-09-09,방문면접,완료,아파트,자가,12,부부+자녀,4,3~4인,여성,56,50대,4,고등학교,임시·일용근로자,취업,도소매·숙박,N,4,4,20,40.0,51.0,135,0.0,0,75,210.0,2520.0,11.6,198.4,112,47,47,5,35,61,307,-108.6,49.6,99.2,23.7,35.0,1.265,메모-0233: 응답자가 조사표 작성 기준을 확인함
HH-2025-000234,2025,2,ED-0234,R02,부산광역시,동부,도시,ST-02-동,PSU-0259,2025-04-19,인터넷,완료,아파트,전세,19,1인가구,1,1인,남성,52,50대,6,대학원,임시·일용근로자,취업,제조업,Y,3,4,10,52.0,44.5,215,0.0,10,0,225.0,2700.0,12.4,212.6,38,87,21,10,41,28,225,-12.4,212.6,212.6,40.9,38.0,1.63,"메모-0234: 생활비, 주거비 항목 재확인"
HH-2025-000235,2025,3,ED-0235,R14,전라남도,동부,도시,ST-14-동,PSU-0296,2025-05-26,방문면접,완료,연립·다세대,자가,0,부부,2,2인,남성,45,40대,4,고등학교,임시·일용근로자,취업,공공·교육,Y,5,3,5,36.5,46.0,195,0.0,75,30,350.0,4200.0,31.5,268.5,62,62,8,2,19,16,169,99.5,134.2,189.9,23.1,33.1,1.995,메모-0235: 가구원 수 변동 내용을 면접원이 확인
HH-2025-000236,2025,4,ED-0236,R17,제주특별자치도,읍부,농촌,ST-17-읍,PSU-0033,2025-07-02,방문면접,완료,연립·다세대,자가,0,부부,2,2인,남성,54,50대,4,고등학교,상용근로자,취업,건설업,N,4,3,15,40.5,32.0,345,0.0,30,20,395.0,4740.0,41.5,353.5,71,19,0,13,29,51,183,245.5,176.8,250.0,5.4,33.0,0.855,메모-0236: 소득 항목은 월평균 금액으로 응답
HH-2025-000237,2025,1,ED-0237,R16,경상남도,동부,도시,ST-16-동,PSU-0070,2025-08-08,인터넷,완료,아파트,자가,10,부부,2,2인,여성,48,50대,5,대학교,상용근로자,취업,도소매·숙박,Y,5,4,20,16.0,36.5,455,0.0,25,10,490.0,5880.0,51.4,438.6,101,60,0,21,24,24,230,208.6,219.3,310.1,13.7,28.0,1.22,메모-0237: 온라인 조사 후 전화로 일부 항목 보완
HH-2025-000238,2025,2,ED-0238,R01,서울특별시,동부,도시,ST-01-동,PSU-0107,2025-09-14,전화,완료,아파트,자가,17,부부+자녀,4,3~4인,남성,32,30대,6,대학원,상용근로자,취업,도소매·숙박,Y,5,3,10,64.5,36.5,640,0.0,25,35,700.0,8400.0,119.0,581.0,124,76,29,7,41,34,311,270.0,145.2,290.5,13.1,38.1,1.585,메모-0238: 교육비와 보건비 영수증을 참고해 응답
HH-2025-000239,2025,3,ED-0239,R16,경상남도,동부,도시,ST-16-동,PSU-0144,2025-04-24,방문면접,완료,아파트,보증부월세,24,부부,2,2인,여성,55,50대,3,중학교,상용근로자,취업,보건·복지,N,2,3,20,26.0,34.5,345,0.0,5,140,490.0,5880.0,51.4,438.6,46,103,8,12,37,41,247,191.6,219.3,310.1,23.5,29.3,1.95,메모-0239: 응답자가 조사표 작성 기준을 확인함
HH-2025-000240,2025,4,ED-0240,R04,인천광역시,동부,도시,ST-04-동,PSU-0181,2025-05-31,인터넷,완료,아파트,자가,1,1인가구,1,1인,남성,30,30대,5,대학교,자영업자,취업,금융·전문서비스,Y,5,4,5,32.0,44.5,0.0,260,0,20,280.0,3360.0,15.4,264.6,60,75,19,6,40,17,217,47.6,264.6,264.6,28.3,32.3,0.81,"메모-0240: 생활비, 주거비 항목 재확인"
HH-2025-000241,2025,1,ED-0241,R06,대전광역시,동부,도시,ST-06-동,PSU-0218,2025-07-07,인터넷,완료,연립·다세대,보증부월세,0,1인가구,1,1인,남성,27,20대 이하,5,대학교,무급가족종사자,취업,보건·복지,Y,4,3,25,46.5,53.0,0.0,115,40,90,245.0,2940.0,13.5,231.5,62,64,0,5,19,38,188,43.5,231.5,231.5,27.6,36.1,1.175,메모-0241: 가구원 수 변동 내용을 면접원이 확인
HH-2025-000242,2025,2,ED-0242,R09,경기도,면부,농촌,ST-09-면,PSU-0255,2025-08-13,방문면접,완료,단독주택,자가,0,1인가구,1,1인,남성,71,70대 이상,5,대학교,비경제활동,비경제활동,,N,3,4,20,,,0.0,0.0,50,75,125.0,1500.0,6.9,118.1,67,41,7,16,31,38,200,-81.9,118.1,118.1,34.7,31.0,1.54,메모-0242: 소득 항목은 월평균 금액으로 응답
HH-2025-000243,2025,3,ED-0243,R15,경상북도,동부,도시,ST-15-동,PSU-0292,2025-09-19,인터넷,완료,단독주택,자가,0,한부모,3,3~4인,남성,47,40대,5,대학교,상용근로자,취업,농림어업,Y,3,4,5,55.0,34.5,595,0.0,10,130,735.0,8820.0,125.0,610.0,114,56,35,6,32,38,281,329.0,203.3,352.2,9.2,34.3,1.905,메모-0243: 온라인 조사 후 전화로 일부 항목 보완
HH-2025-000244,2025,4,ED-0244,R16,경상남도,동부,도시,ST-16-동,PSU-0029,2025-04-29,전화,완료,아파트,전세,29,1인가구,1,1인,여성,29,20대 이하,5,대학교,임시·일용근로자,취업,제조업,Y,5,3,40,57.0,48.5,190,0.0,40,30,260.0,4320.0,14.3,245.7,74,75,4,16,28,27,224,21.7,245.7,245.7,30.5,39.2,0.765,메모-0244: 교육비와 보건비 영수증을 참고해 응답
HH-2025-000245,2025,1,ED-0245,R09,경기도,동부,도시,ST-09-동,PSU-0066,2025-06-05,인터넷,완료,아파트,보증부월세,6,부부,2,2인,여성,42,40대,5,대학교,비경제활동,비경제활동,,Y,3,3,15,,,0.0,0.0,35,15,50.0,600.0,2.8,47.2,56,87,31,2,11,40,227,-179.8,23.6,33.4,184.3,31.9,1.13,메모-0245: 응답자가 조사표 작성 기준을 확인함
HH-2025-000246,2025,2,ED-0246,R03,대구광역시,동부,도시,ST-03-동,PSU-0103,2025-07-12,인터넷,완료,아파트,자가,13,기타,4,3~4인,여성,41,40대,5,대학교,자영업자,취업,공공·교육,Y,4,4,20,25.5,36.5,0.0,565,55,0,620.0,7440.0,105.4,514.6,124,60,21,6,38,48,297,217.6,128.7,257.3,11.7,28.4,1.495,"메모-0246: 생활비, 주거비 항목 재확인"
HH-2025-000247,2025,3,ED-0247,R09,경기도,동부,도시,ST-09-동,PSU-0140,2025-08-18,전화,완료,아파트,자가,20,1인가구,1,1인,여성,44,40대,4,고등학교,비경제활동,비경제활동,,Y,5,4,10,,,0.0,0.0,40,15,55.0,660.0,3.0,52.0,38,47,0,10,15,31,141,-89.0,52.0,52.0,90.4,31.7,1.86,메모-0247: 가구원 수 변동 내용을 면접원이 확인
HH-2025-000248,2025,4,ED-0248,R09,경기도,동부,도시,ST-09-동,PSU-0177,2025-09-24,인터넷,완료,오피스텔,자가,0,부부+자녀,4,3~4인,여성,58,50대,3,중학교,상용근로자,취업,금융·전문서비스,Y,2,2,15,34.5,45.0,340,0.0,85,75,500.0,6000.0,52.5,447.5,103,52,28,8,41,63,295,152.5,111.9,223.8,11.6,30.8,0.72,
HH-2025-000249,2025,1,ED-0249,R07,울산광역시,읍부,도시,ST-07-읍,PSU-0214,2025-05-04,인터넷,완료,연립·다세대,자가,0,기타,4,3~4인,여성,57,50대,5,대학교,실업자,실업,,Y,4,3,5,,,0.0,0.0,10,30,40.0,480.0,2.2,37.8,111,37,39,20,4,55,266,-228.2,9.4,18.9,97.9,32.1,1.085,메모-0249: 온라인 조사 후 전화로 일부 항목 보완
HH-2025-000250,2025,2,ED-0250,R01,서울특별시,면부,농촌,ST-01-면,PSU-0251,2025-06-10,인터넷,완료,아파트,월세,11,3세대,6,5인 이상,여성,35,30대,5,대학교,자영업자,취업,정보통신,Y,5,3,5,46.5,38.0,0.0,410,50,25,485.0,5820.0,50.9,434.1,141,103,74,10,50,72,450,-15.9,72.4,177.2,23.7,34.2,1.45,메모-0250: 교육비와 보건비 영수증을 참고해 응답
HH-2025-000251,2025,3,ED-0251,R16,경상남도,읍부,농촌,ST-16-읍,PSU-0288,2025-07-17,인터넷,완료,단독주택,자가,0,부부+자녀,4,3~4인,남성,70,70대 이상,4,고등학교,비경제활동,비경제활동,,Y,3,4,10,,,0.0,0.0,35,70,105.0,1260.0,5.8,99.2,114,20,6,11,9,44,204,-104.8,24.8,49.6,20.2,31.2,1.815,메모-0251: 응답자가 조사표 작성 기준을 확인함
HH-2025-000252,2025,4,ED-0252,R16,경상남도,면부,농촌,ST-16-면,PSU-0025,2025-08-23,전화,완료,단독주택,자가,0,1인가구,1,1인,남성,61,60대,4,고등학교,비경제활동,비경제활동,,Y,4,3,5,,,0.0,0.0,50,45,95.0,1140.0,5.2,89.8,37,64,0,17,21,27,166,-76.2,89.8,89.8,71.3,31.3,0.675,"메모-0252: 생활비, 주거비 항목 재확인"
HH-2025-000253,2025,1,ED-0253,R05,광주광역시,동부,도시,ST-05-동,PSU-0062,2025-04-02,방문면접,완료,오피스텔,보증부월세,0,3세대,7,5인 이상,남성,54,50대,4,고등학교,상용근로자,취업,제조업,Y,4,2,10,60.5,47.0,380,0.0,60,35,475.0,5700.0,49.9,425.1,197,89,84,2,26,76,474,-48.9,60.7,160.7,20.9,38.8,1.04,메모-0253: 가구원 수 변동 내용을 면접원이 확인
HH-2025-000254,2025,2,ED-0254,R01,서울특별시,동부,도시,ST-01-동,PSU-0099,2025-05-09,인터넷,완료,아파트,보증부월세,9,부부+자녀,5,5인 이상,여성,38,30대,4,고등학교,임시·일용근로자,취업,도소매·숙박,Y,5,3,5,55.5,39.0,190,0.0,25,0,215.0,2580.0,11.8,203.2,118,103,61,13,43,44,382,-178.8,40.6,90.9,50.7,39.6,1.405,메모-0254: 소득 항목은 월평균 금액으로 응답
HH-2025-000255,2025,3,ED-0255,R12,충청남도,면부,농촌,ST-12-면,PSU-0136,2025-06-15,인터넷,완료,단독주택,전세,0,한부모,3,3~4인,여성,36,30대,5,대학교,임시·일용근로자,취업,공공·교육,Y,5,3,5,40.5,40.0,165,0.0,20,0,185.0,2220.0,10.2,174.8,75,43,4,2,23,37,184,-9.2,58.3,100.9,24.6,35.2,1.77,메모-0255: 온라인 조사 후 전화로 일부 항목 보완
HH-2025-000256,2025,4,ED-0256,R03,대구광역시,동부,도시,ST-03-동,PSU-0173,2025-07-22,방문면접,완료,단독주택,자가,0,부부,2,2인,남성,68,60대,3,중학교,상용근로자,취업,기타서비스,N,2,3,5,28.0,38.0,260,0.0,45,130,435.0,5220.0,45.7,389.3,76,39,0,21,34,29,199,190.3,194.7,275.3,10.0,30.1,0.63,메모-0256: 교육비와 보건비 영수증을 참고해 응답
HH-2025-000257,2025,1,ED-0257,R09,경기도,면부,농촌,ST-09-면,PSU-0210,2025-08-28,전화,완료,아파트,자가,30,한부모,3,3~4인,남성,89,70대 이상,4,고등학교,비경제활동,비경제활동,,N,2,2,15,,,0.0,0.0,80,40,120.0,1440.0,6.6,113.4,75,92,1,46,19,49,282,-168.6,37.8,65.5,81.1,31.2,0.995,메모-0257: 응답자가 조사표 작성 기준을 확인함
HH-2025-000258,2025,2,ED-0258,R07,울산광역시,동부,도시,ST-07-동,PSU-0247,2025-04-07,인터넷,완료,연립·다세대,자가,0,1인가구,1,1인,여성,61,60대,5,대학교,자영업자,취업,기타서비스,Y,2,3,20,21.5,40.5,0.0,270,15,50,335.0,4020.0,35.2,299.8,67,37,0,13,30,18,165,134.8,299.8,299.8,12.3,30.1,1.36,"메모-0258: 생활비, 주거비 항목 재확인"
HH-2025-000259,2025,3,ED-0259,R09,경기도,동부,도시,ST-09-동,PSU-0284,2025-05-14,인터넷,완료,아파트,보증부월세,14,3세대,7,5인 이상,여성,64,60대,3,중학교,상용근로자,취업,제조업,Y,2,3,20,42.5,34.0,310,0.0,60,60,430.0,5160.0,45.1,384.9,177,103,23,9,34,65,411,-26.1,55.0,145.5,26.8,33.6,1.725,메모-0259: 가구원 수 변동 내용을 면접원이 확인
HH-2025-000260,2025,4,ED-0260,R05,광주광역시,동부,도시,ST-05-동,PSU-0021,2025-06-20,인터넷,완료,아파트,자가,21,부부,2,2인,여성,53,50대,4,고등학교,상용근로자,취업,공공·교육,Y,3,2,10,44.5,40.5,340,0.0,10,10,360.0,4320.0,37.8,322.2,81,43,9,5,30,31,199,123.2,161.1,227.8,13.3,34.5,0.585,메모-0260: 소득 항목은 월평균 금액으로 응답
HH-2025-000261,2025,1,ED-0261,R02,부산광역시,동부,도시,ST-02-동,PSU-0058,2025-07-27,전화,완료,단독주택,자가,0,1인가구,1,1인,여성,70,70대 이상,1,무학,비경제활동,비경제활동,,N,2,2,5,,,0.0,0.0,15,15,30.0,360.0,1.6,28.4,58,61,25,19,14,28,205,-176.6,28.4,28.4,214.8,32.1,0.95,메모-0261: 온라인 조사 후 전화로 일부 항목 보완
HH-2025-000262,2025,2,ED-0262,R09,경기도,동부,도시,ST-09-동,PSU-0095,2025-09-02,전화,완료,아파트,자가,5,부부+자녀,4,3~4인,여성,63,60대,4,고등학교,임시·일용근로자,취업,보건·복지,N,4,5,25,48.0,43.5,305,0.0,40,85,430.0,5160.0,45.1,384.9,117,44,38,20,26,66,311,73.9,96.2,192.4,11.4,34.9,1.315,메모-0262: 교육비와 보건비 영수증을 참고해 응답
HH-2025-000263,2025,3,ED-0263,R16,경상남도,동부,도시,ST-16-동,PSU-0132,2025-04-12,전화,완료,아파트,자가,12,1인가구,1,1인,여성,62,60대,6,대학원,임시·일용근로자,취업,보건·복지,Y,3,2,5,75.5,47.5,220,0.0,45,100,365.0,4380.0,38.3,326.7,47,71,0,29,38,21,206,120.7,326.7,326.7,21.7,45.6,1.68,메모-0263: 응답자가 조사표 작성 기준을 확인함
HH-2025-000264,2025,4,ED-0264,R17,제주특별자치도,동부,도시,ST-17-동,PSU-0169,2025-05-19,인터넷,완료,아파트,전세,19,3세대,6,5인 이상,여성,18,20대 이하,4,고등학교,학생,비경제활동,,Y,5,4,15,,,0.0,0.0,25,0,25.0,300.0,1.4,23.6,159,46,8,28,17,48,306,-282.4,3.9,9.6,194.9,32.3,0.54,"메모-0264: 생활비, 주거비 항목 재확인"
HH-2025-000265,2025,1,ED-0265,R09,경기도,면부,농촌,ST-09-면,PSU-0206,2025-06-25,방문면접,완료,단독주택,자가,0,부부,2,2인,남성,64,60대,4,고등학교,비경제활동,비경제활동,,N,4,5,5,,,0.0,0.0,20,15,35.0,420.0,1.9,33.1,67,19,0,8,18,30,292,-258.9,16.6,23.4,57.4,32.2,0.905,메모-0265: 가구원 수 변동 내용을 면접원이 확인
HH-2025-000266,2025,2,ED-0266,R04,인천광역시,동부,도시,ST-04-동,PSU-0243,2025-08-01,인터넷,완료,아파트,보증부월세,3,1인가구,1,1인,남성,65,60대,5,대학교,자영업자,취업,도소매·숙박,Y,3,4,15,39.0,46.0,0.0,305,5,115,425.0,5100.0,44.6,380.4,67,88,11,20,32,20,238,142.4,380.4,380.4,23.1,32.5,1.27,메모-0266: 소득 항목은 월평균 금액으로 응답
HH-2025-000267,2025,3,ED-0267,R05,광주광역시,동부,도시,ST-05-동,PSU-0280,2025-09-07,인터넷,완료,단독주택,보증부월세,0,부부,2,2인,남성,47,40대,4,고등학교,자영업자,실업,건설업,Y,5,3,5,48.0,43.0,0.0,240,25,135,400.0,4800.0,42.0,358.0,67,100,23,8,30,38,266,92.0,179.0,253.1,27.9,35.1,1.635,메모-0267: 온라인 조사 후 전화로 일부 항목 보완
HH-2025-000268,2025,4,ED-0268,R09,경기도,읍부,농촌,ST-09-읍,PSU-0017,2025-04-17,인터넷,완료,단독주택,보증부월세,0,기타,3,5인 이상,남성,54,50대,4,고등학교,상용근로자,취업,보건·복지,Y,3,2,5,64.0,50.0,420,0.0,25,10,455.0,5460.0,47.8,407.2,110,74,13,17,29,53,296,111.2,135.7,235.1,18.2,65.0,2.0,메모-0268: 교육비와 보건비 영수증을 참고해 응답
HH-2025-000269,2025,1,ED-0269,R04,인천광역시,동부,도시,ST-04-동,PSU-0054,2025-05-24,인터넷,완료,아파트,자가,24,1인가구,1,1인,여성,32,30대,5,대학교,자영업자,취업,보건·복지,Y,4,4,5,30.5,44.5,0.0,365,25,45,435.0,5220.0,45.7,389.3,49,59,1,4,34,22,169,220.3,389.3,389.3,15.2,30.5,0.86,메모-0269: 응답자가 조사표 작성 기준을 확인함
HH-2025-000270,2025,2,ED-0270,R09,경기도,면부,농촌,ST-09-면,PSU-0091,2025-06-30,인터넷,완료,단독주택,월세,0,부부+자녀,4,3~4인,남성,34,30대,4,고등학교,상용근로자,취업,정보통신,Y,4,3,5,21.0,36.5,195,0.0,45,10,250.0,3000.0,13.8,236.2,103,101,35,13,22,45,319,-82.8,59.0,118.1,42.8,31.1,1.225,"메모-0270: 생활비, 주거비 항목 재확인"
HH-2025-000271,2025,3,ED-0271,R16,경상남도,동부,도시,ST-16-동,PSU-0128,2025-08-06,인터넷,완료,연립·다세대,자가,0,부부,2,2인,여성,51,50대,4,고등학교,상용근로자,취업,도소매·숙박,Y,4,3,5,59.5,39.5,425,0.0,15,135,575.0,6900.0,60.4,514.6,63,70,0,2,39,38,212,302.6,257.3,363.9,13.6,36.9,1.59,메모-0271: 가구원 수 변동 내용을 면접원이 확인
HH-2025-000272,2025,4,ED-0272,R15,경상북도,면부,농촌,ST-15-면,PSU-0165,2025-09-12,인터넷,부분응답,단독주택,보증부월세,0,1인가구,1,1인,남성,34,30대,6,대학원,비경제활동,비경제활동,,Y,4,3,5,,,0.0,0.0,55,25,80.0,960.0,4.4,75.6,55,72,0,25,16,16,184,-108.4,75.6,75.6,95.2,31.5,1.955,메모-0272: 소득 항목은 월평균 금액으로 응답
HH-2025-000273,2025,1,ED-0273,R06,대전광역시,동부,도시,ST-06-동,PSU-0202,2025-04-22,전화,완료,아파트,자가,22,1인가구,1,1인,여성,33,30대,5,대학교,비경제활동,비경제활동,,Y,5,4,10,,,0.0,0.0,0,50,50.0,600.0,2.8,47.2,59,38,0,28,12,21,158,-110.8,47.2,47.2,80.5,31.7,0.815,메모-0273: 온라인 조사 후 전화로 일부 항목 보완
HH-2025-000274,2025,2,ED-0274,R02,부산광역시,동부,도시,ST-02-동,PSU-0239,2025-05-29,방문면접,완료,아파트,자가,29,1인가구,1,1인,여성,73,70대 이상,5,대학교,자영업자,취업,기타서비스,N,3,3,5,9.5,49.0,0.0,350,20,80,450.0,5400.0,47.2,402.8,60,51,13,19,30,37,210,192.8,402.8,402.8,12.7,27.9,1.18,메모-0274: 교육비와 보건비 영수증을 참고해 응답
HH-2025-000275,2025,3,ED-0275,R11,충청북도,동부,도시,ST-11-동,PSU-0276,2025-07-05,전화,완료,연립·다세대,자가,0,부부+자녀,5,5인 이상,남성,48,40대,5,대학교,비경제활동,비경제활동,,Y,3,4,10,,,0.0,0.0,35,40,75.0,900.0,4.1,70.9,135,49,64,14,43,41,346,-275.1,14.2,31.7,69.1,31.8,1.545,메모-0275: 응답자가 조사표 작성 기준을 확인함
HH-2025-000276,2025,4,ED-0276,R09,경기도,동부,도시,ST-09-동,PSU-0013,2025-08-11,전화,완료,아파트,전세,13,부부+자녀,5,5인 이상,남성,35,30대,5,대학교,비경제활동,비경제활동,,Y,5,5,10,,,0.0,0.0,55,140,195.0,2340.0,10.7,184.3,134,85,68,19,27,50,383,-198.7,36.9,82.4,46.1,30.6,1.91,"메모-0276: 생활비, 주거비 항목 재확인"
HH-2025-000277,2025,1,ED-0277,R16,경상남도,면부,농촌,ST-16-면,PSU-0050,2025-09-17,인터넷,완료,아파트,자가,20,1인가구,1,1인,여성,65,60대,5,대학교,임시·일용근로자,취업,금융·전문서비스,Y,3,3,10,20.0,29.0,185,0.0,25,0,210.0,2520.0,11.6,198.4,60,26,18,8,43,8,163,35.4,198.4,198.4,13.1,31.1,0.77,메모-0277: 가구원 수 변동 내용을 면접원이 확인
HH-2025-000278,2025,2,ED-0278,R01,서울특별시,동부,도시,ST-01-동,PSU-0087,2025-04-27,전화,완료,아파트,자가,27,기타,4,3~4인,여성,30,30대,5,대학교,상용근로자,취업,기타서비스,Y,5,5,5,36.0,45.0,480,0.0,20,135,635.0,7620.0,108.0,527.0,86,44,22,17,36,50,255,272.0,131.8,263.5,8.3,30.1,1.135,메모-0278: 소득 항목은 월평균 금액으로 응답
HH-2025-000279,2025,3,ED-0279,R15,경상북도,면부,농촌,ST-15-면,PSU-0124,2025-06-03,인터넷,완료,연립·다세대,자가,0,1인가구,1,1인,여성,41,40대,5,대학교,상용근로자,취업,정보통신,Y,4,3,10,7.5,43.5,295,0.0,0,15,310.0,3720.0,32.5,277.5,58,22,7,2,38,17,144,133.5,277.5,277.5,7.9,29.1,1.5,
HH-2025-000280,2025,4,ED-0280,R16,경상남도,동부,도시,ST-16-동,PSU-0161,2025-07-10,방문면접,완료,연립·다세대,자가,0,1인가구,1,1인,여성,56,50대,5,대학교,상용근로자,취업,제조업,Y,4,4,10,46.5,42.5,175,0.0,5,10,190.0,2280.0,10.4,179.6,52,31,15,3,48,24,173,6.6,179.6,179.6,17.3,36.7,1.865,메모-0280: 교육비와 보건비 영수증을 참고해 응답
HH-2025-000281,2025,1,ED-0281,R01,서울특별시,동부,도시,ST-01-동,PSU-0198,2025-08-16,전화,완료,아파트,보증부월세,18,부부,2,2인,여성,56,50대,5,대학교,상용근로자,취업,제조업,N,4,4,15,18.5,33.0,260,0.0,5,30,295.0,3540.0,16.2,278.8,74,114,11,14,39,14,266,12.8,139.4,197.1,40.9,30.2,0.725,메모-0281: 응답자가 조사표 작성 기준을 확인함
HH-2025-000282,2025,2,ED-0282,R09,경기도,면부,농촌,ST-09-면,PSU-0235,2025-09-22,방문면접,대리응답,단독주택,자가,0,부부,2,2인,남성,52,50대,5,대학교,상용근로자,취업,도소매·숙박,N,4,3,5,37.0,38.0,560,0.0,20,135,765.0,9180.0,121.6,593.4,80,57,0,14,31,24,206,387.4,296.7,419.6,9.6,29.4,1.09,"메모-0282: 생활비, 주거비 항목 재확인"
HH-2025-000283,2025,3,ED-0283,R11,충청북도,동부,도시,ST-11-동,PSU-0272,2025-05-02,방문면접,완료,연립·다세대,보증부월세,0,1인가구,1,1인,남성,48,40대,3,중학교,자영업자,취업,제조업,Y,4,3,30,61.0,41.0,0.0,410,25,45,480.0,5760.0,50.4,429.6,54,100,0,7,22,32,215,214.6,429.6,429.6,23.3,38.4,1.455,메모-0283: 가구원 수 변동 내용을 면접원이 확인
HH-2025-000284,2025,4,ED-0284,R16,제주특별자치도,면부,농촌,ST-16-면,PSU-0009,2025-06-08,방문면접,완료,기타,자가,0,부부,2,2인,여성,41,40대,5,대학교,무급가족종사자,취업,건설업,Y,5,3,5,34.5,44.5,0.0,125,25,40,190.0,2280.0,10.4,179.6,70,32,16,9,36,37,200,-20.4,89.8,377.0,17.8,33.8,1.82,메모-0284: 소득 항목은 월평균 금액으로 응답
HH-2025-000285,2025,1,ED-0285,R05,광주광역시,동부,도시,ST-05-동,PSU-0046,2025-07-15,인터넷,완료,단독주택,전세,0,1인가구,1,1인,여성,44,40대,4,고등학교,비경제활동,비경제활동,,Y,4,4,15,,,0.0,0.0,5,5,10.0,120.0,0.6,9.4,62,69,27,6,20,28,212,-202.6,9.4,9.4,734.0,32.3,0.68,메모-0285: 온라인 조사 후 전화로 일부 항목 보완
HH-2025-000286,2025,2,ED-0286,R01,서울특별시,동부,도시,ST-01-동,PSU-0083,2025-08-21,인터넷,완료,아파트,보증부월세,23,기타,2,2인,여성,42,40대,2,초등학교,상용근로자,취업,보건·복지,Y,5,4,5,12.0,40.0,225,0.0,75,125,425.0,5100.0,44.6,380.4,97,93,0,2,33,31,256,124.4,190.2,269.0,24.4,28.4,1.045,메모-0286: 교육비와 보건비 영수증을 참고해 응답
HH-2025-000287,2025,3,ED-0287,R06,대전광역시,동부,도시,ST-06-동,PSU-0120,2025-09-27,전화,완료,아파트,자가,30,1인가구,1,1인,남성,37,30대,6,대학원,상용근로자,취업,도소매·숙박,Y,5,4,5,55.5,27.5,455,0.0,50,30,535.0,6420.0,56.2,478.8,66,63,10,2,30,17,188,290.8,478.8,478.8,13.2,35.9,1.41,메모-0287: 응답자가 조사표 작성 기준을 확인함
HH-2025-000288,2025,4,ED-0288,R13,전북특별자치도,동부,도시,ST-13-동,PSU-0157,2025-05-07,전화,완료,오피스텔,자가,0,부부+자녀,3,3~4인,남성,48,40대,5,대학교,자영업자,취업,기타서비스,N,5,3,5,55.5,35.0,0.0,430,10,30,470.0,5640.0,49.4,420.6,78,84,29,2,35,48,276,144.6,140.2,242.8,20.0,36.7,1.775,"메모-0288: 생활비, 주거비 항목 재확인"
HH-2025-000289,2025,1,ED-0289,R01,서울특별시,동부,도시,ST-01-동,PSU-0194,2025-06-13,인터넷,완료,아파트,자가,14,1인가구,1,1인,남성,69,60대,3,중학교,비경제활동,비경제활동,,Y,2,4,5,,,0.0,0.0,45,60,105.0,1260.0,5.8,99.2,40,54,15,31,17,14,171,-71.8,99.2,99.2,54.4,31.2,0.635,메모-0289: 가구원 수 변동 내용을 면접원이 확인
HH-2025-000290,2025,2,ED-0290,R09,경기도,동부,도시,ST-09-동,PSU-0231,2025-07-20,전화,완료,아파트,월세,21,부부+자녀,3,3~4인,여성,52,50대,5,대학교,상용근로자,취업,건설업,Y,3,4,5,54.0,31.0,385,0.0,40,105,530.0,6360.0,55.6,474.4,93,108,17,7,43,35,303,171.4,158.1,273.9,22.8,35.7,1.0,메모-0290: 소득 항목은 월평균 금액으로 응답
HH-2025-000291,2025,3,ED-0291,R01,서울특별시,동부,도시,ST-01-동,PSU-0268,2025-08-26,인터넷,완료,아파트,전세,28,1인가구,1,1인,남성,63,60대,3,중학교,자영업자,취업,도소매·숙박,Y,3,3,20,55.5,48.0,0.0,180,65,140,385.0,4620.0,40.4,344.6,33,81,0,9,28,26,177,167.6,344.6,344.6,23.5,37.5,1.365,메모-0291: 온라인 조사 후 전화로 일부 항목 보완
HH-2025-000292,2025,4,ED-0292,R02,부산광역시,동부,도시,ST-02-동,PSU-0005,2025-04-05,인터넷,부분응답,아파트,보증부월세,5,부부,2,2인,여성,52,50대,4,대학교,자영업자,취업,도소매·숙박,Y,4,3,10,61.5,43.0,0.0,260,45,40,345.0,4140.0,36.2,308.8,68,74,0,2,20,27,191,117.8,154.4,218.4,44.0,40.0,1.73,메모-0292: 교육비와 보건비 영수증을 참고해 응답
HH-2025-000293,2025,1,ED-0293,R01,서울특별시,동부,도시,ST-01-동,PSU-0042,2025-05-12,전화,완료,아파트,자가,12,1인가구,1,1인,여성,73,70대 이상,2,초등학교,비경제활동,비경제활동,,N,4,3,10,,,0.0,0.0,30,0,30.0,360.0,1.6,28.4,71,50,8,30,3,11,173,-144.6,28.4,28.4,176.1,32.0,0.59,메모-0293: 응답자가 조사표 작성 기준을 확인함
HH-2025-000294,2025,2,ED-0294,R04,인천광역시,동부,도시,ST-04-동,PSU-0079,2025-06-18,인터넷,완료,아파트,자가,19,한부모,2,2인,여성,55,50대,5,대학교,비경제활동,비경제활동,,Y,5,5,20,,,0.0,0.0,25,40,65.0,780.0,3.6,61.4,76,43,42,2,30,53,246,-184.6,30.7,43.4,70.0,31.8,0.955,"메모-0294: 생활비, 주거비 항목 재확인"
HH-2025-000295,2025,3,ED-0295,R07,울산광역시,동부,도시,ST-07-동,PSU-0116,2025-07-25,인터넷,완료,아파트,전세,26,1인가구,1,1인,남성,35,30대,5,대학교,상용근로자,취업,제조업,Y,4,3,20,40.0,40.0,465,0.0,0,115,580.0,6960.0,60.9,519.1,58,77,3,7,32,37,214,380.1,519.1,519.1,14.8,31.0,1.32,메모-0295: 가구원 수 변동 내용을 면접원이 확인
HH-2025-000296,2025,4,ED-0296,R15,경상북도,읍부,농촌,ST-15-읍,PSU-0153,2025-08-31,인터넷,완료,연립·다세대,보증부월세,0,기타,4,3~4인,여성,44,40대,6,대학원,상용근로자,취업,공공·교육,Y,3,3,25,58.0,36.0,460,0.0,45,5,510.0,6120.0,53.5,456.5,106,84,57,2,40,41,330,126.5,114.1,228.2,18.4,37.3,1.685,메모-0296: 소득 항목은 월평균 금액으로 응답
HH-2025-000297,2025,1,ED-0297,R01,서울특별시,동부,도시,ST-01-동,PSU-0190,2025-04-10,인터넷,완료,단독주택,자가,0,부부,2,2인,남성,63,60대,4,고등학교,자영업자,취업,제조업,Y,2,3,20,54.5,37.0,0.0,155,50,25,230.0,2760.0,12.7,217.3,72,74,0,8,18,27,199,18.3,108.7,153.7,34.1,38.7,0.545,메모-0297: 온라인 조사 후 전화로 일부 항목 보완
HH-2025-000298,2025,2,ED-0298,R01,서울특별시,동부,도시,ST-01-동,PSU-0227,2025-05-17,방문면접,완료,연립·다세대,자가,0,부부+자녀,3,3~4인,여성,68,60대,4,고등학교,자영업자,취업,도소매·숙박,N,5,2,20,51.0,33.0,0.0,135,50,15,200.0,2400.0,11.0,189.0,87,70,4,24,23,40,248,-59.0,63.0,109.1,37.0,38.0,0.91,메모-0298: 교육비와 보건비 영수증을 참고해 응답
HH-2025-000299,2025,3,ED-0299,R02,부산광역시,동부,도시,ST-02-동,PSU-0264,2025-06-23,방문면접,완료,오피스텔,보증부월세,0,부부,2,2인,여성,66,60대,4,고등학교,비경제활동,비경제활동,,N,2,3,5,,,0.0,0.0,75,60,135.0,1620.0,7.4,127.6,87,102,8,18,12,29,256,-128.4,63.8,90.2,79.9,31.0,1.275,메모-0299: 응답자가 조사표 작성 기준을 확인함
HH-2025-000300,2025,4,ED-0300,R01,서울특별시,동부,도시,ST-01-동,PSU-0001,2025-07-30,인터넷,완료,아파트,자가,1,3세대,6,5인 이상,여성,54,50대,4,고등학교,상용근로자,취업,보건·복지,Y,4,3,15,33.0,37.5,410,0.0,70,115,595.0,7140.0,62.5,532.5,156,38,68,18,24,50,354,178.5,88.8,217.4,7.1,29.6,1.64,"메모-0300: 생활비, 주거비 항목 재확인"
HH-2025-000301,2025,1,ED-0301,R16,경상남도,동부,도시,ST-16-동,PSU-0038,2025-09-05,인터넷,완료,아파트,자가,8,1인가구,1,1인,여성,40,40대,5,대학교,실업자,실업,,Y,5,3,5,,,0.0,0.0,0,60,60.0,720.0,3.3,56.7,32,59,14,2,11,29,147,-90.3,56.7,56.7,104.1,31.6,0.5,메모-0301: 가구원 수 변동 내용을 면접원이 확인
HH-2025-000302,2025,2,ED-0302,R16,경상남도,동부,도시,ST-16-동,PSU-0075,2025-04-15,인터넷,완료,단독주택,전세,0,1인가구,1,1인,여성,55,50대,4,고등학교,자영업자,취업,금융·전문서비스,Y,4,3,5,35.0,30.5,0.0,345,35,85,465.0,5580.0,48.8,416.2,44,31,31,2,29,27,164,252.2,416.2,416.2,7.4,31.0,0.865,메모-0302: 소득 항목은 월평균 금액으로 응답
HH-2025-000303,2025,3,ED-0303,R08,세종특별자치시,동부,도시,ST-08-동,PSU-0112,2025-05-22,인터넷,완료,아파트,자가,22,부부,2,2인,남성,54,50대,5,대학교,실업자,실업,,Y,4,3,45,,,0.0,0.0,40,15,55.0,660.0,3.0,52.0,79,83,0,11,7,45,225,-173.0,26.0,36.8,159.6,31.8,1.23,메모-0303: 온라인 조사 후 전화로 일부 항목 보완
HH-2025-000304,2025,4,ED-0304,R12,충청남도,동부,도시,ST-12-동,PSU-0149,2025-06-28,방문면접,완료,단독주택,무상,0,1인가구,1,1인,남성,41,40대,4,고등학교,임시·일용근로자,취업,제조업,Y,4,3,10,60.5,34.5,185,0.0,45,115,345.0,4140.0,36.2,308.8,70,45,0,14,33,26,188,120.8,308.8,308.8,14.6,39.7,1.595,메모-0304: 교육비와 보건비 영수증을 참고해 응답
HH-2025-000305,2025,1,ED-0305,R10,강원특별자치도,면부,농촌,ST-10-면,PSU-0186,2025-08-04,인터넷,완료,아파트,자가,6,부부+자녀,3,3~4인,남성,31,30대,6,대학원,임시·일용근로자,취업,공공·교육,Y,5,3,25,16.0,33.0,170,0.0,75,55,300.0,4800.0,31.5,268.5,88,22,30,2,34,46,222,46.5,89.5,155.0,8.2,30.0,1.96,메모-0305: 응답자가 조사표 작성 기준을 확인함
HH-2025-000306,2025,2,ED-0306,R03,대구광역시,동부,도시,ST-03-동,PSU-0223,2025-09-10,방문면접,완료,아파트,자가,13,부부,2,2인,남성,61,60대,4,고등학교,무급가족종사자,취업,정보통신,Y,5,4,5,35.0,51.0,0.0,85,25,65,175.0,2100.0,9.6,165.4,96,61,1,27,38,37,260,-94.6,82.7,117.0,36.9,34.2,0.82,"메모-0306: 생활비, 주거비 항목 재확인"
HH-2025-000307,2025,3,ED-0307,R09,경기도,동부,도시,ST-09-동,PSU-0260,2025-04-20,인터넷,완료,아파트,보증부월세,20,부부,2,2인,남성,41,40대,4,고등학교,무급가족종사자,취업,농림어업,Y,5,4,25,55.0,50.5,0.0,70,30,145,245.0,2940.0,13.5,231.5,78,97,13,9,32,27,256,-24.5,115.8,163.7,41.9,38.8,1.185,메모-0307: 가구원 수 변동 내용을 면접원이 확인
HH-2025-000308,2025,4,ED-0308,R02,부산광역시,동부,도시,ST-02-동,PSU-0297,2025-05-27,전화,완료,오피스텔,보증부월세,0,부부,2,2인,남성,37,30대,5,대학교,자영업자,취업,운수업,N,5,3,15,46.0,35.5,0.0,545,15,15,575.0,6900.0,60.4,514.6,74,110,0,5,42,57,288,226.6,257.3,363.9,21.4,32.7,1.55,메모-0308: 소득 항목은 월평균 금액으로 응답
HH-2025-000309,2025,1,ED-0309,R15,경상북도,동부,도시,ST-15-동,PSU-0034,2025-07-03,방문면접,완료,오피스텔,자가,0,부부,2,2인,여성,39,30대,5,대학교,비경제활동,비경제활동,,Y,5,4,10,,,0.0,0.0,0,70,70.0,840.0,3.9,66.1,84,54,7,7,18,40,210,-143.9,33.0,46.7,81.7,31.6,1.915,메모-0309: 온라인 조사 후 전화로 일부 항목 보완
HH-2025-000310,2025,2,ED-0310,R14,전라남도,읍부,농촌,ST-14-읍,PSU-0071,2025-08-09,전화,완료,단독주택,자가,0,한부모,4,3~4인,남성,79,70대 이상,2,초등학교,비경제활동,비경제활동,,N,2,4,25,,,0.0,0.0,100,105,205.0,2460.0,11.3,193.7,106,21,26,22,17,42,234,-40.3,48.4,96.8,10.8,30.1,0.775,
HH-2025-000311,2025,3,ED-0311,R04,인천광역시,동부,도시,ST-04-동,PSU-0108,2025-09-15,인터넷,완료,아파트,자가,18,1인가구,1,1인,남성,68,60대,4,고등학교,임시·일용근로자,취업,제조업,Y,3,4,5,49.5,30.5,125,0.0,60,80,265.0,3180.0,14.6,250.4,76,58,2,23,24,37,220,30.4,250.4,250.4,23.2,36.8,1.14,메모-0311: 응답자가 조사표 작성 기준을 확인함
HH-2025-000312,2025,4,ED-0312,R01,서울특별시,동부,도시,ST-01-동,PSU-0145,2025-04-25,방문면접,완료,오피스텔,자가,0,부부,2,2인,여성,65,60대,5,대학교,자영업자,취업,금융·전문서비스,N,4,3,15,71.5,45.5,0.0,320,25,35,380.0,4560.0,39.9,340.1,56,54,0,19,60,43,232,108.1,170.1,240.5,15.9,43.7,1.505,"메모-0312: 생활비, 주거비 항목 재확인"
HH-2025-000313,2025,1,ED-0313,R02,부산광역시,동부,도시,ST-02-동,PSU-0182,2025-06-01,인터넷,부분응답,단독주택,자가,0,부부+자녀,3,3~4인,남성,40,40대,4,고등학교,상용근로자,취업,금융·전문서비스,Y,5,3,20,62.0,35.0,355,0.0,5,20,380.0,4560.0,39.9,340.1,92,62,44,4,50,30,282,58.1,113.4,196.4,18.2,40.0,1.87,메모-0313: 가구원 수 변동 내용을 면접원이 확인
HH-2025-000314,2025,2,ED-0314,R09,경기도,읍부,농촌,ST-09-읍,PSU-0219,2025-07-08,인터넷,완료,단독주택,보증부월세,0,부부,2,2인,여성,77,70대 이상,4,고등학교,비경제활동,비경제활동,,Y,3,2,5,,,0.0,0.0,85,0,85.0,1020.0,4.7,80.3,49,73,0,31,17,30,200,-119.7,40.1,56.8,90.9,31.4,0.73,메모-0314: 소득 항목은 월평균 금액으로 응답
HH-2025-000315,2025,3,ED-0315,R12,충청남도,동부,도시,ST-12-동,PSU-0256,2025-08-14,전화,완료,연립·다세대,자가,0,부부,2,2인,남성,61,60대,2,초등학교,자영업자,취업,운수업,Y,3,3,25,54.0,50.0,0.0,170,40,95,305.0,3660.0,32.0,273.0,61,45,0,4,42,34,186,87.0,136.5,193.0,16.5,37.8,1.095,메모-0315: 온라인 조사 후 전화로 일부 항목 보완
HH-2025-000316,2025,4,ED-0316,R08,세종특별자치시,동부,도시,ST-08-동,PSU-0293,2025-09-20,전화,완료,연립·다세대,전세,0,부부+자녀,3,3~4인,여성,58,60대,4,고등학교,상용근로자,취업,운수업,Y,3,4,5,43.0,47.5,185,0.0,80,0,265.0,3180.0,14.6,250.4,89,39,30,11,24,49,242,8.4,83.5,144.6,15.6,35.0,1.46,메모-0316: 교육비와 보건비 영수증을 참고해 응답
HH-2025-000317,2025,1,ED-0317,R09,경기도,동부,도시,ST-09-동,PSU-0030,2025-04-30,방문면접,완료,단독주택,전세,0,부부,2,2인,여성,66,60대,4,고등학교,상용근로자,취업,정보통신,Y,3,3,10,55.0,42.5,240,0.0,25,135,400.0,4800.0,42.0,358.0,74,84,0,36,31,44,269,89.0,179.0,253.1,23.5,37.3,1.825,메모-0317: 응답자가 조사표 작성 기준을 확인함
HH-2025-000318,2025,2,ED-0318,R01,서울특별시,동부,도시,ST-01-동,PSU-0067,2025-06-06,인터넷,완료,단독주택,전세,0,1인가구,1,1인,여성,48,40대,5,대학교,임시·일용근로자,취업,건설업,Y,4,2,5,68.0,45.0,240,0.0,55,75,370.0,4440.0,38.9,331.1,42,64,14,14,29,31,344,-12.9,331.1,331.1,19.3,42.6,0.685,"메모-0318: 생활비, 주거비 항목 재확인"
HH-2025-000319,2025,3,ED-0319,R01,서울특별시,동부,도시,ST-01-동,PSU-0104,2025-07-13,인터넷,완료,연립·다세대,자가,0,부부+자녀,3,3~4인,남성,24,20대 이하,4,고등학교,상용근로자,취업,도소매·숙박,Y,5,4,10,35.5,47.0,285,0.0,55,0,340.0,4080.0,35.7,304.3,92,68,0,4,35,50,249,55.3,101.4,175.7,22.3,32.6,1.05,메모-0319: 가구원 수 변동 내용을 면접원이 확인
HH-2025-000320,2025,4,ED-0320,R14,전라남도,면부,농촌,ST-14-면,PSU-0141,2025-08-19,인터넷,완료,연립·다세대,자가,0,부부+자녀,5,5인 이상,남성,48,40대,5,대학교,상용근로자,취업,도소매·숙박,Y,5,5,10,32.0,35.5,515,0.0,40,120,675.0,8100.0,114.8,560.2,130,23,64,13,38,61,329,231.2,112.0,250.5,4.1,29.0,1.415,메모-0320: 소득 항목은 월평균 금액으로 응답
HH-2025-000321,2025,1,ED-0321,R01,서울특별시,동부,도시,ST-01-동,PSU-0178,2025-09-25,방문면접,완료,아파트,자가,28,한부모,4,3~4인,남성,65,60대,4,고등학교,자영업자,취업,정보통신,N,3,3,10,18.0,47.5,0.0,465,65,10,540.0,6480.0,56.7,483.3,138,69,0,7,32,37,283,200.3,120.8,241.7,14.3,27.7,1.78,메모-0321: 온라인 조사 후 전화로 일부 항목 보완
HH-2025-000322,2025,2,ED-0322,R09,경기도,동부,도시,ST-09-동,PSU-0215,2025-05-05,전화,완료,아파트,자가,5,한부모,3,3~4인,여성,75,70대 이상,2,초등학교,자영업자,취업,도소매·숙박,N,3,1,5,90.5,32.5,0.0,310,70,55,435.0,5220.0,45.7,389.3,76,53,0,14,23,42,208,181.3,129.8,224.8,13.6,52.3,0.64,메모-0322: 교육비와 보건비 영수증을 참고해 응답
HH-2025-000323,2025,3,ED-0323,R09,경기도,읍부,농촌,ST-09-읍,PSU-0252,2025-06-11,방문면접,완료,단독주택,자가,0,1인가구,1,1인,남성,40,40대,5,대학교,상용근로자,취업,보건·복지,Y,4,4,5,17.0,37.0,260,0.0,10,65,335.0,4020.0,35.2,299.8,66,45,0,11,29,9,160,139.8,299.8,299.8,15.0,29.6,1.005,메모-0323: 응답자가 조사표 작성 기준을 확인함
HH-2025-000324,2025,4,ED-0324,R02,부산광역시,읍부,농촌,ST-02-읍,PSU-0289,2025-07-18,인터넷,완료,아파트,자가,19,부부+자녀,4,3~4인,남성,42,40대,5,대학교,자영업자,취업,정보통신,Y,3,4,5,32.5,37.0,0.0,695,70,95,860.0,10320.0,146.2,713.8,113,17,35,3,33,45,246,467.8,178.4,356.9,2.4,27.1,1.37,"메모-0324: 생활비, 주거비 항목 재확인"
HH-2025-000325,2025,1,ED-0325,R09,경기도,면부,농촌,ST-09-면,PSU-0026,2025-08-24,인터넷,완료,연립·다세대,보증부월세,0,1인가구,1,1인,남성,31,30대,5,대학교,상용근로자,취업,도소매·숙박,Y,4,3,20,14.0,40.5,505,0.0,50,20,575.0,6900.0,60.4,514.6,53,109,6,24,38,35,265,249.6,514.6,514.6,21.2,26.9,1.735,메모-0325: 가구원 수 변동 내용을 면접원이 확인
HH-2025-000326,2025,2,ED-0326,R10,강원특별자치도,면부,농촌,ST-10-면,PSU-0063,2025-04-03,인터넷,완료,단독주택,자가,0,1인가구,1,1인,남성,57,50대,5,대학교,비경제활동,비경제활동,,Y,3,3,5,,,0.0,0.0,0,0,0.0,0.0,0.0,0.0,65,45,0,15,17,16,158,-158.0,0.0,0.0,4500.0,32.3,0.595,메모-0326: 소득 항목은 월평균 금액으로 응답
HH-2025-000327,2025,3,ED-0327,R10,강원특별자치도,동부,도시,ST-10-동,PSU-0100,2025-05-10,방문면접,완료,단독주택,전세,0,1인가구,1,1인,남성,63,60대,3,중학교,임시·일용근로자,취업,공공·교육,N,3,3,5,57.0,42.0,165,0.0,20,80,265.0,3180.0,14.6,250.4,50,67,2,15,48,26,208,42.4,250.4,250.4,26.8,39.2,0.96,메모-0327: 온라인 조사 후 전화로 일부 항목 보완
HH-2025-000328,2025,4,ED-0328,R01,서울특별시,동부,도시,ST-01-동,PSU-0137,2025-06-16,인터넷,완료,연립·다세대,자가,0,부부,2,2인,여성,52,50대,4,고등학교,상용근로자,취업,제조업,Y,3,3,30,43.0,47.5,535,0.0,10,15,560.0,6720.0,58.8,501.2,57,52,0,12,20,37,178,323.2,250.6,354.4,10.4,31.9,1.325,메모-0328: 교육비와 보건비 영수증을 참고해 응답
HH-2025-000329,2025,1,ED-0329,R09,경기도,동부,도시,ST-09-동,PSU-0174,2025-07-23,전화,완료,아파트,자가,24,3세대,4,3~4인,여성,50,50대,5,대학교,무급가족종사자,취업,기타서비스,Y,4,4,5,34.5,39.0,0.0,75,60,5,190.0,2280.0,7.7,132.3,107,75,44,12,38,54,330,-197.7,33.1,66.2,56.7,34.6,1.69,메모-0329: 응답자가 조사표 작성 기준을 확인함
HH-2025-000330,2025,2,ED-0330,R17,제주특별자치도,읍부,농촌,ST-17-읍,PSU-0211,2025-08-29,인터넷,완료,아파트,자가,1,부부,2,2인,남성,64,60대,4,고등학교,비경제활동,비경제활동,,Y,3,4,15,,,0.0,0.0,70,10,80.0,960.0,4.4,75.6,81,17,0,20,31,36,185,-109.4,37.8,53.5,22.5,31.5,0.55,"메모-0330: 생활비, 주거비 항목 재확인"
HH-2025-000331,2025,3,ED-0331,R02,부산광역시,동부,도시,ST-02-동,PSU-0248,2025-04-08,인터넷,완료,아파트,자가,8,한부모,4,3~4인,남성,69,60대,5,대학교,비경제활동,비경제활동,,Y,3,3,5,,,0.0,0.0,70,20,90.0,1080.0,5.0,85.0,115,49,0,18,14,36,232,-147.0,21.2,42.5,57.6,31.4,0.915,메모-0331: 가구원 수 변동 내용을 면접원이 확인
HH-2025-000332,2025,4,ED-0332,R15,경상북도,동부,농촌,ST-15-동,PSU-0285,2025-05-15,전화,완료,아파트,자가,15,1인가구,1,1인,여성,50,50대,5,대학교,상용근로자,취업,건설업,Y,5,5,10,62.0,31.0,420,0.0,20,70,510.0,6120.0,53.5,456.5,63,55,11,2,24,8,163,293.5,456.5,456.5,12.0,38.4,1.28,메모-0332: 소득 항목은 월평균 금액으로 응답
HH-2025-000333,2025,1,ED-0333,R02,부산광역시,동부,도시,ST-02-동,PSU-0022,2025-06-21,인터넷,완료,오피스텔,보증부월세,0,기타,2,2인,남성,54,50대,5,대학교,상용근로자,취업,보건·복지,N,5,4,5,50.5,39.0,410,0.0,55,0,465.0,5580.0,48.8,416.2,77,90,0,11,31,40,249,167.2,208.1,294.3,21.6,35.2,1.645,메모-0333: 온라인 조사 후 전화로 일부 항목 보완
HH-2025-000334,2025,2,ED-0334,R01,서울특별시,동부,도시,ST-01-동,PSU-0059,2025-07-28,인터넷,완료,아파트,자가,29,3세대,5,5인 이상,여성,44,40대,4,고등학교,상용근로자,취업,건설업,Y,4,3,15,51.0,35.5,320,0.0,25,20,365.0,4380.0,38.3,326.7,141,45,54,3,36,46,325,1.7,65.3,146.1,13.8,36.5,0.505,메모-0334: 교육비와 보건비 영수증을 참고해 응답
HH-2025-000335,2025,3,ED-0335,R15,경상북도,면부,농촌,ST-15-면,PSU-0096,2025-09-03,방문면접,완료,단독주택,보증부월세,0,부부+자녀,3,5인 이상,남성,51,50대,5,대학교,상용근로자,취업,제조업,Y,3,2,10,9.0,39.5,400,0.0,35,75,510.0,6120.0,53.5,456.5,98,74,34,10,33,42,291,165.5,152.2,263.6,16.2,52.3,0.87,메모-0335: 응답자가 조사표 작성 기준을 확인함
HH-2025-000336,2025,4,ED-0336,R01,서울특별시,동부,도시,ST-01-동,PSU-0133,2025-04-13,인터넷,완료,아파트,전세,13,1인가구,1,1인,여성,39,30대,4,고등학교,임시·일용근로자,취업,공공·교육,Y,4,3,15,43.0,41.5,205,0.0,25,105,335.0,4020.0,35.2,299.8,63,71,5,12,32,12,195,104.8,299.8,299.8,23.7,34.3,1.235,"메모-0336: 생활비, 주거비 항목 재확인"
HH-2025-000337,2025,1,ED-0337,R01,서울특별시,동부,도시,ST-01-동,PSU-0170,2025-05-20,방문면접,완료,아파트,자가,20,기타,6,5인 이상,남성,66,60대,6,대학원,상용근로자,취업,기타서비스,N,2,4,5,55.0,49.5,420,0.0,35,10,465.0,5580.0,48.8,416.2,155,96,38,20,29,57,395,21.2,69.4,169.9,23.1,36.9,1.6,메모-0337: 가구원 수 변동 내용을 면접원이 확인
HH-2025-000338,2025,2,ED-0338,R04,인천광역시,동부,도시,ST-04-동,PSU-0207,2025-06-26,인터넷,완료,연립·다세대,자가,0,부부+자녀,4,3~4인,남성,43,40대,4,고등학교,상용근로자,취업,보건·복지,Y,5,3,10,41.5,27.5,495,0.0,60,120,675.0,8100.0,114.8,560.2,102,47,29,21,41,38,278,282.2,140.1,280.1,8.4,31.0,1.965,메모-0338: 소득 항목은 월평균 금액으로 응답
HH-2025-000339,2025,3,ED-0339,R09,경기도,읍부,농촌,ST-09-읍,PSU-0244,2025-08-02,전화,완료,아파트,자가,4,1인가구,1,1인,여성,52,50대,5,대학교,상용근로자,취업,운수업,Y,4,4,10,23.0,48.0,345,0.0,30,20,395.0,4740.0,41.5,353.5,48,20,1,6,34,35,144,209.5,353.5,353.5,5.7,29.6,0.825,메모-0339: 온라인 조사 후 전화로 일부 항목 보완
HH-2025-000340,2025,4,ED-0340,R04,인천광역시,동부,도시,ST-04-동,PSU-0281,2025-09-08,인터넷,대리응답,아파트,보증부월세,11,부부+자녀,3,3~4인,남성,38,30대,4,고등학교,상용근로자,취업,도소매·숙박,Y,3,4,10,54.5,39.0,335,0.0,30,80,445.0,5340.0,46.7,398.3,92,92,17,18,26,32,277,121.3,132.8,230.0,23.1,36.7,1.19,메모-0340: 교육비와 보건비 영수증을 참고해 응답
HH-2025-000341,2025,1,ED-0341,R11,충청북도,동부,도시,ST-11-동,PSU-0018,2025-04-18,인터넷,완료,아파트,전세,18,부부+자녀,4,3~4인,남성,43,40대,4,고등학교,상용근로자,취업,도소매·숙박,Y,4,3,5,44.5,45.5,460,0.0,65,55,580.0,6960.0,60.9,519.1,110,34,39,18,37,56,294,225.1,129.8,259.6,6.5,32.3,1.555,
HH-2025-000342,2025,2,ED-0342,R09,경기도,면부,농촌,ST-09-면,PSU-0055,2025-05-25,인터넷,완료,오피스텔,전세,0,부부+자녀,4,3~4인,남성,49,40대,5,대학교,비경제활동,비경제활동,,Y,5,4,5,,,0.0,0.0,85,65,150.0,1800.0,8.2,141.8,96,24,16,15,20,73,244,-102.2,35.5,70.9,16.9,30.8,1.92,"메모-0342: 생활비, 주거비 항목 재확인"
HH-2025-000343,2025,3,ED-0343,R06,대전광역시,동부,도시,ST-06-동,PSU-0092,2025-07-01,전화,완료,오피스텔,자가,0,부부,2,2인,남성,31,30대,3,중학교,상용근로자,취업,농림어업,Y,5,3,5,63.0,34.0,265,0.0,30,150,445.0,5340.0,46.7,398.3,65,66,0,23,45,24,223,175.3,199.2,281.6,16.6,39.6,0.78,메모-0343: 가구원 수 변동 내용을 면접원이 확인
HH-2025-000344,2025,4,ED-0344,R15,경상북도,동부,도시,ST-15-동,PSU-0129,2025-08-07,인터넷,완료,아파트,자가,9,1인가구,1,1인,여성,46,40대,5,대학교,비경제활동,비경제활동,,Y,4,3,15,,,0.0,0.0,15,75,90.0,1080.0,5.0,85.0,53,67,0,11,18,8,157,-72.0,85.0,85.0,78.8,31.3,1.145,메모-0344: 소득 항목은 월평균 금액으로 응답
HH-2025-000345,2025,1,ED-0345,R06,대전광역시,동부,도시,ST-06-동,PSU-0166,2025-09-13,전화,완료,연립·다세대,자가,0,부부+자녀,4,3~4인,남성,49,40대,4,고등학교,자영업자,취업,도소매·숙박,Y,4,3,5,31.0,35.0,0.0,250,40,25,315.0,3780.0,33.1,281.9,110,43,34,2,30,40,259,22.9,70.5,140.9,15.3,32.0,1.51,메모-0345: 온라인 조사 후 전화로 일부 항목 보완
HH-2025-000346,2025,2,ED-0346,R01,서울특별시,동부,도시,ST-01-동,PSU-0203,2025-04-23,인터넷,대리응답,단독주택,전세,0,부부+자녀,3,3~4인,여성,26,20대 이하,5,대학교,자영업자,취업,도소매·숙박,Y,5,4,10,22.0,44.5,0.0,340,60,55,455.0,5460.0,47.8,407.2,91,36,0,15,42,34,218,189.2,135.7,235.1,8.8,29.0,1.875,메모-0346: 교육비와 보건비 영수증을 참고해 응답
HH-2025-000347,2025,3,ED-0347,R11,충청북도,동부,도시,ST-11-동,PSU-0240,2025-05-30,인터넷,완료,오피스텔,자가,0,부부+자녀,3,3~4인,여성,63,60대,3,중학교,임시·일용근로자,취업,도소매·숙박,Y,4,2,40,68.0,36.5,215,0.0,5,40,260.0,3120.0,14.3,245.7,101,53,0,6,21,45,226,19.7,81.9,141.9,21.6,43.4,0.735,메모-0347: 응답자가 조사표 작성 기준을 확인함
HH-2025-000348,2025,4,ED-0348,R09,경기도,면부,농촌,ST-09-면,PSU-0277,2025-07-06,전화,완료,단독주택,보증부월세,0,1인가구,1,1인,여성,62,60대,3,중학교,임시·일용근로자,취업,도소매·숙박,Y,3,3,10,5.0,46.0,140,0.0,15,60,215.0,2580.0,11.8,203.2,65,90,0,15,49,11,230,-26.8,203.2,203.2,44.3,30.1,1.1,"메모-0348: 생활비, 주거비 항목 재확인"
HH-2025-000349,2025,1,ED-0349,R01,서울특별시,동부,도시,ST-01-동,PSU-0014,2025-08-12,인터넷,완료,연립·다세대,보증부월세,0,부부,2,2인,남성,46,40대,4,고등학교,상용근로자,취업,제조업,Y,5,5,5,46.5,36.5,390,0.0,15,55,460.0,5520.0,48.3,411.7,78,79,2,22,17,49,247,164.7,205.8,291.1,19.2,34.0,1.465,메모-0349: 가구원 수 변동 내용을 면접원이 확인
HH-2025-000350,2025,2,ED-0350,R10,강원특별자치도,면부,농촌,ST-10-면,PSU-0051,2025-09-18,인터넷,완료,아파트,보증부월세,21,1인가구,1,1인,여성,52,50대,6,대학원,상용근로자,취업,농림어업,Y,4,3,10,55.5,48.5,500,0.0,10,70,580.0,6960.0,60.9,519.1,66,62,0,6,36,27,197,322.1,519.1,519.1,11.9,35.4,1.83,메모-0350: 소득 항목은 월평균 금액으로 응답
HH-2025-000351,2025,3,ED-0351,R09,경기도,동부,도시,ST-09-동,PSU-0088,2025-04-28,방문면접,완료,연립·다세대,전세,0,부부+자녀,3,3~4인,남성,18,20대 이하,5,대학교,실업자,실업,,Y,5,4,5,,,0.0,0.0,65,30,95.0,1140.0,5.2,89.8,87,67,22,2,17,40,235,-145.2,29.9,51.8,74.6,31.4,0.69,메모-0351: 온라인 조사 후 전화로 일부 항목 보완
HH-2025-000352,2025,4,ED-0352,R09,경기도,읍부,농촌,ST-09-읍,PSU-0125,2025-06-04,방문면접,완료,기타,보증부월세,0,부부+자녀,3,3~4인,여성,76,70대 이상,2,초등학교,자영업자,취업,제조업,N,3,4,5,35.0,41.0,0.0,285,75,5,365.0,4380.0,38.3,326.7,83,62,22,33,21,49,270,56.7,108.9,188.6,19.0,32.3,1.055,메모-0352: 교육비와 보건비 영수증을 참고해 응답
HH-2025-000353,2025,1,ED-0353,R11,충청북도,동부,도시,ST-11-동,PSU-0162,2025-07-11,인터넷,대리응답,아파트,전세,12,1인가구,1,1인,남성,35,30대,4,고등학교,상용근로자,취업,금융·전문서비스,Y,4,3,5,53.5,32.0,225,0.0,15,125,365.0,4380.0,38.3,326.7,60,83,1,5,37,42,228,98.7,326.7,326.7,25.4,37.1,1.42,메모-0353: 응답자가 조사표 작성 기준을 확인함
HH-2025-000354,2025,2,ED-0354,R09,경기도,읍부,농촌,ST-09-읍,PSU-0199,2025-08-17,인터넷,완료,단독주택,월세,0,1인가구,1,1인,여성,47,40대,4,고등학교,비경제활동,비경제활동,,Y,5,5,10,,,0.0,0.0,0,100,100.0,1200.0,5.5,94.5,63,93,0,27,31,44,258,-88.5,94.5,94.5,98.4,31.4,1.785,"메모-0354: 생활비, 주거비 항목 재확인"
HH-2025-000355,2025,3,ED-0355,R03,인천광역시,동부,도시,ST-03-동,PSU-0236,2025-09-23,전화,완료,단독주택,보증부월세,0,3세대,7,5인 이상,여성,39,30대,4,고등학교,상용근로자,취업,제조업,Y,5,5,10,33.0,32.5,530,0.0,10,0,540.0,6480.0,56.7,483.3,172,87,85,9,20,73,446,37.3,69.0,432.7,18.0,30.4,0.645,메모-0355: 가구원 수 변동 내용을 면접원이 확인
HH-2025-000356,2025,4,ED-0356,R09,경기도,동부,도시,ST-09-동,PSU-0273,2025-05-03,인터넷,완료,오피스텔,보증부월세,0,기타,4,3~4인,남성,35,30대,4,고등학교,상용근로자,실업,공공·교육,Y,5,4,5,43.5,45.0,375,0.0,45,150,570.0,6840.0,59.8,510.2,117,84,24,9,20,51,305,205.2,127.5,255.1,16.5,32.2,1.01,메모-0356: 소득 항목은 월평균 금액으로 응답
HH-2025-000357,2025,1,ED-0357,R09,경기도,동부,도시,ST-09-동,PSU-0010,2025-06-09,인터넷,완료,아파트,자가,10,1인가구,1,1인,여성,49,40대,4,고등학교,실업자,실업,,Y,3,3,5,,,0.0,0.0,5,100,105.0,1260.0,5.8,99.2,59,73,0,2,18,19,171,-71.8,99.2,99.2,73.6,31.2,1.375,메모-0357: 온라인 조사 후 전화로 일부 항목 보완
HH-2025-000358,2025,2,ED-0358,R14,전라남도,읍부,농촌,ST-14-읍,PSU-0047,2025-07-16,방문면접,완료,단독주택,자가,0,부부,2,2인,여성,75,70대 이상,4,고등학교,비경제활동,비경제활동,,Y,2,3,5,,,0.0,0.0,40,90,130.0,1560.0,7.2,122.8,88,28,0,12,15,30,173,-50.2,61.4,86.8,22.8,30.9,1.74,메모-0358: 교육비와 보건비 영수증을 참고해 응답
HH-2025-000359,2025,3,ED-0359,R15,경상북도,동부,도시,ST-15-동,PSU-0084,2025-08-22,인터넷,완료,오피스텔,자가,0,1인가구,1,1인,남성,48,40대,3,중학교,상용근로자,취업,건설업,Y,4,2,5,52.5,49.0,275,0.0,15,25,315.0,3780.0,33.1,281.9,61,48,0,15,43,18,185,96.9,281.9,281.9,17.0,37.3,0.6,메모-0359: 응답자가 조사표 작성 기준을 확인함
HH-2025-000360,2025,4,ED-0360,R13,전북특별자치도,면부,농촌,ST-13-면,PSU-0121,2025-04-01,인터넷,완료,단독주택,자가,0,1인가구,1,1인,남성,47,40대,5,대학교,상용근로자,취업,금융·전문서비스,Y,5,5,5,18.0,42.0,555,0.0,10,30,595.0,7140.0,62.5,532.5,63,21,11,4,32,21,152,380.5,532.5,532.5,3.9,26.9,0.965,"메모-0360: 생활비, 주거비 항목 재확인"
HH-2025-000361,2025,1,ED-0361,R09,경기도,동부,도시,ST-09-동,PSU-0158,2025-05-08,방문면접,부분응답,단독주택,자가,0,한부모,4,3~4인,여성,46,40대,5,대학교,상용근로자,취업,제조업,Y,4,3,5,30.5,42.0,285,0.0,30,55,370.0,4440.0,38.9,331.1,143,74,25,6,44,44,336,-4.9,82.8,165.6,22.3,31.5,1.33,메모-0361: 가구원 수 변동 내용을 면접원이 확인
HH-2025-000362,2025,2,ED-0362,R16,경상남도,면부,농촌,ST-16-면,PSU-0195,2025-06-14,인터넷,완료,단독주택,월세,0,부부+자녀,4,3~4인,남성,58,50대,3,중학교,임시·일용근로자,취업,금융·전문서비스,Y,4,4,5,39.5,31.0,145,0.0,15,135,295.0,3540.0,16.2,278.8,93,69,48,17,34,60,321,-42.2,69.7,139.4,24.7,34.0,1.695,메모-0362: 소득 항목은 월평균 금액으로 응답
HH-2025-000363,2025,3,ED-0363,R12,충청남도,읍부,농촌,ST-12-읍,PSU-0232,2025-07-21,인터넷,완료,아파트,전세,22,부부+자녀,3,3~4인,남성,18,20대 이하,4,고등학교,학생,비경제활동,,Y,5,5,10,,,0.0,0.0,45,100,145.0,1740.0,8.0,137.0,62,55,6,2,38,47,210,-73.0,45.7,79.1,40.1,30.8,0.555,메모-0363: 온라인 조사 후 전화로 일부 항목 보완
HH-2025-000364,2025,4,ED-0364,R15,경상북도,읍부,농촌,ST-15-읍,PSU-0269,2025-08-27,전화,완료,단독주택,자가,0,1인가구,1,1인,남성,34,30대,6,대학원,자영업자,취업,정보통신,Y,5,4,5,24.5,36.0,0.0,540,10,10,560.0,6720.0,58.8,501.2,42,30,0,13,40,39,164,337.2,501.2,501.2,6.0,28.1,0.92,메모-0364: 교육비와 보건비 영수증을 참고해 응답
HH-2025-000365,2025,1,ED-0365,R02,부산광역시,동부,도시,ST-02-동,PSU-0006,2025-04-06,전화,완료,아파트,자가,6,한부모,4,3~4인,여성,57,50대,5,대학원,상용근로자,취업,금융·전문서비스,Y,3,4,35,56.0,32.0,415,0.0,65,65,545.0,6540.0,57.2,487.8,117,59,45,9,31,43,304,183.8,122.0,243.9,32.1,36.2,1.285,메모-0365: 응답자가 조사표 작성 기준을 확인함
HH-2025-000366,2025,2,ED-0366,R02,부산광역시,동부,도시,ST-02-동,PSU-0043,2025-05-13,인터넷,완료,단독주택,월세,0,기타,2,2인,여성,53,50대,4,고등학교,상용근로자,취업,운수업,Y,5,3,5,36.5,45.5,270,0.0,15,125,410.0,6120.0,43.0,367.0,71,120,0,2,25,34,252,115.0,183.5,259.5,32.7,32.1,1.65,"메모-0366: 생활비, 주거비 항목 재확인"
HH-2025-000367,2025,3,ED-0367,R03,대구광역시,동부,도시,ST-03-동,PSU-0080,2025-06-19,인터넷,완료,단독주택,자가,0,1인가구,1,1인,남성,81,70대 이상,3,중학교,비경제활동,비경제활동,,Y,3,3,20,,,0.0,0.0,50,10,60.0,720.0,3.3,56.7,33,58,0,38,18,33,180,-123.3,56.7,56.7,102.3,31.7,0.51,메모-0367: 가구원 수 변동 내용을 면접원이 확인
HH-2025-000368,2025,4,ED-0368,R16,경상남도,읍부,농촌,ST-16-읍,PSU-0117,2025-07-26,인터넷,완료,연립·다세대,자가,0,부부+자녀,4,3~4인,여성,41,40대,4,고등학교,실업자,실업,,Y,4,3,15,,,0.0,0.0,40,60,100.0,1200.0,5.5,94.5,106,51,57,18,42,38,312,-217.5,23.6,47.2,54.0,31.5,0.875,메모-0368: 소득 항목은 월평균 금액으로 응답
HH-2025-000369,2025,1,ED-0369,R09,경기도,면부,농촌,ST-09-면,PSU-0154,2025-09-01,인터넷,대리응답,단독주택,보증부월세,0,1인가구,1,1인,여성,46,40대,4,고등학교,상용근로자,취업,기타서비스,Y,3,4,5,30.5,46.5,330,0.0,70,45,445.0,5340.0,46.7,398.3,61,56,2,2,38,40,199,199.3,398.3,398.3,14.1,30.4,1.24,메모-0369: 온라인 조사 후 전화로 일부 항목 보완
HH-2025-000370,2025,2,ED-0370,R01,서울특별시,동부,도시,ST-01-동,PSU-0191,2025-04-11,인터넷,완료,기타,전세,0,3세대,5,5인 이상,남성,73,70대 이상,2,초등학교,비경제활동,비경제활동,,Y,2,3,15,,,0.0,0.0,55,30,85.0,1020.0,4.7,80.3,125,67,16,29,18,62,317,-236.7,16.1,35.9,83.4,31.7,1.605,메모-0370: 교육비와 보건비 영수증을 참고해 응답
HH-2025-000371,2025,3,ED-0371,R01,서울특별시,동부,도시,ST-01-동,PSU-0228,2025-05-18,전화,대리응답,아파트,자가,18,부부+자녀,4,3~4인,여성,48,40대,6,대학원,상용근로자,취업,정보통신,Y,4,4,15,40.5,40.5,520,0.0,45,45,610.0,7320.0,103.7,506.3,107,48,46,12,37,29,429,77.3,126.6,253.2,9.5,31.7,1.97,메모-0371: 응답자가 조사표 작성 기준을 확인함
HH-2025-000372,2025,4,ED-0372,R05,광주광역시,동부,도시,ST-05-동,PSU-0265,2025-06-24,방문면접,완료,아파트,전세,25,기타,2,2인,남성,66,60대,4,고등학교,무급가족종사자,취업,도소매·숙박,N,1,3,5,50.0,43.0,0.0,100,45,60,205.0,2460.0,11.3,193.7,81,88,0,18,28,37,252,-58.3,96.8,137.0,45.4,37.7,0.83,
HH-2025-000373,2025,1,ED-0373,R04,인천광역시,동부,도시,ST-04-동,PSU-0002,2025-07-31,인터넷,완료,단독주택,보증부월세,0,부부+자녀,4,3~4인,여성,45,40대,2,초등학교,상용근로자,취업,농림어업,Y,3,3,15,59.0,37.0,420,0.0,45,100,565.0,6780.0,59.3,505.7,107,96,44,2,34,59,342,163.7,126.4,252.8,19.0,37.1,1.195,메모-0373: 가구원 수 변동 내용을 면접원이 확인
HH-2025-000374,2025,2,ED-0374,R09,경기도,읍부,농촌,ST-09-읍,PSU-0039,2025-09-06,인터넷,완료,단독주택,보증부월세,0,부부,2,2인,여성,20,20대 이하,5,대학교,학생,비경제활동,,Y,4,4,15,,,0.0,0.0,25,120,145.0,1740.0,8.0,137.0,69,83,0,11,26,28,217,-80.0,68.5,96.9,60.6,30.8,1.56,메모-0374: 소득 항목은 월평균 금액으로 응답
HH-2025-000375,2025,3,ED-0375,R04,인천광역시,동부,도시,ST-04-동,PSU-0076,2025-04-16,전화,완료,오피스텔,전세,0,1인가구,1,1인,남성,59,50대,3,중학교,무급가족종사자,취업,도소매·숙박,N,4,3,5,21.5,37.0,0.0,110,30,55,195.0,2340.0,10.7,184.3,41,90,15,16,34,19,215,-30.7,184.3,184.3,48.8,31.6,1.925,메모-0375: 온라인 조사 후 전화로 일부 항목 보완
HH-2025-000376,2025,4,ED-0376,R04,인천광역시,동부,도시,ST-04-동,PSU-0113,2025-05-23,인터넷,완료,아파트,월세,23,부부,2,2인,남성,66,60대,5,대학교,임시·일용근로자,취업,기타서비스,Y,4,2,5,55.0,52.5,275,0.0,40,35,400.0,4800.0,36.8,313.2,93,122,0,40,34,39,328,-14.8,156.6,221.5,39.0,38.0,0.785,메모-0376: 교육비와 보건비 영수증을 참고해 응답
HH-2025-000377,2025,1,ED-0377,R01,서울특별시,동부,도시,ST-01-동,PSU-0150,2025-06-29,인터넷,완료,연립·다세대,자가,0,부부+자녀,3,3~4인,남성,47,40대,3,중학교,상용근로자,취업,기타서비스,Y,4,2,5,59.5,38.5,225,0.0,20,5,250.0,3000.0,13.8,236.2,86,46,10,13,21,51,227,9.2,78.7,136.4,19.5,40.2,1.15,메모-0377: 응답자가 조사표 작성 기준을 확인함
HH-2025-000378,2025,2,ED-0378,R01,서울특별시,동부,도시,ST-01-동,PSU-0187,2025-08-05,전화,완료,단독주택,보증부월세,0,1인가구,1,1인,남성,37,30대,4,고등학교,비경제활동,비경제활동,,Y,5,3,10,,,0.0,0.0,35,20,55.0,660.0,3.0,52.0,45,101,8,12,21,28,215,-163.0,52.0,52.0,194.2,31.8,1.515,"메모-0378: 생활비, 주거비 항목 재확인"
HH-2025-000379,2025,3,ED-0379,R10,강원특별자치도,면부,농촌,ST-10-면,PSU-0224,2025-09-11,인터넷,완료,단독주택,전세,0,기타,5,5인 이상,남성,43,40대,4,고등학교,비경제활동,비경제활동,,Y,3,5,60,,,0.0,0.0,55,40,95.0,1140.0,5.2,89.8,126,80,60,7,33,62,368,-278.2,18.0,40.2,89.1,31.7,1.88,메모-0379: 가구원 수 변동 내용을 면접원이 확인
HH-2025-000380,2025,4,ED-0380,R17,제주특별자치도,동부,도시,ST-17-동,PSU-0261,2025-04-21,전화,대리응답,아파트,자가,21,부부,2,2인,여성,42,40대,4,고등학교,임시·일용근로자,취업,건설업,N,5,4,5,44.0,32.0,165,0.0,15,0,180.0,2160.0,9.9,170.1,59,48,3,6,34,18,168,2.1,85.0,120.3,28.2,36.1,0.74,메모-0380: 소득 항목은 월평균 금액으로 응답
HH-2025-000381,2025,1,ED-0381,R03,대구광역시,동부,도시,ST-03-동,PSU-0298,2025-05-28,인터넷,완료,아파트,자가,28,부부,2,2인,남성,49,40대,5,대학교,상용근로자,취업,제조업,Y,5,4,5,15.0,32.5,510,0.0,20,25,555.0,6660.0,58.3,496.7,68,39,0,2,55,21,185,311.7,248.3,351.2,7.9,27.1,1.105,메모-0381: 온라인 조사 후 전화로 일부 항목 보완
HH-2025-000382,2025,2,ED-0382,R16,경상남도,동부,도시,ST-16-동,PSU-0035,2025-07-04,전화,완료,아파트,자가,5,1인가구,1,1인,남성,41,40대,4,고등학교,자영업자,취업,운수업,Y,4,2,10,46.5,38.0,0.0,360,10,75,445.0,5340.0,46.7,398.3,51,38,24,2,31,43,189,209.3,398.3,398.3,9.5,34.1,1.47,메모-0382: 교육비와 보건비 영수증을 참고해 응답
HH-2025-000383,2025,3,ED-0383,R09,경기도,면부,농촌,ST-09-면,PSU-0072,2025-08-10,전화,완료,단독주택,자가,0,1인가구,1,1인,여성,39,30대,5,대학교,상용근로자,취업,공공·교육,Y,4,4,15,58.5,30.5,305,0.0,25,55,385.0,4620.0,40.4,344.6,60,44,28,13,45,37,227,117.6,344.6,344.6,12.8,38.6,1.835,메모-0383: 응답자가 조사표 작성 기준을 확인함
HH-2025-000384,2025,4,ED-0384,R09,경기도,동부,도시,ST-09-동,PSU-0109,2025-09-16,방문면접,완료,연립·다세대,자가,0,부부,2,2인,여성,61,60대,5,대학교,비경제활동,비경제활동,,Y,4,3,10,,,0.0,0.0,25,20,45.0,540.0,2.5,42.5,88,47,4,17,22,26,204,-161.5,21.2,30.1,110.6,31.9,0.695,"메모-0384: 생활비, 주거비 항목 재확인"
HH-2025-000385,2025,1,ED-0385,R06,대전광역시,동부,도시,ST-06-동,PSU-0146,2025-04-26,전화,완료,아파트,자가,26,부부,2,2인,여성,51,50대,5,대학교,실업자,실업,,Y,2,3,5,,,0.0,0.0,0,70,70.0,840.0,3.9,66.1,68,52,6,2,38,35,201,-134.9,33.0,46.7,78.7,31.6,1.06,메모-0385: 가구원 수 변동 내용을 면접원이 확인
HH-2025-000386,2025,2,ED-0386,R09,경기도,동부,도시,ST-09-동,PSU-0183,2025-06-02,전화,완료,단독주택,보증부월세,0,3세대,5,5인 이상,남성,53,50대,5,대학교,상용근로자,취업,공공·교육,N,5,2,25,43.5,40.5,410,0.0,80,25,515.0,6180.0,54.1,460.9,159,100,87,18,25,59,448,12.9,92.2,206.1,21.7,33.0,1.425,메모-0386: 소득 항목은 월평균 금액으로 응답
HH-2025-000387,2025,3,ED-0387,R01,서울특별시,동부,도시,ST-01-동,PSU-0220,2025-07-09,인터넷,완료,단독주택,전세,0,부부,2,2인,남성,49,40대,4,고등학교,자영업자,취업,도소매·숙박,Y,4,4,10,29.5,46.5,0.0,420,0,45,465.0,5580.0,48.8,416.2,76,65,9,10,38,47,245,171.2,208.1,294.3,15.6,30.1,1.79,메모-0387: 온라인 조사 후 전화로 일부 항목 보완
HH-2025-000388,2025,4,ED-0388,R14,전라남도,동부,도시,ST-14-동,PSU-0257,2025-08-15,인터넷,부분응답,아파트,자가,17,부부,2,2인,여성,28,20대 이하,5,대학교,상용근로자,취업,건설업,Y,5,4,5,36.5,26.5,345,0.0,5,5,355.0,4260.0,37.3,317.7,75,61,4,2,31,26,199,118.7,158.8,224.6,19.2,32.6,0.65,메모-0388: 교육비와 보건비 영수증을 참고해 응답
HH-2025-000389,2025,1,ED-0389,R03,대구광역시,읍부,농촌,ST-03-읍,PSU-0294,2025-09-21,인터넷,완료,연립·다세대,보증부월세,0,부부,2,2인,남성,66,60대,3,중학교,실업자,실업,,Y,3,3,10,,,0.0,0.0,50,25,75.0,900.0,4.1,70.9,65,87,20,19,36,42,269,-198.1,35.5,50.1,122.7,31.7,1.015,메모-0389: 응답자가 조사표 작성 기준을 확인함
HH-2025-000390,2025,2,ED-0390,R16,경상남도,면부,농촌,ST-16-면,PSU-0031,2025-05-01,인터넷,완료,단독주택,자가,0,한부모,2,2인,남성,76,70대 이상,5,대학교,비경제활동,비경제활동,,Y,3,3,5,,,0.0,0.0,50,0,50.0,600.0,2.8,47.2,80,45,0,32,35,21,213,-165.8,23.6,33.4,95.3,31.9,1.38,"메모-0390: 생활비, 주거비 항목 재확인"
HH-2025-000391,2025,3,ED-0391,R03,대구광역시,동부,도시,ST-03-동,PSU-0068,2025-06-07,전화,완료,단독주택,전세,0,부부+자녀,4,3~4인,여성,38,30대,4,고등학교,실업자,실업,,Y,5,5,25,,,0.0,0.0,80,10,90.0,1080.0,5.0,85.0,110,40,12,8,4,58,232,-147.0,21.2,42.5,47.1,31.4,1.745,메모-0391: 가구원 수 변동 내용을 면접원이 확인
HH-2025-000392,2025,4,ED-0392,R09,경기도,읍부,농촌,ST-09-읍,PSU-0105,2025-07-14,인터넷,완료,기타,전세,0,부부+자녀,4,3~4인,남성,70,70대 이상,2,초등학교,비경제활동,비경제활동,,Y,3,3,10,,,0.0,0.0,85,45,130.0,1560.0,7.2,122.8,110,52,5,35,27,69,298,-175.2,30.7,61.4,42.3,31.1,0.605,메모-0392: 소득 항목은 월평균 금액으로 응답
HH-2025-000393,2025,1,ED-0393,R13,전북특별자치도,읍부,농촌,ST-13-읍,PSU-0142,2025-08-20,전화,완료,기타,보증부월세,0,1인가구,1,1인,남성,31,30대,5,대학교,임시·일용근로자,취업,제조업,Y,5,3,5,48.0,43.5,240,0.0,50,45,335.0,4020.0,35.2,299.8,41,51,0,3,40,32,167,132.8,299.8,299.8,17.0,35.6,0.97,메모-0393: 온라인 조사 후 전화로 일부 항목 보완
HH-2025-000394,2025,2,ED-0394,R01,서울특별시,동부,도시,ST-01-동,PSU-0179,2025-09-26,전화,완료,아파트,자가,29,부부,2,2인,남성,33,30대,5,대학교,비경제활동,비경제활동,,Y,5,4,5,,,0.0,0.0,40,15,55.0,660.0,3.0,52.0,59,52,18,17,11,26,183,-131.0,26.0,36.8,100.0,31.7,1.335,메모-0394: 교육비와 보건비 영수증을 참고해 응답
HH-2025-000395,2025,3,ED-0395,R04,인천광역시,동부,도시,ST-04-동,PSU-0216,2025-05-06,방문면접,완료,아파트,보증부월세,6,부부+자녀,3,3~4인,남성,60,70대 이상,3,중학교,자영업자,취업,운수업,Y,4,4,10,5.0,46.5,0.0,90,45,115,250.0,3000.0,13.8,236.2,81,74,9,22,26,31,243,-6.8,78.7,136.4,31.3,29.7,1.7,메모-0395: 응답자가 조사표 작성 기준을 확인함
HH-2025-000396,2025,4,ED-0396,R01,서울특별시,동부,도시,ST-01-동,PSU-0253,2025-06-12,전화,완료,아파트,자가,13,부부+자녀,5,5인 이상,여성,66,60대,2,초등학교,비경제활동,비경제활동,,N,3,3,10,,,0.0,0.0,85,140,225.0,2700.0,12.4,212.6,107,63,26,28,25,60,309,-96.4,42.5,95.1,29.6,30.1,0.56,"메모-0396: 생활비, 주거비 항목 재확인"
HH-2025-000397,2025,1,ED-0397,R11,충청북도,면부,농촌,ST-11-면,PSU-0290,2025-07-19,인터넷,완료,아파트,전세,20,부부,2,2인,여성,72,70대 이상,5,대학교,비경제활동,비경제활동,,Y,2,2,25,,,0.0,0.0,45,40,85.0,1020.0,4.7,80.3,77,52,3,27,9,46,214,-133.7,40.1,56.8,64.8,31.5,0.925,메모-0397: 가구원 수 변동 내용을 면접원이 확인
HH-2025-000398,2025,2,ED-0398,R01,서울특별시,읍부,농촌,ST-01-읍,PSU-0027,2025-08-25,인터넷,완료,단독주택,월세,0,한부모,3,3~4인,남성,51,50대,4,고등학교,상용근로자,취업,제조업,Y,3,3,15,46.5,40.5,275,0.0,30,95,400.0,4800.0,42.0,358.0,82,86,0,11,45,53,277,81.0,119.3,206.7,24.0,34.7,1.29,메모-0398: 소득 항목은 월평균 금액으로 응답
HH-2025-000399,2025,3,ED-0399,R09,경기도,동부,도시,ST-09-동,PSU-0064,2025-04-04,인터넷,완료,단독주택,자가,0,부부+자녀,4,3~4인,남성,48,40대,5,대학교,상용근로자,취업,도소매·숙박,Y,4,4,5,28.5,34.0,240,0.0,15,80,335.0,4020.0,35.2,299.8,127,72,52,16,17,45,329,-29.2,75.0,149.9,24.0,31.5,1.655,메모-0399: 온라인 조사 후 전화로 일부 항목 보완
HH-2025-000400,2025,4,ED-0400,R04,인천광역시,동부,도시,ST-04-동,PSU-0101,2025-05-11,전화,완료,아파트,자가,11,1인가구,1,1인,남성,71,70대 이상,3,중학교,비경제활동,비경제활동,,N,3,4,5,,,0.0,0.0,75,10,85.0,1020.0,4.7,80.3,53,86,6,24,3,27,199,-118.7,80.3,80.3,107.1,31.4,0.515,메모-0400: 교육비와 보건비 영수증을 참고해 응답
HH-2025-000401,2025,1,ED-0401,R14,전라남도,읍부,농촌,ST-14-읍,PSU-0138,2025-06-17,전화,완료,단독주택,보증부월세,0,1인가구,1,1인,여성,56,50대,3,중학교,임시·일용근로자,취업,금융·전문서비스,N,4,4,10,14.0,30.0,160,0.0,30,70,260.0,3120.0,14.3,245.7,51,71,0,15,40,27,204,41.7,245.7,245.7,28.9,30.0,0.88,메모-0401: 응답자가 조사표 작성 기준을 확인함
HH-2025-000402,2025,2,ED-0402,R04,인천광역시,동부,도시,ST-04-동,PSU-0175,2025-07-24,인터넷,완료,아파트,자가,25,부부+자녀,3,5인 이상,여성,49,40대,5,대학교,임시·일용근로자,취업,기타서비스,Y,5,2,5,46.5,45.0,255,0.0,20,140,415.0,4980.0,43.6,371.4,85,60,27,6,51,32,261,110.4,123.8,214.4,16.2,59.6,1.245,"메모-0402: 생활비, 주거비 항목 재확인"
HH-2025-000403,2025,3,ED-0403,R09,경기도,동부,도시,ST-09-동,PSU-0212,2025-08-30,전화,완료,아파트,전세,2,1인가구,1,1인,여성,47,40대,4,고등학교,자영업자,취업,운수업,Y,2,3,5,37.5,33.0,0.0,490,0,55,545.0,6540.0,57.2,487.8,56,58,0,20,42,25,201,286.8,487.8,487.8,11.9,30.8,1.61,
HH-2025-000404,2025,4,ED-0404,R02,부산광역시,동부,도시,ST-02-동,PSU-0249,2025-04-09,인터넷,완료,아파트,보증부월세,9,1인가구,1,1인,남성,62,60대,4,고등학교,실업자,실업,,Y,3,2,5,,,0.0,0.0,10,35,45.0,540.0,2.5,42.5,46,98,0,9,9,23,185,-142.5,42.5,42.5,230.6,31.9,1.975,메모-0404: 소득 항목은 월평균 금액으로 응답
HH-2025-000405,2025,1,ED-0405,R05,광주광역시,동부,도시,ST-05-동,PSU-0286,2025-05-16,인터넷,완료,오피스텔,자가,0,부부,2,2인,여성,26,20대 이하,4,고등학교,상용근로자,취업,건설업,Y,5,3,5,34.0,55.5,90,0.0,5,115,210.0,2520.0,11.6,198.4,70,66,0,11,15,34,196,2.4,99.2,140.3,33.3,33.5,0.835,메모-0405: 온라인 조사 후 전화로 일부 항목 보완
HH-2025-000406,2025,2,ED-0406,R09,경기도,동부,도시,ST-09-동,PSU-0023,2025-06-22,방문면접,완료,단독주택,보증부월세,0,1인가구,1,1인,남성,60,60대,4,고등학교,임시·일용근로자,취업,공공·교육,N,4,5,10,25.5,32.0,45,0.0,15,95,155.0,1860.0,8.5,146.5,56,86,0,20,22,17,201,-54.5,146.5,146.5,58.7,32.6,1.2,메모-0406: 교육비와 보건비 영수증을 참고해 응답
HH-2025-000407,2025,3,ED-0407,R14,전라남도,동부,도시,ST-14-동,PSU-0060,2025-07-29,방문면접,완료,아파트,보증부월세,30,3세대,4,3~4인,여성,35,30대,5,대학교,임시·일용근로자,취업,정보통신,N,4,2,10,45.5,51.0,155,0.0,60,55,270.0,3240.0,14.8,255.2,100,86,33,2,45,57,323,-67.8,63.8,127.6,33.7,35.8,1.565,메모-0407: 응답자가 조사표 작성 기준을 확인함
HH-2025-000408,2025,4,ED-0408,R09,경기도,동부,도시,ST-09-동,PSU-0097,2025-09-04,인터넷,완료,아파트,자가,7,부부,2,2인,여성,48,40대,5,대학교,상용근로자,취업,정보통신,Y,4,1,5,69.0,48.0,445,0.0,25,0,470.0,5640.0,49.4,420.6,75,50,14,11,30,40,220,200.6,210.3,297.4,11.9,41.7,1.93,"메모-0408: 생활비, 주거비 항목 재확인"
HH-2025-000409,2025,1,ED-0409,R04,인천광역시,동부,도시,ST-04-동,PSU-0134,2025-04-14,인터넷,완료,오피스텔,전세,0,3세대,4,3~4인,남성,38,30대,5,대학교,임시·일용근로자,취업,기타서비스,Y,5,3,5,56.5,46.5,220,0.0,65,40,325.0,3900.0,34.1,290.9,98,66,38,6,33,44,285,5.9,72.7,145.4,22.7,38.7,0.79,메모-0409: 가구원 수 변동 내용을 면접원이 확인
HH-2025-000410,2025,2,ED-0410,R15,경상북도,읍부,농촌,ST-15-읍,PSU-0171,2025-05-21,전화,완료,아파트,전세,21,부부+자녀,4,3~4인,남성,51,50대,4,고등학교,자영업자,취업,건설업,Y,4,3,15,52.5,53.0,0.0,255,20,50,325.0,3900.0,34.1,290.9,109,42,32,2,45,60,290,0.9,72.7,145.4,14.4,37.4,1.155,메모-0410: 소득 항목은 월평균 금액으로 응답
HH-2025-000411,2025,3,ED-0411,R16,경상남도,동부,도시,ST-16-동,PSU-0208,2025-06-27,전화,완료,단독주택,보증부월세,0,한부모,2,2인,여성,43,40대,3,중학교,상용근로자,취업,건설업,Y,4,4,10,48.5,48.5,390,0.0,30,45,465.0,5580.0,48.8,416.2,74,110,0,2,40,22,248,168.2,208.1,294.3,26.4,34.6,1.52,메모-0411: 온라인 조사 후 전화로 일부 항목 보완
HH-2025-000412,2025,4,ED-0412,R04,인천광역시,동부,도시,ST-04-동,PSU-0245,2025-08-03,전화,완료,아파트,자가,5,부부+자녀,3,3~4인,여성,54,50대,4,고등학교,자영업자,취업,기타서비스,N,4,2,10,25.5,51.0,0.0,450,0,25,475.0,5700.0,49.9,425.1,101,62,7,14,18,54,256,169.1,141.7,245.4,14.6,29.4,1.885,메모-0412: 교육비와 보건비 영수증을 참고해 응답
HH-2025-000413,2025,1,ED-0413,R09,경기도,동부,도시,ST-09-동,PSU-0282,2025-09-09,방문면접,완료,아파트,보증부월세,12,부부,2,2인,남성,67,60대,4,고등학교,임시·일용근로자,취업,보건·복지,N,3,4,15,34.5,34.0,175,0.0,30,100,305.0,3660.0,32.0,273.0,96,78,0,39,32,57,302,46.0,136.5,193.0,28.6,32.9,0.745,메모-0413: 응답자가 조사표 작성 기준을 확인함
HH-2025-000414,2025,2,ED-0414,R09,경기도,동부,도시,ST-09-동,PSU-0019,2025-04-19,인터넷,완료,아파트,전세,19,1인가구,1,1인,남성,41,40대,4,고등학교,상용근로자,취업,운수업,Y,5,3,15,32.0,44.0,290,0.0,10,75,375.0,4500.0,39.4,335.6,62,87,0,11,39,19,218,117.6,335.6,335.6,25.9,31.5,1.11,"메모-0414: 생활비, 주거비 항목 재확인"
HH-2025-000415,2025,3,ED-0415,R14,전라남도,동부,농촌,ST-14-동,PSU-0056,2025-05-26,방문면접,대리응답,아파트,자가,26,부부,2,2인,남성,89,70대 이상,4,고등학교,비경제활동,비경제활동,,N,3,3,5,,,0.0,0.0,85,15,100.0,1200.0,5.5,94.5,65,61,10,57,33,40,266,-171.5,47.2,66.8,64.6,31.4,1.475,메모-0415: 가구원 수 변동 내용을 면접원이 확인
HH-2025-000416,2025,4,ED-0416,R13,전북특별자치도,동부,도시,ST-13-동,PSU-0093,2025-07-02,전화,완료,연립·다세대,자가,0,부부+자녀,4,3~4인,남성,42,40대,5,대학교,자영업자,취업,정보통신,Y,5,4,10,31.0,35.0,0.0,335,65,20,420.0,5040.0,44.1,375.9,102,43,27,2,30,48,252,123.9,94.0,187.9,11.4,30.9,1.84,메모-0416: 소득 항목은 월평균 금액으로 응답
HH-2025-000417,2025,1,ED-0417,R01,서울특별시,동부,도시,ST-01-동,PSU-0130,2025-08-08,인터넷,완료,아파트,자가,10,부부,2,2인,남성,62,60대,5,대학교,상용근로자,취업,금융·전문서비스,Y,2,4,5,26.5,42.5,415,0.0,35,85,535.0,6420.0,56.2,478.8,59,65,2,13,43,38,220,258.8,239.4,338.6,13.6,28.8,0.7,메모-0417: 온라인 조사 후 전화로 일부 항목 보완
HH-2025-000418,2025,2,ED-0418,R12,충청남도,면부,농촌,ST-12-면,PSU-0167,2025-09-14,전화,완료,단독주택,자가,0,부부,2,2인,여성,57,50대,5,대학교,상용근로자,취업,기타서비스,Y,3,3,20,9.0,32.0,370,0.0,35,115,520.0,6240.0,54.6,465.4,89,44,18,9,35,26,221,244.4,232.7,329.1,9.5,27.1,1.065,메모-0418: 교육비와 보건비 영수증을 참고해 응답
HH-2025-000419,2025,3,ED-0419,R02,부산광역시,동부,도시,ST-02-동,PSU-0204,2025-04-24,인터넷,완료,아파트,자가,24,한부모,4,3~4인,남성,65,60대,4,고등학교,비경제활동,비경제활동,,Y,3,4,5,,,0.0,0.0,40,85,125.0,1500.0,6.9,118.1,123,40,0,13,9,42,227,-108.9,29.5,59.0,33.9,31.0,1.43,메모-0419: 응답자가 조사표 작성 기준을 확인함
HH-2025-000420,2025,4,ED-0420,R09,경기도,면부,농촌,ST-09-면,PSU-0241,2025-05-31,방문면접,완료,단독주택,자가,0,1인가구,1,1인,여성,56,50대,5,대학교,임시·일용근로자,취업,운수업,N,3,4,25,5.0,45.0,150,0.0,0,15,165.0,1980.0,9.1,155.9,56,42,0,18,31,30,177,-21.1,155.9,155.9,26.9,30.6,1.795,"메모-0420: 생활비, 주거비 항목 재확인"
HH-2025-000421,2025,1,ED-0421,R01,서울특별시,읍부,농촌,ST-01-읍,PSU-0278,2025-07-07,전화,대리응답,단독주택,전세,0,1인가구,1,1인,남성,65,60대,5,대학교,상용근로자,취업,제조업,N,3,2,40,25.0,28.5,315,0.0,30,65,410.0,4920.0,43.0,367.0,56,36,0,30,50,34,206,161.0,367.0,367.0,9.8,29.9,0.655,메모-0421: 가구원 수 변동 내용을 면접원이 확인
HH-2025-000422,2025,2,ED-0422,R09,경기도,면부,농촌,ST-09-면,PSU-0015,2025-08-13,인터넷,완료,연립·다세대,자가,0,기타,4,3~4인,여성,63,60대,4,고등학교,실업자,실업,,Y,4,3,10,,,0.0,0.0,30,65,95.0,1140.0,5.2,89.8,120,45,2,27,22,43,259,-169.2,22.4,44.9,50.1,31.4,1.02,메모-0422: 소득 항목은 월평균 금액으로 응답
HH-2025-000423,2025,3,ED-0423,R01,서울특별시,동부,도시,ST-01-동,PSU-0052,2025-09-19,인터넷,완료,아파트,자가,22,부부+자녀,4,3~4인,남성,51,50대,6,대학원,실업자,실업,,Y,5,4,5,,,0.0,0.0,60,35,145.0,1740.0,5.2,89.8,122,76,16,2,19,65,300,-210.2,22.4,44.9,84.6,31.5,1.385,메모-0423: 온라인 조사 후 전화로 일부 항목 보완
HH-2025-000424,2025,4,ED-0424,R01,서울특별시,동부,도시,ST-01-동,PSU-0089,2025-04-29,인터넷,완료,아파트,자가,29,부부,2,2인,여성,64,60대,4,고등학교,상용근로자,취업,기타서비스,Y,3,4,5,32.5,46.0,535,0.0,5,10,550.0,6600.0,57.8,492.2,62,46,6,13,30,39,346,146.2,246.1,348.0,9.3,30.0,1.75,메모-0424: 교육비와 보건비 영수증을 참고해 응답
HH-2025-000425,2025,1,ED-0425,R01,서울특별시,동부,도시,ST-01-동,PSU-0126,2025-06-05,인터넷,완료,아파트,월세,6,3세대,5,5인 이상,남성,70,70대 이상,2,초등학교,자영업자,취업,기타서비스,Y,3,3,50,27.0,51.0,0.0,145,65,90,300.0,3600.0,31.5,268.5,126,65,14,13,24,62,304,-35.5,53.7,120.1,24.2,31.6,0.61,메모-0425: 응답자가 조사표 작성 기준을 확인함
HH-2025-000426,2025,2,ED-0426,R04,광주광역시,동부,도시,ST-04-동,PSU-0163,2025-07-12,인터넷,완료,오피스텔,자가,0,부부,2,2인,여성,64,60대,4,고등학교,상용근로자,취업,정보통신,Y,3,3,10,39.0,33.0,290,0.0,45,30,365.0,4380.0,38.3,326.7,79,55,11,7,23,27,202,124.7,163.3,481.0,16.8,33.0,0.975,"메모-0426: 생활비, 주거비 항목 재확인"
HH-2025-000427,2025,3,ED-0427,R12,충청남도,동부,도시,ST-12-동,PSU-0200,2025-08-18,방문면접,완료,아파트,자가,20,부부+자녀,4,3~4인,남성,59,50대,5,대학교,비경제활동,비경제활동,,N,3,5,5,,,0.0,0.0,75,105,180.0,3360.0,9.9,170.1,109,51,44,23,14,49,290,-119.9,42.5,85.0,30.0,30.5,1.34,메모-0427: 가구원 수 변동 내용을 면접원이 확인
HH-2025-000428,2025,4,ED-0428,R05,광주광역시,동부,도시,ST-05-동,PSU-0237,2025-09-24,방문면접,완료,연립·다세대,월세,0,부부+자녀,4,3~4인,남성,76,70대 이상,2,초등학교,비경제활동,비경제활동,,Y,3,3,5,,,0.0,0.0,125,40,165.0,1980.0,9.1,155.9,100,107,15,42,32,68,364,-208.1,39.0,78.0,68.6,30.9,1.705,메모-0428: 소득 항목은 월평균 금액으로 응답
HH-2025-000429,2025,1,ED-0429,R16,경상남도,면부,농촌,ST-16-면,PSU-0274,2025-05-04,방문면접,완료,오피스텔,보증부월세,0,부부,2,2인,남성,63,60대,5,대학교,자영업자,취업,도소매·숙박,Y,4,4,10,35.0,42.0,0.0,220,25,10,255.0,3060.0,14.0,241.0,75,67,10,35,45,45,277,-36.0,120.5,170.4,27.8,33.3,0.565,메모-0429: 온라인 조사 후 전화로 일부 항목 보완
HH-2025-000430,2025,2,ED-0430,R09,경기도,동부,도시,ST-09-동,PSU-0011,2025-06-10,방문면접,완료,연립·다세대,자가,0,부부,2,2인,남성,71,70대 이상,4,고등학교,비경제활동,비경제활동,,N,3,3,10,,,0.0,0.0,30,35,65.0,780.0,3.6,61.4,64,57,21,35,13,40,230,-168.6,30.7,43.4,92.8,31.7,0.93,메모-0430: 교육비와 보건비 영수증을 참고해 응답
HH-2025-000431,2025,3,ED-0431,R12,충청남도,동부,도시,ST-12-동,PSU-0048,2025-07-17,전화,부분응답,연립·다세대,자가,0,부부,2,2인,여성,35,30대,4,고등학교,상용근로자,취업,도소매·숙박,Y,4,3,10,66.5,46.0,375,0.0,45,40,460.0,5520.0,48.3,411.7,66,66,3,2,50,14,201,210.7,205.8,291.1,16.0,40.7,1.295,메모-0431: 응답자가 조사표 작성 기준을 확인함
HH-2025-000432,2025,4,ED-0432,R01,서울특별시,동부,도시,ST-01-동,PSU-0085,2025-08-23,인터넷,완료,아파트,월세,25,부부+자녀,4,3~4인,여성,63,60대,5,대학교,임시·일용근로자,취업,건설업,Y,5,4,15,21.5,35.0,215,0.0,15,0,230.0,2760.0,12.7,217.3,105,111,36,7,44,42,345,-127.7,54.3,108.7,51.1,31.5,1.66,"메모-0432: 생활비, 주거비 항목 재확인"
HH-2025-000433,2025,1,ED-0433,R09,경기도,동부,도시,ST-09-동,PSU-0122,2025-04-02,인터넷,완료,오피스텔,전세,0,부부,2,2인,남성,38,30대,6,대학원,비경제활동,비경제활동,,Y,5,5,60,,,0.0,0.0,0,5,5.0,60.0,0.3,4.7,63,65,0,7,11,37,183,-178.3,2.4,3.3,1383.0,32.3,0.52,메모-0433: 가구원 수 변동 내용을 면접원이 확인
HH-2025-000434,2025,2,ED-0434,R01,서울특별시,동부,도시,ST-01-동,PSU-0159,2025-05-09,전화,완료,아파트,자가,9,부부+자녀,5,5인 이상,여성,55,50대,5,대학교,상용근로자,취업,건설업,N,4,2,5,57.0,33.0,395,0.0,30,125,550.0,6600.0,57.8,492.2,159,48,46,15,30,55,353,139.2,98.4,220.1,9.8,36.5,0.885,
HH-2025-000435,2025,3,ED-0435,R13,전북특별자치도,면부,농촌,ST-13-면,PSU-0196,2025-06-15,방문면접,완료,연립·다세대,자가,0,한부모,2,2인,여성,18,20대 이하,5,대학교,상용근로자,취업,금융·전문서비스,N,3,4,25,27.5,43.0,480,0.0,60,5,545.0,6540.0,57.2,487.8,84,39,10,10,46,38,227,260.8,243.9,344.9,8.0,28.9,1.25,메모-0435: 온라인 조사 후 전화로 일부 항목 보완
HH-2025-000436,2025,4,ED-0436,R02,부산광역시,동부,도시,ST-02-동,PSU-0233,2025-07-22,인터넷,완료,단독주택,자가,0,부부+자녀,4,3~4인,여성,54,50대,4,고등학교,자영업자,취업,금융·전문서비스,Y,4,3,10,41.5,37.0,0.0,210,55,30,295.0,3540.0,16.2,278.8,117,47,26,18,17,52,277,1.8,69.7,139.4,16.9,34.4,1.615,메모-0436: 교육비와 보건비 영수증을 참고해 응답
HH-2025-000437,2025,1,ED-0437,R09,경기도,동부,도시,ST-09-동,PSU-0270,2025-08-28,인터넷,완료,연립·다세대,자가,0,1인가구,1,1인,남성,62,60대,4,고등학교,비경제활동,비경제활동,,Y,2,3,10,,,0.0,0.0,25,0,25.0,300.0,1.4,23.6,41,62,0,27,33,37,200,-176.4,23.6,23.6,262.7,32.1,1.98,메모-0437: 응답자가 조사표 작성 기준을 확인함
HH-2025-000438,2025,2,ED-0438,R09,경기도,면부,농촌,ST-09-면,PSU-0007,2025-04-07,인터넷,완료,단독주택,자가,0,부부,2,2인,남성,48,40대,5,대학원,상용근로자,취업,건설업,Y,3,3,5,27.5,42.0,355,0.0,15,65,435.0,5220.0,45.7,389.3,60,44,1,14,61,47,227,162.3,194.7,275.3,31.3,30.1,0.84,"메모-0438: 생활비, 주거비 항목 재확인"
HH-2025-000439,2025,3,ED-0439,R09,경기도,동부,도시,ST-09-동,PSU-0044,2025-05-14,방문면접,완료,아파트,보증부월세,14,1인가구,1,1인,여성,36,30대,4,고등학교,실업자,실업,,Y,4,3,10,,,0.0,0.0,0,20,20.0,240.0,1.1,18.9,57,107,0,4,18,41,227,-208.1,18.9,18.9,566.1,32.2,1.205,메모-0439: 가구원 수 변동 내용을 면접원이 확인
HH-2025-000440,2025,4,ED-0440,R09,경기도,읍부,농촌,ST-09-읍,PSU-0081,2025-06-20,방문면접,완료,연립·다세대,자가,0,부부,2,2인,남성,43,40대,6,대학원,임시·일용근로자,취업,기타서비스,N,4,4,5,45.5,47.5,215,0.0,0,35,250.0,3000.0,13.8,236.2,58,32,8,8,46,28,180,56.2,118.1,167.0,13.5,35.7,1.57,메모-0440: 소득 항목은 월평균 금액으로 응답
HH-2025-000441,2025,1,ED-0441,R16,경상남도,동부,도시,ST-16-동,PSU-0118,2025-07-27,방문면접,완료,아파트,자가,28,1인가구,1,1인,남성,65,60대,4,고등학교,임시·일용근로자,취업,제조업,N,4,3,5,70.5,49.5,225,0.0,35,0,260.0,3120.0,14.3,245.7,58,60,12,21,35,42,228,17.7,245.7,245.7,24.4,44.4,1.935,메모-0441: 온라인 조사 후 전화로 일부 항목 보완
HH-2025-000442,2025,2,ED-0442,R03,대구광역시,동부,도시,ST-03-동,PSU-0155,2025-09-02,인터넷,완료,아파트,무상,5,부부+자녀,3,3~4인,여성,59,50대,4,고등학교,상용근로자,취업,제조업,Y,3,4,10,39.0,48.5,390,0.0,15,80,485.0,5820.0,50.9,434.1,85,61,16,18,26,61,267,167.1,144.7,250.6,14.1,31.9,0.795,메모-0442: 교육비와 보건비 영수증을 참고해 응답
HH-2025-000443,2025,3,ED-0443,R05,광주광역시,동부,도시,ST-05-동,PSU-0192,2025-04-12,방문면접,완료,아파트,자가,12,1인가구,1,1인,여성,66,60대,4,고등학교,비경제활동,비경제활동,,Y,3,3,10,,,0.0,0.0,0,15,15.0,180.0,0.8,14.2,30,42,0,11,4,17,104,-89.8,14.2,14.2,295.8,32.0,1.16,메모-0443: 응답자가 조사표 작성 기준을 확인함
HH-2025-000444,2025,4,ED-0444,R12,충청남도,동부,도시,ST-12-동,PSU-0229,2025-05-19,방문면접,완료,단독주택,보증부월세,0,1인가구,1,1인,여성,75,70대 이상,4,고등학교,비경제활동,비경제활동,,N,3,3,10,,,0.0,0.0,50,65,115.0,1380.0,6.3,108.7,46,105,19,24,29,14,237,-128.3,108.7,108.7,96.6,31.2,1.525,"메모-0444: 생활비, 주거비 항목 재확인"
HH-2025-000445,2025,1,ED-0445,R04,인천광역시,동부,도시,ST-04-동,PSU-0266,2025-06-25,인터넷,완료,아파트,전세,26,1인가구,1,1인,남성,46,40대,4,고등학교,상용근로자,실업,건설업,Y,5,4,5,44.5,34.5,275,0.0,40,5,320.0,3840.0,33.6,286.4,64,61,0,2,36,21,184,102.4,286.4,286.4,21.3,34.9,1.89,메모-0445: 가구원 수 변동 내용을 면접원이 확인
HH-2025-000446,2025,2,ED-0446,R01,서울특별시,동부,도시,ST-01-동,PSU-0003,2025-08-01,방문면접,완료,오피스텔,자가,0,한부모,2,2인,여성,68,60대,4,고등학교,상용근로자,취업,제조업,N,4,3,5,45.5,30.5,230,0.0,20,30,280.0,3360.0,15.4,264.6,79,39,0,12,22,26,178,86.6,132.3,187.1,14.7,35.4,0.75,메모-0446: 소득 항목은 월평균 금액으로 응답
HH-2025-000447,2025,3,ED-0447,R01,서울특별시,읍부,농촌,ST-01-읍,PSU-0040,2025-09-07,전화,완료,단독주택,보증부월세,0,부부,2,2인,남성,35,30대,4,고등학교,상용근로자,취업,도소매·숙박,Y,5,4,5,44.0,39.0,520,0.0,30,105,655.0,7860.0,111.4,543.6,74,76,0,2,47,38,237,306.6,271.8,384.4,14.0,31.8,1.115,메모-0447: 온라인 조사 후 전화로 일부 항목 보완
HH-2025-000448,2025,4,ED-0448,R01,서울특별시,동부,도시,ST-01-동,PSU-0077,2025-04-17,인터넷,완료,아파트,전세,17,부부,2,2인,남성,55,50대,5,대학교,실업자,실업,,Y,3,4,5,,,0.0,0.0,30,115,145.0,1740.0,8.0,137.0,89,63,0,11,14,43,220,-83.0,68.5,96.9,46.0,30.8,1.48,메모-0448: 교육비와 보건비 영수증을 참고해 응답
HH-2025-000449,2025,1,ED-0449,R16,경상남도,면부,농촌,ST-16-면,PSU-0114,2025-05-24,인터넷,완료,아파트,자가,24,1인가구,1,1인,여성,56,50대,5,대학교,상용근로자,취업,공공·교육,Y,3,4,5,11.0,40.0,365,0.0,10,20,395.0,4740.0,41.5,353.5,58,11,11,12,46,16,154,199.5,353.5,353.5,3.1,28.4,1.845,메모-0449: 응답자가 조사표 작성 기준을 확인함
HH-2025-000450,2025,2,ED-0450,R01,서울특별시,동부,도시,ST-01-동,PSU-0151,2025-06-30,전화,완료,아파트,보증부월세,1,기타,5,5인 이상,남성,33,30대,4,고등학교,상용근로자,취업,공공·교육,Y,4,4,5,39.0,37.0,290,0.0,55,110,455.0,5460.0,47.8,407.2,127,87,46,18,17,48,343,64.2,81.4,182.1,21.4,32.4,0.705,"메모-0450: 생활비, 주거비 항목 재확인"
HH-2025-000451,2025,3,ED-0451,R04,인천광역시,동부,도시,ST-04-동,PSU-0188,2025-08-06,방문면접,완료,아파트,보증부월세,8,한부모,3,3~4인,여성,57,50대,4,고등학교,임시·일용근로자,취업,건설업,N,3,3,25,19.5,41.5,155,0.0,50,65,270.0,3240.0,14.8,255.2,78,93,27,18,31,29,276,-20.8,85.1,147.3,36.4,30.6,1.07,메모-0451: 가구원 수 변동 내용을 면접원이 확인
HH-2025-000452,2025,4,ED-0452,R17,제주특별자치도,동부,도시,ST-17-동,PSU-0225,2025-09-12,전화,완료,연립·다세대,전세,0,부부,2,2인,여성,60,60대,5,대학교,상용근로자,취업,기타서비스,Y,4,4,5,50.0,36.5,465,0.0,45,35,545.0,6540.0,57.2,487.8,81,72,8,10,38,37,246,241.8,243.9,344.9,14.8,34.1,1.435,메모-0452: 소득 항목은 월평균 금액으로 응답
HH-2025-000453,2025,1,ED-0453,R09,경기도,동부,도시,ST-09-동,PSU-0262,2025-04-22,인터넷,완료,아파트,보증부월세,22,1인가구,1,1인,남성,56,50대,4,고등학교,자영업자,취업,공공·교육,Y,5,4,5,61.5,52.0,0.0,570,50,70,690.0,8280.0,117.3,572.7,68,91,13,17,34,23,246,326.7,572.7,572.7,15.9,37.0,1.8,메모-0453: 온라인 조사 후 전화로 일부 항목 보완
HH-2025-000454,2025,2,ED-0454,R02,부산광역시,동부,도시,ST-02-동,PSU-0299,2025-05-29,인터넷,완료,아파트,전세,29,기타,3,3~4인,남성,39,30대,4,고등학교,무급가족종사자,취업,공공·교육,Y,5,3,5,39.5,46.0,0.0,105,40,25,170.0,2040.0,9.3,160.7,94,72,46,2,52,39,305,-144.3,53.6,92.8,44.8,35.4,0.66,메모-0454: 교육비와 보건비 영수증을 참고해 응답
HH-2025-000455,2025,3,ED-0455,R04,인천광역시,동부,도시,ST-04-동,PSU-0036,2025-07-05,인터넷,완료,아파트,자가,6,1인가구,1,1인,남성,55,50대,4,고등학교,상용근로자,취업,운수업,Y,4,3,20,63.0,44.5,375,0.0,0,75,450.0,5400.0,47.2,402.8,55,49,0,2,38,29,173,229.8,402.8,402.8,12.2,39.4,1.025,메모-0455: 응답자가 조사표 작성 기준을 확인함
HH-2025-000456,2025,4,ED-0456,R04,인천광역시,동부,도시,ST-04-동,PSU-0073,2025-08-11,인터넷,완료,아파트,자가,13,기타,3,3~4인,여성,60,60대,4,고등학교,자영업자,취업,농림어업,Y,4,4,10,46.5,40.0,0.0,475,55,40,570.0,6840.0,59.8,510.2,113,64,20,12,36,53,298,212.2,170.1,294.6,12.5,33.0,1.39,"메모-0456: 생활비, 주거비 항목 재확인"
HH-2025-000457,2025,1,ED-0457,R04,인천광역시,동부,도시,ST-04-동,PSU-0110,2025-09-17,인터넷,완료,아파트,보증부월세,20,부부,2,2인,남성,57,50대,2,초등학교,비경제활동,비경제활동,,Y,3,3,20,,,0.0,0.0,5,20,25.0,300.0,1.4,23.6,84,113,0,12,10,8,227,-203.4,11.8,16.7,478.8,32.2,1.755,메모-0457: 가구원 수 변동 내용을 면접원이 확인
HH-2025-000458,2025,2,ED-0458,R01,서울특별시,동부,도시,ST-01-동,PSU-0147,2025-04-27,인터넷,완료,연립·다세대,자가,0,부부+자녀,4,3~4인,남성,49,40대,5,대학교,상용근로자,취업,운수업,Y,4,4,5,24.0,39.5,365,0.0,10,105,480.0,5760.0,50.4,429.6,127,61,32,8,32,42,302,127.6,107.4,214.8,14.2,29.2,0.615,메모-0458: 소득 항목은 월평균 금액으로 응답
HH-2025-000459,2025,3,ED-0459,R13,전북특별자치도,동부,도시,ST-13-동,PSU-0184,2025-06-03,인터넷,완료,아파트,보증부월세,4,1인가구,1,1인,남성,70,70대 이상,4,고등학교,비경제활동,비경제활동,,Y,2,3,10,,,0.0,0.0,25,85,110.0,1320.0,6.0,104.0,48,99,0,32,17,18,214,-110.0,104.0,104.0,95.2,31.2,0.98,메모-0459: 온라인 조사 후 전화로 일부 항목 보완
HH-2025-000460,2025,4,ED-0460,R15,경상북도,면부,농촌,ST-15-면,PSU-0221,2025-07-10,방문면접,완료,단독주택,전세,0,1인가구,1,1인,여성,70,70대 이상,4,고등학교,임시·일용근로자,취업,제조업,N,4,3,5,51.5,40.0,35,0.0,40,5,80.0,960.0,4.4,75.6,37,70,0,25,39,18,189,-113.4,75.6,75.6,92.6,39.4,1.345,메모-0460: 교육비와 보건비 영수증을 참고해 응답
HH-2025-000461,2025,1,ED-0461,R09,경기도,동부,도시,ST-09-동,PSU-0258,2025-08-16,방문면접,완료,연립·다세대,자가,0,3세대,7,5인 이상,남성,24,20대 이하,5,대학교,상용근로자,취업,금융·전문서비스,Y,4,4,5,30.0,39.0,405,0.0,40,95,540.0,6480.0,56.7,483.3,165,86,12,19,31,71,384,99.3,69.0,182.7,17.8,29.7,1.71,메모-0461: 응답자가 조사표 작성 기준을 확인함
HH-2025-000462,2025,2,ED-0462,R03,대구광역시,동부,도시,ST-03-동,PSU-0295,2025-09-22,전화,완료,아파트,월세,25,1인가구,1,1인,남성,71,70대 이상,3,중학교,비경제활동,비경제활동,,Y,3,4,10,,,0.0,0.0,45,100,145.0,1740.0,8.0,137.0,54,86,0,23,18,28,209,-72.0,137.0,137.0,62.8,30.8,0.57,"메모-0462: 생활비, 주거비 항목 재확인"
HH-2025-000463,2025,3,ED-0463,R12,충청남도,동부,도시,ST-12-동,PSU-0032,2025-05-02,방문면접,완료,아파트,전세,2,1인가구,1,1인,여성,22,20대 이하,4,고등학교,학생,비경제활동,,Y,5,3,20,,,0.0,0.0,40,50,90.0,1080.0,5.0,85.0,62,79,13,15,13,36,218,-133.0,85.0,85.0,92.9,31.4,0.935,메모-0463: 가구원 수 변동 내용을 면접원이 확인
HH-2025-000464,2025,4,ED-0464,R16,경상남도,읍부,농촌,ST-16-읍,PSU-0069,2025-06-08,전화,대리응답,연립·다세대,전세,0,1인가구,1,1인,남성,42,40대,4,고등학교,자영업자,취업,운수업,Y,5,4,10,31.5,49.0,0.0,40,0,25,65.0,780.0,3.6,61.4,47,42,8,15,48,25,185,-123.6,61.4,61.4,68.4,34.6,1.3,메모-0464: 소득 항목은 월평균 금액으로 응답
HH-2025-000465,2025,1,ED-0465,R09,경기도,동부,도시,ST-09-동,PSU-0106,2025-07-15,전화,완료,아파트,보증부월세,16,1인가구,1,1인,남성,48,40대,5,대학교,상용근로자,취업,기타서비스,Y,5,3,10,50.5,35.5,295,0.0,10,135,440.0,5280.0,46.2,393.8,49,88,10,2,34,33,216,177.8,393.8,393.8,22.3,35.4,1.665,
HH-2025-000466,2025,2,ED-0466,R15,경상북도,동부,도시,ST-15-동,PSU-0143,2025-08-21,인터넷,완료,아파트,전세,23,부부,2,2인,남성,33,30대,4,고등학교,상용근로자,취업,도소매·숙박,Y,5,4,5,18.5,44.5,370,0.0,45,20,435.0,5220.0,45.7,389.3,58,67,0,11,26,50,212,177.3,194.7,275.3,17.2,28.8,0.525,메모-0466: 교육비와 보건비 영수증을 참고해 응답
HH-2025-000467,2025,3,ED-0467,R06,대전광역시,동부,도시,ST-06-동,PSU-0180,2025-09-27,방문면접,완료,연립·다세대,자가,0,1인가구,1,1인,남성,60,60대,5,대학교,무급가족종사자,취업,건설업,Y,4,3,5,59.5,33.0,0.0,110,35,100,245.0,2940.0,13.5,231.5,60,45,0,9,26,17,157,74.5,231.5,231.5,19.4,40.2,0.89,메모-0467: 응답자가 조사표 작성 기준을 확인함
HH-2025-000468,2025,4,ED-0468,R06,대전광역시,동부,도시,ST-06-동,PSU-0217,2025-05-07,인터넷,완료,아파트,전세,7,부부,2,2인,여성,61,60대,2,초등학교,상용근로자,취업,보건·복지,Y,2,3,10,35.0,43.5,530,0.0,40,0,570.0,6840.0,59.8,510.2,64,66,11,2,36,52,231,279.2,255.1,360.8,12.9,30.0,1.255,"메모-0468: 생활비, 주거비 항목 재확인"
HH-2025-000469,2025,1,ED-0469,R08,세종특별자치시,동부,도시,ST-08-동,PSU-0254,2025-06-13,방문면접,완료,연립·다세대,보증부월세,0,1인가구,1,2인,남성,47,40대,4,고등학교,자영업자,취업,건설업,Y,5,1,25,41.5,51.0,0.0,90,25,0,115.0,1380.0,6.3,108.7,63,96,3,5,31,27,225,-116.3,108.7,108.7,88.3,61.3,1.62,메모-0469: 가구원 수 변동 내용을 면접원이 확인
HH-2025-000470,2025,2,ED-0470,R09,경기도,동부,도시,ST-09-동,PSU-0291,2025-07-20,인터넷,완료,단독주택,전세,0,1인가구,1,1인,남성,26,20대 이하,5,대학교,상용근로자,취업,보건·복지,Y,5,3,15,58.0,51.0,450,0.0,0,80,580.0,6960.0,55.6,474.4,52,73,0,6,34,12,177,297.4,474.4,474.4,15.4,36.8,1.985,메모-0470: 소득 항목은 월평균 금액으로 응답
HH-2025-000471,2025,3,ED-0471,R16,경상남도,면부,농촌,ST-16-면,PSU-0028,2025-08-26,방문면접,부분응답,아파트,전세,28,1인가구,1,1인,남성,68,60대,5,대학교,임시·일용근로자,취업,공공·교육,N,3,3,15,20.0,37.0,115,0.0,0,65,180.0,2160.0,9.9,170.1,57,74,16,9,29,8,193,-22.9,170.1,170.1,43.5,31.5,0.845,메모-0471: 온라인 조사 후 전화로 일부 항목 보완
HH-2025-000472,2025,4,ED-0472,R01,서울특별시,동부,도시,ST-01-동,PSU-0065,2025-04-05,방문면접,완료,아파트,자가,5,3세대,7,5인 이상,여성,61,60대,4,고등학교,비경제활동,비경제활동,,Y,4,4,5,,,0.0,0.0,0,140,140.0,1680.0,7.7,132.3,145,75,38,22,19,85,384,-176.7,18.9,50.0,56.7,31.2,1.21,메모-0472: 교육비와 보건비 영수증을 참고해 응답
HH-2025-000473,2025,1,ED-0473,R09,경기도,동부,도시,ST-09-동,PSU-0102,2025-05-12,전화,완료,단독주택,전세,0,3세대,5,5인 이상,여성,77,70대 이상,2,초등학교,비경제활동,비경제활동,,N,3,4,25,,,0.0,0.0,120,115,235.0,2820.0,12.9,222.1,136,63,2,17,16,45,279,-56.9,44.4,99.3,28.4,29.9,1.575,메모-0473: 응답자가 조사표 작성 기준을 확인함
HH-2025-000474,2025,2,ED-0474,R07,울산광역시,동부,도시,ST-07-동,PSU-0139,2025-06-18,방문면접,완료,연립·다세대,보증부월세,0,1인가구,1,1인,여성,57,60대,3,중학교,자영업자,취업,제조업,Y,3,3,10,30.5,57.5,0.0,40,25,125,190.0,2280.0,10.4,179.6,53,126,0,16,25,37,257,-77.4,179.6,179.6,70.2,33.1,1.94,"메모-0474: 생활비, 주거비 항목 재확인"
HH-2025-000475,2025,3,ED-0475,R01,서울특별시,동부,도시,ST-01-동,PSU-0176,2025-07-25,방문면접,완료,단독주택,전세,0,부부+자녀,5,5인 이상,여성,60,60대,2,초등학교,비경제활동,비경제활동,,Y,3,3,10,,,0.0,0.0,60,5,65.0,780.0,3.6,61.4,144,88,5,12,27,55,331,-269.6,12.3,27.5,143.3,31.9,0.8,메모-0475: 가구원 수 변동 내용을 면접원이 확인
HH-2025-000476,2025,4,ED-0476,R01,서울특별시,읍부,농촌,ST-01-읍,PSU-0213,2025-08-31,방문면접,완료,오피스텔,자가,0,부부+자녀,4,3~4인,남성,18,20대 이하,4,고등학교,학생,비경제활동,,Y,4,3,45,,,0.0,0.0,65,35,100.0,1200.0,5.5,94.5,133,32,24,10,27,43,269,-174.5,23.6,47.2,33.9,31.4,1.165,메모-0476: 소득 항목은 월평균 금액으로 응답
HH-2025-000477,2025,1,ED-0477,R11,충청북도,동부,도시,ST-11-동,PSU-0250,2025-04-10,인터넷,대리응답,아파트,자가,10,1인가구,1,1인,여성,54,50대,6,대학원,상용근로자,취업,도소매·숙박,Y,4,4,20,29.0,34.5,415,0.0,30,125,570.0,6840.0,59.8,510.2,32,35,11,7,24,38,297,213.2,510.2,510.2,6.9,29.0,1.53,메모-0477: 온라인 조사 후 전화로 일부 항목 보완
HH-2025-000478,2025,2,ED-0478,R01,서울특별시,동부,도시,ST-01-동,PSU-0287,2025-05-17,전화,완료,아파트,전세,17,1인가구,1,1인,여성,51,50대,4,고등학교,자영업자,취업,금융·전문서비스,Y,4,3,30,38.0,37.5,0.0,355,0,40,395.0,4740.0,41.5,353.5,49,80,17,9,32,12,199,154.5,353.5,353.5,22.6,32.5,1.895,메모-0478: 교육비와 보건비 영수증을 참고해 응답
HH-2025-000479,2025,3,ED-0479,R09,경기도,동부,도시,ST-09-동,PSU-0024,2025-06-23,인터넷,완료,아파트,자가,24,부부+자녀,5,5인 이상,남성,50,50대,5,대학교,상용근로자,취업,건설업,Y,4,3,10,52.0,42.5,225,0.0,55,0,280.0,3360.0,15.4,264.6,140,35,45,18,33,41,312,-47.4,52.9,118.3,13.2,37.6,0.755,메모-0479: 응답자가 조사표 작성 기준을 확인함
HH-2025-000480,2025,4,ED-0480,R01,서울특별시,면부,농촌,ST-01-면,PSU-0061,2025-07-30,전화,완료,아파트,자가,1,1인가구,1,1인,여성,52,50대,6,대학원,상용근로자,취업,금융·전문서비스,Y,3,2,25,30.0,46.0,510,0.0,65,40,615.0,7380.0,104.6,510.4,57,33,0,2,36,31,159,351.4,510.4,510.4,6.5,28.9,1.12,"메모-0480: 생활비, 주거비 항목 재확인"
HH-2025-000481,2025,1,ED-0481,R01,서울특별시,동부,도시,ST-01-동,PSU-0098,2025-09-05,인터넷,완료,아파트,보증부월세,8,부부,2,2인,여성,30,30대,5,대학교,임시·일용근로자,취업,건설업,Y,5,4,20,40.0,35.0,170,0.0,15,30,215.0,2580.0,11.8,203.2,72,90,23,2,36,50,273,-69.8,101.6,143.7,44.3,34.9,1.485,메모-0481: 가구원 수 변동 내용을 면접원이 확인
HH-2025-000482,2025,2,ED-0482,R01,서울특별시,동부,도시,ST-01-동,PSU-0135,2025-04-15,인터넷,완료,아파트,자가,15,부부+자녀,5,5인 이상,남성,50,50대,6,대학원,임시·일용근로자,취업,금융·전문서비스,Y,4,3,5,45.5,32.5,125,0.0,115,0,240.0,2880.0,13.2,226.8,155,59,62,7,33,57,373,-146.2,45.4,101.4,26.0,36.2,1.85,메모-0482: 소득 항목은 월평균 금액으로 응답
HH-2025-000483,2025,3,ED-0483,R04,인천광역시,동부,도시,ST-04-동,PSU-0172,2025-05-22,인터넷,완료,아파트,보증부월세,22,1인가구,1,1인,여성,33,30대,4,고등학교,실업자,실업,,Y,5,4,10,,,0.0,0.0,50,10,60.0,720.0,3.3,56.7,54,103,0,4,6,18,185,-128.3,56.7,56.7,181.7,31.7,0.71,메모-0483: 온라인 조사 후 전화로 일부 항목 보완
HH-2025-000484,2025,4,ED-0484,R09,경기도,동부,도시,ST-09-동,PSU-0209,2025-06-28,인터넷,완료,오피스텔,자가,0,1인가구,1,1인,남성,64,60대,4,고등학교,비경제활동,비경제활동,,Y,3,3,10,,,0.0,0.0,85,60,145.0,1740.0,8.0,137.0,35,38,7,15,20,23,138,-1.0,137.0,137.0,27.7,30.6,1.075,메모-0484: 교육비와 보건비 영수증을 참고해 응답
HH-2025-000485,2025,1,ED-0485,R03,대구광역시,동부,도시,ST-03-동,PSU-0246,2025-08-04,인터넷,완료,아파트,무상,6,부부,2,2인,남성,60,60대,5,대학교,자영업자,취업,제조업,Y,4,2,5,52.0,50.0,0.0,425,25,45,495.0,5940.0,52.0,443.0,57,32,0,27,34,38,188,255.0,221.5,313.2,7.2,35.2,1.44,메모-0485: 응답자가 조사표 작성 기준을 확인함
HH-2025-000486,2025,2,ED-0486,R02,부산광역시,동부,도시,ST-02-동,PSU-0283,2025-09-10,인터넷,완료,아파트,자가,13,1인가구,1,1인,여성,24,20대 이하,4,고등학교,학생,비경제활동,,Y,5,4,5,,,0.0,0.0,40,10,50.0,600.0,2.8,47.2,50,58,11,2,17,37,175,-127.8,47.2,47.2,122.9,31.8,1.805,"메모-0486: 생활비, 주거비 항목 재확인"
HH-2025-000487,2025,3,ED-0487,R09,경기도,동부,도시,ST-09-동,PSU-0020,2025-04-20,인터넷,완료,아파트,전세,20,부부,2,2인,여성,33,30대,4,고등학교,비경제활동,비경제활동,,Y,4,4,20,,,0.0,0.0,25,110,135.0,1620.0,7.4,127.6,62,85,0,2,23,28,200,-72.4,63.8,90.2,66.6,30.9,0.665,메모-0487: 가구원 수 변동 내용을 면접원이 확인
HH-2025-000488,2025,4,ED-0488,R01,서울특별시,동부,도시,ST-01-동,PSU-0057,2025-05-27,방문면접,완료,아파트,자가,27,1인가구,1,1인,여성,39,30대,4,고등학교,상용근로자,취업,운수업,Y,4,4,15,21.0,28.5,485,0.0,25,40,550.0,7800.0,57.8,492.2,67,36,0,5,41,31,180,312.2,492.2,492.2,7.3,27.8,1.03,메모-0488: 소득 항목은 월평균 금액으로 응답
HH-2025-000489,2025,1,ED-0489,R04,인천광역시,동부,도시,ST-04-동,PSU-0094,2025-07-03,방문면접,완료,단독주택,전세,0,기타,2,2인,여성,83,70대 이상,2,초등학교,무급가족종사자,취업,건설업,N,2,2,25,60.5,40.5,0.0,110,85,75,270.0,3240.0,14.8,255.2,65,64,14,33,25,40,241,14.2,127.6,180.5,25.1,40.4,1.395,메모-0489: 온라인 조사 후 전화로 일부 항목 보완
HH-2025-000490,2025,2,ED-0490,R04,인천광역시,동부,도시,ST-04-동,PSU-0131,2025-08-09,전화,대리응답,아파트,보증부월세,11,1인가구,1,1인,남성,32,30대,5,대학교,상용근로자,취업,공공·교육,Y,5,3,5,15.0,48.5,430,0.0,5,120,555.0,6660.0,58.3,496.7,35,91,12,4,39,33,214,282.7,496.7,496.7,18.3,27.1,1.76,메모-0490: 교육비와 보건비 영수증을 참고해 응답
HH-2025-000491,2025,3,ED-0491,R09,경기도,동부,도시,ST-09-동,PSU-0168,2025-09-15,방문면접,완료,아파트,전세,18,부부+자녀,5,5인 이상,여성,51,50대,5,대학교,상용근로자,취업,기타서비스,Y,4,2,10,66.5,49.5,210,0.0,20,10,240.0,2880.0,13.2,226.8,131,80,30,13,43,67,364,-137.2,45.4,101.4,35.3,43.3,0.62,메모-0491: 응답자가 조사표 작성 기준을 확인함
HH-2025-000492,2025,4,ED-0492,R01,서울특별시,동부,도시,ST-01-동,PSU-0205,2025-04-25,인터넷,완료,연립·다세대,자가,0,1인가구,1,1인,남성,34,30대,4,고등학교,비경제활동,비경제활동,,Y,5,4,5,,,0.0,0.0,35,120,155.0,1860.0,8.5,146.5,69,48,22,14,17,28,198,-51.5,146.5,146.5,32.8,30.6,0.985,"메모-0492: 생활비, 주거비 항목 재확인"
HH-2025-000493,2025,1,ED-0493,R09,경기도,동부,도시,ST-09-동,PSU-0242,2025-06-01,인터넷,완료,오피스텔,자가,0,한부모,2,2인,남성,21,20대 이하,5,대학교,학생,비경제활동,,Y,4,3,20,,,0.0,0.0,0,20,20.0,240.0,1.1,18.9,56,55,0,2,14,34,161,-142.1,9.4,13.4,291.0,32.1,1.35,메모-0493: 가구원 수 변동 내용을 면접원이 확인
HH-2025-000494,2025,2,ED-0494,R05,광주광역시,동부,도시,ST-05-동,PSU-0279,2025-07-08,인터넷,완료,아파트,자가,9,부부+자녀,3,3~4인,남성,72,70대 이상,3,중학교,비경제활동,비경제활동,,Y,3,4,5,,,0.0,0.0,65,5,70.0,840.0,3.9,66.1,94,49,24,21,15,37,240,-173.9,22.0,38.2,74.1,31.7,1.715,메모-0494: 소득 항목은 월평균 금액으로 응답
HH-2025-000495,2025,3,ED-0495,R13,전북특별자치도,면부,농촌,ST-13-면,PSU-0016,2025-08-14,인터넷,완료,아파트,자가,16,1인가구,1,1인,남성,31,30대,5,대학교,실업자,실업,,Y,5,3,10,,,0.0,0.0,0,10,10.0,120.0,0.6,9.4,52,33,0,4,32,28,149,-139.6,9.4,9.4,351.1,32.2,0.575,메모-0495: 온라인 조사 후 전화로 일부 항목 보완
HH-2025-000496,2025,4,ED-0496,R16,경상남도,면부,농촌,ST-16-면,PSU-0053,2025-09-20,전화,부분응답,기타,보증부월세,0,부부+자녀,4,3~4인,여성,18,20대 이하,6,대학원,상용근로자,취업,도소매·숙박,Y,4,3,25,45.5,32.5,445,0.0,65,35,545.0,6540.0,57.2,487.8,144,80,7,11,27,42,311,176.8,122.0,243.9,16.4,33.0,0.94,
HH-2025-000497,2025,1,ED-0497,R04,광주광역시,동부,도시,ST-04-동,PSU-0090,2025-04-30,방문면접,완료,아파트,전세,30,기타,3,3~4인,남성,71,70대 이상,2,초등학교,비경제활동,비경제활동,,Y,4,4,5,,,0.0,0.0,15,10,25.0,300.0,1.4,23.6,123,54,3,20,35,34,269,-245.4,7.9,263.6,228.8,32.3,1.305,메모-0497: 응답자가 조사표 작성 기준을 확인함
HH-2025-000498,2025,2,ED-0498,R14,전라남도,동부,농촌,ST-14-동,PSU-0127,2025-06-06,인터넷,완료,연립·다세대,전세,0,1인가구,1,1인,여성,47,40대,5,대학교,자영업자,취업,보건·복지,Y,5,5,10,47.0,56.0,0.0,230,10,10,250.0,3000.0,13.8,236.2,49,57,17,9,18,33,183,53.2,236.2,236.2,24.1,36.2,1.67,"메모-0498: 생활비, 주거비 항목 재확인"
HH-2025-000499,2025,3,ED-0499,R11,충청북도,면부,농촌,ST-11-면,PSU-0164,2025-07-13,인터넷,완료,연립·다세대,자가,0,부부,2,2인,남성,36,30대,5,대학교,자영업자,취업,도소매·숙박,Y,3,4,15,40.5,39.5,0.0,585,15,55,655.0,7860.0,111.4,543.6,65,25,0,11,31,17,149,394.6,271.8,384.4,4.6,30.7,0.53,메모-0499: 가구원 수 변동 내용을 면접원이 확인
HH-2025-000500,2025,4,ED-0500,R15,경상북도,읍부,농촌,ST-15-읍,PSU-0201,2025-08-19,인터넷,완료,아파트,보증부월세,21,부부+자녀,4,3~4인,남성,46,40대,4,고등학교,임시·일용근로자,취업,공공·교육,Y,5,4,10,24.0,31.5,55,0.0,0,120,175.0,2100.0,9.6,165.4,110,103,25,2,39,49,328,-162.6,41.4,82.7,62.3,32.4,0.895,메모-0500: 소득 항목은 월평균 금액으로 응답
HH-2025-000501,2025,1,ED-0001,R05,광주광역시,동부,도시,ST-05-동,PSU-0238,2025-09-25,인터넷,완료,아파트,월세,28,부부+자녀,4,3~4인,남성,62,60대,2,초등학교,임시·일용근로자,취업,보건·복지,Y,4,3,5,39.0,39.5,120,0.0,45,50,215.0,2580.0,11.8,203.2,103,157,24,14,35,50,383,-179.8,50.8,101.6,77.3,34.9,1.26,메모-0501: 온라인 조사 후 전화로 일부 항목 보완
HH-2025-000502,2025,2,ED-0002,R01,서울특별시,동부,도시,ST-01-동,PSU-0275,2025-05-05,전화,완료,아파트,전세,5,부부+자녀,3,3~4인,남성,79,70대 이상,4,고등학교,비경제활동,비경제활동,,N,1,3,5,,,0.0,0.0,75,10,85.0,1020.0,4.7,80.3,109,59,0,26,35,57,286,-205.7,26.8,46.4,73.5,31.6,1.625,메모-0502: 교육비와 보건비 영수증을 참고해 응답
HH-2025-000503,2025,3,ED-0003,R02,부산광역시,동부,도시,ST-02-동,PSU-0012,2025-06-11,인터넷,완료,연립·다세대,자가,0,1인가구,1,1인,여성,50,50대,3,중학교,상용근로자,취업,금융·전문서비스,Y,5,4,10,21.5,44.0,250,0.0,0,45,295.0,3540.0,16.2,278.8,37,51,0,16,29,18,151,127.8,278.8,278.8,18.3,30.3,1.99,메모-0503: 응답자가 조사표 작성 기준을 확인함
HH-2025-000504,2025,4,ED-0004,R09,경기도,동부,도시,ST-09-동,PSU-0049,2025-07-18,인터넷,완료,아파트,전세,19,부부,2,2인,여성,66,60대,4,고등학교,비경제활동,비경제활동,,Y,3,3,10,,,0.0,0.0,40,130,170.0,2040.0,9.3,160.7,86,32,12,21,23,23,197,-36.3,80.3,113.6,19.9,30.5,0.85,"메모-0504: 생활비, 주거비 항목 재확인"
HH-2025-000505,2025,1,ED-0005,R04,인천광역시,동부,도시,ST-04-동,PSU-0086,2025-08-24,인터넷,완료,연립·다세대,자가,0,1인가구,1,1인,여성,18,20대 이하,5,대학교,학생,비경제활동,,Y,4,3,25,,,0.0,0.0,20,45,65.0,780.0,3.6,61.4,66,73,0,6,31,23,199,-137.6,61.4,61.4,118.9,31.7,1.215,메모-0505: 가구원 수 변동 내용을 면접원이 확인
HH-2025-000506,2025,2,ED-0006,R09,경기도,면부,농촌,ST-09-면,PSU-0123,2025-04-03,인터넷,완료,단독주택,자가,0,1인가구,1,1인,남성,43,40대,4,고등학교,자영업자,취업,공공·교육,Y,4,2,5,5.0,46.5,0.0,265,10,20,295.0,3540.0,16.2,278.8,69,20,1,8,46,42,186,92.8,278.8,278.8,7.2,29.1,1.58,메모-0506: 소득 항목은 월평균 금액으로 응답
HH-2025-000507,2025,3,ED-0007,R04,인천광역시,읍부,농촌,ST-04-읍,PSU-0160,2025-05-10,방문면접,완료,단독주택,자가,0,한부모,2,2인,여성,69,60대,4,고등학교,자영업자,취업,보건·복지,N,2,3,5,5.0,42.5,0.0,395,40,20,455.0,5460.0,47.8,407.2,65,10,3,22,57,35,192,215.2,203.6,287.9,2.5,27.6,1.945,메모-0507: 온라인 조사 후 전화로 일부 항목 보완
HH-2025-000508,2025,4,ED-0008,R01,서울특별시,동부,도시,ST-01-동,PSU-0197,2025-06-16,인터넷,완료,아파트,자가,17,부부+자녀,4,3~4인,남성,42,40대,4,고등학교,자영업자,취업,농림어업,Y,4,4,10,38.5,46.0,0.0,560,55,45,660.0,7920.0,112.2,547.8,98,48,45,2,17,58,268,279.8,136.9,273.9,8.8,30.4,0.805,메모-0508: 교육비와 보건비 영수증을 참고해 응답
HH-2025-000509,2025,1,ED-0009,R09,경기도,동부,도시,ST-09-동,PSU-0234,2025-07-23,방문면접,완료,아파트,자가,24,부부,2,2인,남성,69,60대,5,대학교,임시·일용근로자,취업,운수업,N,3,3,10,58.5,30.5,155,0.0,15,60,230.0,2760.0,12.7,217.3,105,82,0,28,34,40,289,-71.7,108.7,153.7,37.7,40.2,1.17,메모-0509: 응답자가 조사표 작성 기준을 확인함
HH-2025-000510,2025,2,ED-0010,R17,제주특별자치도,동부,도시,ST-17-동,PSU-0271,2025-08-29,인터넷,부분응답,아파트,자가,1,부부,2,2인,남성,51,50대,4,고등학교,비경제활동,비경제활동,,Y,5,4,10,,,0.0,0.0,0,10,10.0,120.0,0.6,9.4,75,45,0,16,11,18,165,-155.6,4.7,6.6,478.7,32.2,1.535,"메모-0510: 생활비, 주거비 항목 재확인"
HH-2025-000511,2025,3,ED-0011,R04,인천광역시,동부,도시,ST-04-동,PSU-0008,2025-04-08,방문면접,완료,아파트,전세,8,부부+자녀,4,3~4인,남성,52,50대,3,고등학교,상용근로자,취업,도소매·숙박,N,4,4,5,62.5,51.5,520,0.0,60,10,590.0,7080.0,61.9,528.1,98,63,41,2,38,31,273,255.1,132.0,264.1,31.9,37.9,1.9,메모-0511: 가구원 수 변동 내용을 면접원이 확인
HH-2025-000512,2025,4,ED-0012,R09,경기도,동부,도시,ST-09-동,PSU-0045,2025-05-15,인터넷,완료,아파트,보증부월세,15,한부모,4,3~4인,여성,28,20대 이하,5,대학교,상용근로자,취업,정보통신,Y,5,4,20,51.5,39.0,320,0.0,65,15,400.0,4800.0,42.0,358.0,126,79,12,2,38,50,307,51.0,89.5,179.0,22.1,36.3,0.76,메모-0512: 소득 항목은 월평균 금액으로 응답
HH-2025-000513,2025,1,ED-0013,R09,경기도,면부,농촌,ST-09-면,PSU-0082,2025-06-21,방문면접,완료,단독주택,자가,0,기타,6,5인 이상,남성,80,70대 이상,2,초등학교,비경제활동,비경제활동,,N,3,4,5,,,0.0,0.0,75,25,100.0,1200.0,5.5,94.5,125,29,13,29,12,64,272,-177.5,15.8,38.6,30.7,31.4,1.125,메모-0513: 온라인 조사 후 전화로 일부 항목 보완
HH-2025-000514,2025,2,ED-0014,R09,경기도,읍부,농촌,ST-09-읍,PSU-0119,2025-07-28,인터넷,완료,단독주택,자가,0,한부모,2,2인,남성,50,50대,5,대학교,상용근로자,취업,운수업,Y,4,2,5,35.5,49.5,385,0.0,10,45,440.0,5280.0,46.2,393.8,64,34,0,3,31,45,177,216.8,196.9,278.5,8.6,31.4,1.49,메모-0514: 교육비와 보건비 영수증을 참고해 응답
HH-2025-000515,2025,3,ED-0015,R02,부산광역시,동부,도시,ST-02-동,PSU-0156,2025-09-03,인터넷,완료,단독주택,자가,0,기타,4,3~4인,남성,38,30대,4,고등학교,자영업자,취업,도소매·숙박,Y,5,4,10,23.5,43.5,0.0,305,45,50,400.0,4800.0,42.0,358.0,108,60,56,2,25,42,293,65.0,89.5,179.0,16.8,29.9,1.855,메모-0515: 응답자가 조사표 작성 기준을 확인함
HH-2025-000516,2025,4,ED-0016,R09,경기도,동부,도시,ST-09-동,PSU-0193,2025-04-13,인터넷,완료,아파트,무상,13,부부+자녀,4,3~4인,여성,47,40대,5,대학교,자영업자,취업,도소매·숙박,Y,4,4,15,26.5,44.5,0.0,350,60,40,450.0,5400.0,47.2,402.8,109,52,27,2,44,32,266,136.8,100.7,201.4,12.9,29.8,0.715,"메모-0516: 생활비, 주거비 항목 재확인"
HH-2025-000517,2025,1,ED-0017,R16,경상남도,동부,도시,ST-16-동,PSU-0230,2025-05-20,인터넷,완료,연립·다세대,보증부월세,0,부부+자녀,4,3~4인,남성,64,60대,4,고등학교,상용근로자,취업,농림어업,Y,3,3,15,19.0,45.0,315,0.0,50,80,495.0,5940.0,46.7,398.3,108,114,19,19,33,49,342,56.3,99.6,199.2,28.6,29.0,1.08,메모-0517: 가구원 수 변동 내용을 면접원이 확인
HH-2025-000518,2025,2,ED-0018,R16,경상남도,동부,도시,ST-16-동,PSU-0267,2025-06-26,전화,완료,아파트,전세,27,부부,2,2인,여성,66,60대,4,고등학교,임시·일용근로자,취업,정보통신,N,3,2,5,23.5,31.0,165,0.0,25,55,245.0,2940.0,13.5,231.5,63,42,9,5,37,46,202,29.5,115.8,163.7,18.1,31.3,1.445,메모-0518: 소득 항목은 월평균 금액으로 응답
HH-2025-000519,2025,3,ED-0019,R16,경상남도,면부,농촌,ST-16-면,PSU-0004,2025-08-02,인터넷,완료,단독주택,보증부월세,0,부부+자녀,3,3~4인,여성,45,40대,5,대학교,실업자,실업,,Y,4,4,5,,,0.0,0.0,15,0,15.0,180.0,0.8,14.2,104,93,15,10,39,61,322,-307.8,4.7,8.2,654.9,32.5,1.81,메모-0519: 온라인 조사 후 전화로 일부 항목 보완
HH-2025-000520,2025,4,ED-0020,R01,서울특별시,동부,도시,ST-01-동,PSU-0041,2025-09-08,인터넷,완료,단독주택,자가,0,부부+자녀,4,3~4인,남성,50,50대,4,고등학교,임시·일용근로자,취업,제조업,N,3,4,5,34.5,46.0,120,0.0,40,50,210.0,2520.0,11.6,198.4,111,73,15,24,29,45,297,-98.6,49.6,99.2,36.8,33.8,0.67,메모-0520: 교육비와 보건비 영수증을 참고해 응답
HH-2025-000521,2025,1,ED-0021,R09,경기도,동부,도시,ST-09-동,PSU-0078,2025-04-18,인터넷,완료,기타,월세,0,부부,2,2인,여성,38,30대,4,고등학교,임시·일용근로자,취업,건설업,Y,4,3,45,72.0,40.5,235,0.0,5,85,325.0,3900.0,34.1,290.9,78,104,6,5,32,28,253,37.9,145.4,205.7,35.8,44.6,1.035,메모-0521: 응답자가 조사표 작성 기준을 확인함
HH-2025-000522,2025,2,ED-0022,R09,경기도,동부,도시,ST-09-동,PSU-0115,2025-05-25,인터넷,완료,단독주택,보증부월세,0,부부+자녀,4,3~4인,여성,62,60대,4,고등학교,실업자,실업,,Y,3,3,10,,,0.0,0.0,20,0,20.0,240.0,1.1,18.9,99,103,0,29,21,54,306,-287.1,4.7,9.4,545.0,32.4,1.4,"메모-0522: 생활비, 주거비 항목 재확인"
HH-2025-000523,2025,3,ED-0023,R15,경상북도,동부,도시,ST-15-동,PSU-0152,2025-07-01,전화,완료,단독주택,자가,0,부부,2,2인,남성,60,60대,4,고등학교,비경제활동,비경제활동,,Y,3,3,10,,,0.0,0.0,30,25,55.0,660.0,3.0,52.0,63,38,0,2,14,49,166,-114.0,26.0,36.8,73.1,31.7,1.765,메모-0523: 가구원 수 변동 내용을 면접원이 확인
HH-2025-000524,2025,4,ED-0024,R16,경상남도,동부,도시,ST-16-동,PSU-0189,2025-08-07,방문면접,완료,단독주택,보증부월세,0,1인가구,1,1인,여성,67,60대,4,고등학교,임시·일용근로자,취업,기타서비스,N,3,3,5,5.0,39.5,165,0.0,45,100,310.0,3720.0,32.5,277.5,37,113,0,28,28,36,242,35.5,277.5,277.5,40.7,29.2,0.625,메모-0524: 소득 항목은 월평균 금액으로 응답
HH-2025-000525,2025,1,ED-0025,R09,경기도,읍부,농촌,ST-09-읍,PSU-0226,2025-09-13,방문면접,완료,오피스텔,자가,0,부부+자녀,5,5인 이상,남성,42,40대,5,대학교,상용근로자,취업,제조업,Y,5,4,10,40.5,35.0,410,0.0,30,85,525.0,6300.0,55.1,469.9,128,35,36,14,37,58,308,161.9,94.0,210.1,7.4,31.9,0.99,메모-0525: 온라인 조사 후 전화로 일부 항목 보완
HH-2025-000526,2025,2,ED-0026,R04,인천광역시,동부,도시,ST-04-동,PSU-0263,2025-04-23,전화,완료,아파트,무상,23,부부,2,2인,여성,26,20대 이하,5,대학교,상용근로자,취업,공공·교육,Y,5,4,5,18.0,44.0,300,0.0,0,35,335.0,4020.0,35.2,299.8,70,27,9,19,33,38,196,103.8,149.9,212.0,9.0,29.8,1.355,메모-0526: 교육비와 보건비 영수증을 참고해 응답
HH-2025-000527,2025,3,ED-0027,R01,서울특별시,동부,도시,ST-01-동,PSU-0300,2025-05-30,전화,완료,아파트,전세,30,한부모,4,3~4인,여성,46,40대,2,초등학교,상용근로자,취업,보건·복지,Y,4,2,5,44.5,38.0,400,0.0,35,35,470.0,5640.0,49.4,420.6,125,60,19,16,25,50,295,125.6,105.2,210.3,14.3,33.5,1.72,
HH-2025-000528,2025,4,ED-0028,R04,인천광역시,동부,도시,ST-04-동,PSU-0037,2025-07-06,전화,완료,아파트,보증부월세,7,부부+자녀,3,3~4인,여성,50,50대,5,대학교,상용근로자,취업,도소매·숙박,N,3,5,5,16.0,33.5,430,0.0,35,40,505.0,6060.0,53.0,452.0,91,100,17,2,30,52,292,160.0,150.7,261.0,22.1,27.9,0.58,"메모-0528: 생활비, 주거비 항목 재확인"
HH-2025-000529,2025,1,ED-0029,R09,경기도,동부,도시,ST-09-동,PSU-0074,2025-08-12,인터넷,완료,연립·다세대,보증부월세,0,1인가구,1,1인,남성,64,60대,4,고등학교,임시·일용근로자,취업,건설업,Y,3,3,10,22.5,39.0,145,0.0,30,80,255.0,3060.0,14.0,241.0,61,126,0,19,28,31,265,-24.0,241.0,241.0,52.3,31.2,0.945,메모-0529: 가구원 수 변동 내용을 면접원이 확인
HH-2025-000530,2025,2,ED-0030,R04,인천광역시,동부,도시,ST-04-동,PSU-0111,2025-09-18,전화,완료,아파트,보증부월세,21,부부+자녀,4,3~4인,남성,73,70대 이상,2,초등학교,비경제활동,비경제활동,,N,3,4,5,,,0.0,0.0,95,90,185.0,2220.0,10.2,174.8,117,79,0,25,3,30,404,-229.2,43.7,87.4,45.2,30.7,1.31,메모-0530: 소득 항목은 월평균 금액으로 응답
HH-2025-000531,2025,3,ED-0031,R11,충청북도,면부,농촌,ST-11-면,PSU-0148,2025-04-28,방문면접,완료,단독주택,자가,0,한부모,3,3~4인,남성,35,30대,3,중학교,자영업자,취업,기타서비스,Y,5,4,70,5.0,37.0,0.0,300,20,0,320.0,3840.0,33.6,286.4,105,40,40,2,41,45,273,88.4,95.5,165.4,14.0,29.2,1.675,메모-0531: 온라인 조사 후 전화로 일부 항목 보완
HH-2025-000532,2025,4,ED-0032,R12,충청남도,동부,도시,ST-12-동,PSU-0185,2025-06-04,인터넷,완료,단독주택,보증부월세,0,부부+자녀,3,3~4인,여성,56,50대,5,대학교,상용근로자,취업,도소매·숙박,Y,3,3,10,54.5,50.0,405,0.0,0,75,480.0,5760.0,50.4,429.6,83,82,40,5,34,52,296,133.6,143.2,248.0,19.1,36.3,0.535,메모-0532: 교육비와 보건비 영수증을 참고해 응답
HH-2025-000533,2025,1,ED-0033,R09,경기도,동부,도시,ST-09-동,PSU-0222,2025-07-11,방문면접,완료,아파트,보증부월세,12,부부,2,2인,남성,65,60대,5,대학교,비경제활동,비경제활동,,N,3,3,10,,,0.0,0.0,0,80,80.0,960.0,4.4,75.6,62,78,0,19,18,41,218,-142.4,37.8,53.5,103.2,31.5,0.9,메모-0533: 응답자가 조사표 작성 기준을 확인함
HH-2025-000534,2025,2,ED-0034,R11,충청북도,동부,도시,ST-11-동,PSU-0259,2025-08-17,전화,완료,연립·다세대,자가,0,기타,3,3~4인,여성,59,50대,4,고등학교,상용근로자,실업,도소매·숙박,N,3,3,5,13.5,31.5,370,0.0,30,120,520.0,6240.0,54.6,465.4,82,47,25,29,34,43,260,205.4,155.1,268.7,10.1,27.5,1.265,"메모-0534: 생활비, 주거비 항목 재확인"
HH-2025-000535,2025,3,ED-0035,R09,경기도,면부,농촌,ST-09-면,PSU-0296,2025-09-23,인터넷,완료,단독주택,보증부월세,0,부부,2,2인,여성,46,40대,5,대학교,상용근로자,취업,제조업,Y,4,4,20,39.5,30.5,335,0.0,25,5,365.0,4380.0,38.3,326.7,89,72,3,19,43,39,265,61.7,163.3,231.0,22.0,33.3,1.63,메모-0535: 가구원 수 변동 내용을 면접원이 확인
HH-2025-000536,2025,4,ED-0036,R16,경상남도,면부,농촌,ST-16-면,PSU-0033,2025-05-03,인터넷,완료,단독주택,자가,0,1인가구,1,2인,남성,50,50대,5,대학교,상용근로자,취업,공공·교육,Y,3,2,5,68.0,22.0,185,0.0,30,105,320.0,3840.0,33.6,286.4,53,28,41,4,34,35,195,91.4,286.4,286.4,9.8,67.8,1.995,메모-0536: 소득 항목은 월평균 금액으로 응답
HH-2025-000537,2025,1,ED-0037,R06,대전광역시,읍부,농촌,ST-06-읍,PSU-0070,2025-06-09,인터넷,완료,기타,자가,0,부부+자녀,5,5인 이상,남성,37,30대,5,대학교,상용근로자,취업,공공·교육,Y,5,4,5,5.0,43.5,675,0.0,40,75,790.0,9480.0,134.3,655.7,141,57,41,5,37,50,331,324.7,131.1,293.2,8.7,24.9,0.855,메모-0537: 온라인 조사 후 전화로 일부 항목 보완
HH-2025-000538,2025,2,ED-0038,R09,경기도,동부,도시,ST-09-동,PSU-0107,2025-07-16,전화,완료,아파트,자가,17,1인가구,1,1인,남성,41,40대,4,고등학교,비경제활동,비경제활동,,Y,5,3,10,,,0.0,0.0,70,105,175.0,2100.0,9.6,165.4,55,58,14,21,24,40,212,-46.6,165.4,165.4,35.1,30.4,1.22,메모-0538: 교육비와 보건비 영수증을 참고해 응답
HH-2025-000539,2025,3,ED-0039,R06,대전광역시,동부,도시,ST-06-동,PSU-0144,2025-08-22,인터넷,완료,아파트,자가,24,부부,2,2인,남성,81,70대 이상,2,초등학교,비경제활동,비경제활동,,Y,3,3,20,,,0.0,0.0,85,60,145.0,1740.0,8.0,137.0,76,40,11,38,18,36,219,-82.0,68.5,96.9,29.2,30.8,1.585,메모-0539: 응답자가 조사표 작성 기준을 확인함
HH-2025-000540,2025,4,ED-0040,R01,서울특별시,동부,도시,ST-01-동,PSU-0181,2025-04-01,인터넷,완료,아파트,자가,1,부부+자녀,4,3~4인,여성,33,30대,5,대학교,상용근로자,취업,정보통신,Y,4,3,25,54.0,35.0,370,0.0,60,0,430.0,5160.0,45.1,384.9,115,56,58,7,26,45,307,77.9,96.2,192.4,14.5,36.7,1.95,"메모-0540: 생활비, 주거비 항목 재확인"
HH-2025-000541,2025,1,ED-0041,R04,인천광역시,읍부,농촌,ST-04-읍,PSU-0218,2025-05-08,방문면접,완료,기타,무상,0,부부,2,2인,남성,58,50대,4,고등학교,상용근로자,취업,공공·교육,N,4,3,20,51.0,32.5,295,0.0,30,45,370.0,4440.0,38.9,331.1,78,21,0,35,34,41,209,122.1,165.6,234.1,6.3,36.2,0.81,메모-0541: 가구원 수 변동 내용을 면접원이 확인
HH-2025-000542,2025,2,ED-0042,R16,경상남도,동부,도시,ST-16-동,PSU-0255,2025-06-14,방문면접,완료,오피스텔,자가,0,부부+자녀,4,3~4인,남성,56,50대,4,고등학교,상용근로자,취업,기타서비스,N,2,4,5,26.0,23.0,310,0.0,35,95,440.0,5280.0,46.2,393.8,89,31,14,24,29,37,224,169.8,98.5,196.9,7.9,29.8,1.175,메모-0542: 소득 항목은 월평균 금액으로 응답
HH-2025-000543,2025,3,ED-0043,R13,전북특별자치도,동부,도시,ST-13-동,PSU-0292,2025-07-21,인터넷,완료,단독주택,자가,0,한부모,2,2인,남성,36,30대,4,고등학교,상용근로자,취업,제조업,Y,4,5,5,41.5,31.5,285,0.0,70,5,360.0,4320.0,37.8,322.2,80,34,16,2,42,44,218,104.2,161.1,227.8,10.6,33.7,1.54,메모-0543: 온라인 조사 후 전화로 일부 항목 보완
HH-2025-000544,2025,4,ED-0044,R16,경상남도,읍부,농촌,ST-16-읍,PSU-0029,2025-08-27,전화,완료,단독주택,자가,0,부부+자녀,4,3~4인,남성,30,30대,5,대학교,임시·일용근로자,취업,보건·복지,Y,3,3,5,48.0,47.0,220,0.0,50,10,280.0,3360.0,15.4,264.6,125,8,42,10,31,57,273,-8.4,66.2,132.3,3.0,36.3,1.905,메모-0544: 교육비와 보건비 영수증을 참고해 응답
HH-2025-000545,2025,1,ED-0045,R01,서울특별시,동부,도시,ST-01-동,PSU-0066,2025-04-06,인터넷,완료,단독주택,자가,0,3세대,6,5인 이상,남성,45,40대,4,고등학교,상용근로자,취업,보건·복지,Y,4,5,15,51.0,30.0,400,0.0,70,120,590.0,7080.0,61.9,528.1,156,42,66,2,23,83,372,156.1,88.0,215.6,8.0,34.2,0.765,메모-0545: 응답자가 조사표 작성 기준을 확인함
HH-2025-000546,2025,2,ED-0046,R09,경기도,면부,농촌,ST-09-면,PSU-0103,2025-05-13,인터넷,완료,단독주택,자가,0,1인가구,1,1인,남성,64,60대,4,고등학교,비경제활동,비경제활동,,Y,3,3,5,,,0.0,0.0,0,100,100.0,1200.0,5.5,94.5,46,44,0,19,7,21,137,-42.5,94.5,94.5,46.6,31.1,1.13,"메모-0546: 생활비, 주거비 항목 재확인"
HH-2025-000547,2025,3,ED-0047,R09,경기도,동부,도시,ST-09-동,PSU-0140,2025-06-19,인터넷,부분응답,아파트,보증부월세,20,1인가구,1,1인,여성,50,50대,5,대학교,상용근로자,취업,운수업,Y,3,3,5,29.0,39.0,500,0.0,5,85,590.0,7080.0,61.9,528.1,53,101,2,5,25,25,211,317.1,528.1,528.1,19.1,28.6,1.495,메모-0547: 가구원 수 변동 내용을 면접원이 확인
HH-2025-000548,2025,4,ED-0048,R01,서울특별시,동부,도시,ST-01-동,PSU-0177,2025-07-26,인터넷,부분응답,연립·다세대,자가,0,1인가구,1,1인,여성,53,50대,5,대학교,상용근로자,취업,공공·교육,Y,4,2,15,55.0,35.5,350,0.0,0,120,470.0,5640.0,49.4,420.6,56,49,0,4,41,43,193,227.6,420.6,420.6,11.7,36.4,1.86,메모-0548: 소득 항목은 월평균 금액으로 응답
HH-2025-000549,2025,1,ED-0049,R06,대전광역시,동부,도시,ST-06-동,PSU-0214,2025-09-01,방문면접,완료,연립·다세대,자가,0,부부+자녀,4,3~4인,여성,55,50대,4,고등학교,임시·일용근로자,취업,공공·교육,Y,4,3,5,58.0,52.0,90,0.0,30,40,160.0,3120.0,8.8,151.2,113,47,47,2,33,57,299,-147.8,37.8,75.6,31.1,40.9,0.72,메모-0549: 온라인 조사 후 전화로 일부 항목 보완
HH-2025-000550,2025,2,ED-0050,R10,강원특별자치도,면부,농촌,ST-10-면,PSU-0251,2025-04-11,방문면접,완료,기타,자가,0,부부+자녀,5,5인 이상,여성,52,50대,5,대학교,임시·일용근로자,취업,도소매·숙박,Y,4,3,10,46.5,51.0,125,0.0,45,50,220.0,2640.0,12.1,207.9,137,41,51,18,42,80,369,-161.1,41.6,93.0,19.7,36.7,1.085,메모-0550: 교육비와 보건비 영수증을 참고해 응답
HH-2025-000551,2025,3,ED-0051,R04,인천광역시,동부,도시,ST-04-동,PSU-0288,2025-05-18,전화,완료,아파트,자가,18,1인가구,1,1인,남성,81,70대 이상,2,초등학교,비경제활동,비경제활동,,Y,1,4,5,,,0.0,0.0,30,30,60.0,720.0,3.3,56.7,65,38,24,29,9,8,173,-116.3,56.7,56.7,67.0,31.7,1.45,메모-0551: 응답자가 조사표 작성 기준을 확인함
HH-2025-000552,2025,4,ED-0052,R09,경기도,동부,도시,ST-09-동,PSU-0025,2025-06-24,방문면접,완료,아파트,자가,25,부부+자녀,3,3~4인,남성,32,30대,4,고등학교,비경제활동,비경제활동,,Y,5,4,20,,,0.0,0.0,5,15,20.0,240.0,1.1,18.9,82,67,0,6,17,27,199,-180.1,6.3,10.9,354.5,32.2,1.815,"메모-0552: 생활비, 주거비 항목 재확인"
HH-2025-000553,2025,1,ED-0053,R09,경기도,면부,농촌,ST-09-면,PSU-0062,2025-07-31,방문면접,완료,단독주택,자가,0,부부+자녀,4,3~4인,남성,86,20대 이하,2,초등학교,비경제활동,비경제활동,,N,3,4,5,,,0.0,0.0,80,85,165.0,1980.0,9.1,155.9,88,34,0,48,20,52,242,-86.1,39.0,78.0,21.8,30.6,0.675,메모-0553: 가구원 수 변동 내용을 면접원이 확인
HH-2025-000554,2025,2,ED-0054,R03,대구광역시,동부,도시,ST-03-동,PSU-0099,2025-09-06,인터넷,완료,오피스텔,월세,0,한부모,2,2인,남성,30,30대,5,대학교,상용근로자,취업,건설업,Y,5,4,5,17.0,28.5,495,0.0,15,75,585.0,7020.0,61.4,523.6,60,107,0,2,42,51,262,261.6,261.8,370.2,20.4,27.1,1.04,메모-0554: 소득 항목은 월평균 금액으로 응답
HH-2025-000555,2025,3,ED-0055,R09,경기도,면부,농촌,ST-09-면,PSU-0136,2025-04-16,전화,완료,아파트,자가,16,1인가구,1,1인,여성,58,50대,4,고등학교,비경제활동,비경제활동,,N,4,3,10,,,0.0,0.0,15,130,145.0,1740.0,8.0,137.0,54,50,0,16,17,10,147,-10.0,137.0,137.0,36.5,30.6,1.405,메모-0555: 온라인 조사 후 전화로 일부 항목 보완
HH-2025-000556,2025,4,ED-0056,R16,경상남도,동부,도시,ST-16-동,PSU-0173,2025-05-23,인터넷,완료,아파트,전세,23,부부+자녀,4,3~4인,남성,70,70대 이상,4,고등학교,임시·일용근로자,취업,건설업,Y,3,4,5,32.0,36.5,75,0.0,55,5,135.0,1620.0,7.4,127.6,99,30,1,26,21,44,221,-93.4,31.9,63.8,23.5,34.0,1.77,메모-0556: 교육비와 보건비 영수증을 참고해 응답
HH-2025-000557,2025,1,ED-0057,R11,충청북도,면부,농촌,ST-11-면,PSU-0210,2025-06-29,인터넷,완료,단독주택,자가,0,부부,2,2인,여성,42,40대,5,대학교,임시·일용근로자,취업,금융·전문서비스,Y,5,3,5,14.5,46.5,115,0.0,40,95,250.0,3000.0,13.8,236.2,83,11,4,8,36,31,173,63.2,118.1,167.0,4.7,30.1,0.63,메모-0557: 응답자가 조사표 작성 기준을 확인함
HH-2025-000558,2025,2,ED-0058,R04,인천광역시,동부,도시,ST-04-동,PSU-0247,2025-08-05,방문면접,부분응답,연립·다세대,전세,0,1인가구,1,1인,남성,23,20대 이하,6,대학원,상용근로자,취업,기타서비스,Y,5,4,5,55.5,45.5,715,0.0,30,15,760.0,9120.0,129.2,630.8,52,70,13,10,31,21,197,433.8,630.8,630.8,11.1,34.1,0.995,
HH-2025-000559,2025,3,ED-0059,R16,경상남도,동부,도시,ST-16-동,PSU-0284,2025-09-11,인터넷,완료,아파트,자가,14,부부+자녀,4,3~4인,여성,59,50대,5,대학교,상용근로자,취업,제조업,Y,4,4,5,34.0,43.5,245,0.0,65,25,335.0,4020.0,35.2,299.8,100,46,31,13,29,28,247,52.8,75.0,149.9,15.3,32.4,1.36,메모-0559: 가구원 수 변동 내용을 면접원이 확인
HH-2025-000560,2025,4,ED-0060,R01,서울특별시,읍부,농촌,ST-01-읍,PSU-0021,2025-04-21,인터넷,완료,단독주택,전세,0,한부모,4,3~4인,남성,45,40대,5,대학교,임시·일용근로자,취업,제조업,Y,5,3,25,48.0,40.0,345,0.0,55,115,515.0,6180.0,54.1,460.9,111,62,13,6,45,46,283,177.9,115.2,230.4,13.5,33.9,1.725,메모-0560: 소득 항목은 월평균 금액으로 응답
HH-2025-000561,2025,1,ED-0061,R09,경기도,읍부,농촌,ST-09-읍,PSU-0058,2025-05-28,인터넷,대리응답,연립·다세대,자가,0,3세대,6,5인 이상,남성,27,20대 이하,4,고등학교,자영업자,취업,제조업,Y,5,3,10,17.5,49.0,0.0,400,30,30,460.0,5520.0,48.3,411.7,150,34,23,3,45,62,317,94.7,68.6,168.1,8.3,28.6,0.585,메모-0561: 온라인 조사 후 전화로 일부 항목 보완
HH-2025-000562,2025,2,ED-0062,R01,서울특별시,동부,도시,ST-01-동,PSU-0095,2025-07-04,인터넷,완료,오피스텔,보증부월세,0,1인가구,1,1인,남성,49,40대,5,대학교,상용근로자,취업,제조업,Y,5,3,5,42.0,43.0,290,0.0,40,130,460.0,5520.0,48.3,411.7,54,75,0,22,40,10,201,210.7,411.7,411.7,18.2,32.8,0.95,메모-0562: 교육비와 보건비 영수증을 참고해 응답
HH-2025-000563,2025,3,ED-0063,R09,경기도,읍부,농촌,ST-09-읍,PSU-0132,2025-08-10,인터넷,완료,아파트,자가,12,부부+자녀,5,5인 이상,여성,61,60대,5,대학교,상용근로자,취업,금융·전문서비스,Y,3,4,5,35.0,38.0,310,0.0,45,135,490.0,5880.0,51.4,438.6,119,27,33,8,41,62,290,148.6,87.7,196.1,6.2,31.0,1.315,메모-0563: 응답자가 조사표 작성 기준을 확인함
HH-2025-000564,2025,4,ED-0064,R15,경상북도,동부,도시,ST-15-동,PSU-0169,2025-09-16,인터넷,완료,아파트,월세,19,1인가구,1,1인,남성,62,60대,6,대학원,무급가족종사자,취업,공공·교육,Y,4,3,5,64.0,31.0,0.0,80,30,100,260.0,3120.0,11.6,198.4,35,110,0,17,32,23,217,-18.6,198.4,198.4,55.4,42.3,1.68,"메모-0564: 생활비, 주거비 항목 재확인"
HH-2025-000565,2025,1,ED-0065,R02,부산광역시,동부,도시,ST-02-동,PSU-0206,2025-04-26,전화,완료,아파트,보증부월세,26,1인가구,1,1인,남성,18,20대 이하,5,대학교,상용근로자,취업,보건·복지,Y,5,3,5,27.0,36.0,260,0.0,35,115,410.0,4920.0,43.0,367.0,48,104,16,10,13,24,215,152.0,367.0,367.0,28.3,30.2,0.54,메모-0565: 가구원 수 변동 내용을 면접원이 확인
HH-2025-000566,2025,2,ED-0066,R02,부산광역시,동부,도시,ST-02-동,PSU-0243,2025-06-02,전화,완료,아파트,보증부월세,3,3세대,6,5인 이상,남성,28,20대 이하,5,대학교,상용근로자,취업,도소매·숙박,Y,5,3,10,61.0,47.5,250,0.0,50,30,330.0,3960.0,34.6,295.4,154,93,10,2,34,52,345,-49.6,49.2,120.6,31.5,40.3,0.905,메모-0566: 소득 항목은 월평균 금액으로 응답
HH-2025-000567,2025,3,ED-0067,R14,전라남도,동부,도시,ST-14-동,PSU-0280,2025-07-09,인터넷,완료,아파트,보증부월세,10,부부,2,2인,남성,39,30대,5,대학교,상용근로자,취업,건설업,Y,5,5,15,30.0,41.5,495,0.0,0,95,590.0,7080.0,61.9,528.1,88,94,0,2,46,30,260,268.1,264.1,373.4,17.8,28.9,1.27,메모-0567: 온라인 조사 후 전화로 일부 항목 보완
HH-2025-000568,2025,4,ED-0068,R16,제주특별자치도,읍부,농촌,ST-16-읍,PSU-0017,2025-08-15,인터넷,완료,오피스텔,무상,0,3세대,7,5인 이상,남성,54,50대,5,대학교,상용근로자,취업,건설업,Y,4,4,5,29.0,36.0,540,0.0,50,10,600.0,7200.0,102.0,498.0,156,17,111,2,25,88,399,99.0,71.1,438.2,3.4,29.3,1.635,메모-0568: 교육비와 보건비 영수증을 참고해 응답
HH-2025-000569,2025,1,ED-0069,R01,서울특별시,동부,도시,ST-01-동,PSU-0054,2025-09-21,전화,부분응답,연립·다세대,자가,0,부부+자녀,4,3~4인,여성,36,30대,4,고등학교,임시·일용근로자,취업,제조업,Y,5,4,10,38.5,44.0,150,0.0,25,150,325.0,3900.0,34.1,290.9,132,38,31,12,37,61,311,-20.1,72.7,145.4,13.1,33.6,2.0,메모-0569: 응답자가 조사표 작성 기준을 확인함
HH-2025-000570,2025,2,ED-0070,R04,인천광역시,동부,도시,ST-04-동,PSU-0091,2025-05-01,인터넷,완료,연립·다세대,자가,0,1인가구,1,1인,여성,60,60대,4,고등학교,상용근로자,취업,보건·복지,Y,3,3,10,41.0,43.5,505,0.0,10,60,575.0,6900.0,60.4,514.6,52,59,20,14,31,21,197,317.6,514.6,514.6,11.5,31.3,0.86,"메모-0570: 생활비, 주거비 항목 재확인"
HH-2025-000571,2025,3,ED-0071,R03,대구광역시,동부,도시,ST-03-동,PSU-0128,2025-06-07,방문면접,완료,아파트,자가,8,부부+자녀,4,3~4인,여성,65,60대,4,고등학교,자영업자,취업,금융·전문서비스,N,3,4,5,50.5,34.0,0.0,525,60,65,650.0,7800.0,110.5,539.5,103,28,42,22,29,54,278,261.5,134.9,269.8,5.2,33.7,1.225,메모-0571: 가구원 수 변동 내용을 면접원이 확인
HH-2025-000572,2025,4,ED-0072,R09,경기도,동부,도시,ST-09-동,PSU-0165,2025-07-14,인터넷,완료,아파트,자가,15,부부+자녀,4,3~4인,남성,38,30대,5,대학교,자영업자,취업,농림어업,Y,5,4,10,32.0,43.0,0.0,350,75,0,425.0,5100.0,44.6,380.4,101,45,40,9,19,44,258,122.4,95.1,190.2,11.8,31.0,1.59,메모-0572: 소득 항목은 월평균 금액으로 응답
HH-2025-000573,2025,1,ED-0073,R12,충청남도,동부,도시,ST-12-동,PSU-0202,2025-08-20,인터넷,부분응답,아파트,전세,22,1인가구,1,1인,여성,80,70대 이상,3,중학교,비경제활동,비경제활동,,N,3,4,10,,,0.0,0.0,90,50,140.0,1680.0,7.7,132.3,47,66,3,26,4,40,186,-53.7,132.3,132.3,49.9,30.8,1.955,메모-0573: 온라인 조사 후 전화로 일부 항목 보완
HH-2025-000574,2025,2,ED-0074,R09,경기도,면부,농촌,ST-09-면,PSU-0239,2025-09-26,전화,완료,단독주택,자가,0,한부모,3,3~4인,남성,49,40대,3,중학교,상용근로자,취업,운수업,N,4,3,10,50.0,45.5,200,0.0,0,105,305.0,3660.0,32.0,273.0,95,23,26,2,32,37,215,58.0,91.0,157.6,8.4,36.7,0.815,메모-0574: 교육비와 보건비 영수증을 참고해 응답
HH-2025-000575,2025,3,ED-0075,R01,서울특별시,읍부,농촌,ST-01-읍,PSU-0276,2025-05-06,인터넷,완료,단독주택,전세,0,부부+자녀,4,3~4인,여성,66,60대,2,초등학교,상용근로자,취업,제조업,Y,3,4,5,18.0,43.0,235,0.0,25,10,270.0,3240.0,14.8,255.2,113,43,21,19,38,39,273,-17.8,63.8,127.6,16.8,30.5,1.18,메모-0575: 응답자가 조사표 작성 기준을 확인함
HH-2025-000576,2025,4,ED-0076,R15,경상북도,읍부,농촌,ST-15-읍,PSU-0013,2025-06-12,인터넷,완료,단독주택,자가,0,부부,2,2인,남성,25,20대 이하,5,대학교,상용근로자,취업,금융·전문서비스,Y,5,4,15,39.0,39.0,490,0.0,30,35,555.0,6660.0,58.3,496.7,77,10,13,12,40,36,188,308.7,248.3,351.2,2.0,31.0,1.545,"메모-0576: 생활비, 주거비 항목 재확인"
HH-2025-000577,2025,1,ED-0077,R14,전라남도,읍부,농촌,ST-14-읍,PSU-0050,2025-07-19,인터넷,완료,아파트,보증부월세,20,1인가구,1,1인,여성,41,40대,5,대학교,자영업자,취업,제조업,Y,4,3,5,35.5,43.0,0.0,355,25,0,380.0,4560.0,39.9,340.1,44,87,11,2,26,18,188,152.1,340.1,340.1,25.6,32.1,1.91,메모-0577: 가구원 수 변동 내용을 면접원이 확인
HH-2025-000578,2025,2,ED-0078,R09,경기도,면부,농촌,ST-09-면,PSU-0087,2025-08-25,방문면접,완료,단독주택,자가,0,1인가구,1,1인,여성,58,50대,3,중학교,무급가족종사자,취업,제조업,Y,5,5,5,9.0,48.5,0.0,100,0,60,160.0,1920.0,8.8,151.2,81,25,0,15,34,33,188,-36.8,151.2,151.2,16.5,30.8,0.77,메모-0578: 소득 항목은 월평균 금액으로 응답
HH-2025-000579,2025,3,ED-0079,R09,경기도,동부,도시,ST-09-동,PSU-0124,2025-04-04,방문면접,완료,연립·다세대,자가,0,부부+자녀,4,3~4인,남성,50,50대,5,대학교,상용근로자,취업,제조업,N,5,4,5,29.5,42.0,615,0.0,40,45,700.0,8400.0,119.0,581.0,123,58,24,12,22,36,275,306.0,145.2,290.5,10.0,28.2,1.135,메모-0579: 온라인 조사 후 전화로 일부 항목 보완
HH-2025-000580,2025,4,ED-0080,R15,경상북도,면부,농촌,ST-15-면,PSU-0161,2025-05-11,방문면접,부분응답,단독주택,보증부월세,0,부부+자녀,3,3~4인,여성,35,30대,5,대학교,임시·일용근로자,취업,도소매·숙박,Y,5,4,10,28.0,36.5,210,0.0,0,25,235.0,2820.0,12.9,222.1,107,69,31,2,38,40,287,-64.9,74.0,128.2,31.1,32.3,1.5,메모-0580: 교육비와 보건비 영수증을 참고해 응답
HH-2025-000581,2025,1,ED-0081,R09,경기도,동부,농촌,ST-09-동,PSU-0198,2025-06-17,인터넷,완료,기타,전세,0,부부+자녀,4,3~4인,남성,51,50대,5,대학교,임시·일용근로자,취업,금융·전문서비스,Y,4,3,5,70.5,39.5,115,0.0,65,105,285.0,3420.0,15.7,269.3,109,50,33,28,40,69,329,-59.7,67.3,134.7,18.6,44.3,1.865,메모-0581: 응답자가 조사표 작성 기준을 확인함
HH-2025-000582,2025,2,ED-0082,R02,부산광역시,동부,도시,ST-02-동,PSU-0235,2025-07-24,전화,완료,아파트,무상,25,부부,2,2인,여성,48,40대,5,대학교,상용근로자,취업,제조업,Y,5,4,5,52.0,39.0,475,0.0,0,55,530.0,6360.0,55.6,474.4,65,35,11,7,36,28,182,292.4,237.2,335.5,7.4,34.8,0.725,"메모-0582: 생활비, 주거비 항목 재확인"
HH-2025-000583,2025,3,ED-0083,R09,경기도,동부,도시,ST-09-동,PSU-0272,2025-08-30,전화,완료,아파트,월세,2,부부+자녀,5,5인 이상,여성,49,40대,5,대학교,자영업자,취업,운수업,Y,3,5,5,37.0,38.5,0.0,340,55,25,420.0,5040.0,44.1,375.9,139,128,45,16,31,70,579,-203.1,75.2,168.1,34.1,32.8,1.09,메모-0583: 가구원 수 변동 내용을 면접원이 확인
HH-2025-000584,2025,4,ED-0084,R09,경기도,동부,도시,ST-09-동,PSU-0009,2025-04-09,인터넷,완료,아파트,자가,9,한부모,3,3~4인,여성,50,50대,4,대학교,상용근로자,취업,도소매·숙박,Y,5,4,5,65.0,38.0,530,0.0,20,110,660.0,7920.0,112.2,547.8,86,56,17,5,32,41,237,310.8,182.6,316.3,30.2,38.6,1.455,메모-0584: 소득 항목은 월평균 금액으로 응답
HH-2025-000585,2025,1,ED-0085,R03,대구광역시,동부,도시,ST-03-동,PSU-0046,2025-05-16,인터넷,완료,연립·다세대,월세,0,부부,2,2인,남성,56,50대,5,대학교,실업자,실업,,Y,4,3,5,,,0.0,0.0,15,80,95.0,1140.0,5.2,89.8,81,139,0,12,17,42,291,-201.2,44.9,63.5,154.8,31.5,1.82,메모-0585: 온라인 조사 후 전화로 일부 항목 보완
HH-2025-000586,2025,2,ED-0086,R16,경상남도,면부,농촌,ST-16-면,PSU-0083,2025-06-22,방문면접,부분응답,단독주택,자가,0,부부,2,2인,남성,46,40대,6,대학원,비경제활동,비경제활동,,N,3,4,5,,,0.0,0.0,0,105,105.0,1260.0,5.8,99.2,93,45,8,16,28,34,224,-124.8,49.6,70.1,45.4,31.3,0.68,메모-0586: 교육비와 보건비 영수증을 참고해 응답
HH-2025-000587,2025,3,ED-0087,R09,경기도,동부,도시,ST-09-동,PSU-0120,2025-07-29,인터넷,완료,아파트,자가,30,1인가구,1,1인,남성,35,30대,6,대학원,상용근로자,취업,건설업,Y,4,4,5,48.0,45.5,670,0.0,40,40,750.0,9000.0,127.5,622.5,53,59,1,5,36,36,190,432.5,622.5,622.5,9.5,31.8,1.045,메모-0587: 응답자가 조사표 작성 기준을 확인함
HH-2025-000588,2025,4,ED-0088,R04,인천광역시,동부,도시,ST-04-동,PSU-0157,2025-09-04,전화,완료,아파트,보증부월세,7,부부+자녀,4,3~4인,남성,23,20대 이하,5,대학교,학생,비경제활동,,Y,4,4,25,,,0.0,0.0,25,55,80.0,960.0,4.4,75.6,129,102,21,17,9,33,311,-235.4,18.9,37.8,134.9,31.7,1.41,"메모-0588: 생활비, 주거비 항목 재확인"
HH-2025-000589,2025,1,ED-0089,R01,서울특별시,동부,도시,ST-01-동,PSU-0194,2025-04-14,방문면접,완료,단독주택,보증부월세,0,부부+자녀,5,5인 이상,남성,40,40대,4,고등학교,비경제활동,비경제활동,,Y,5,3,5,,,0.0,0.0,70,30,100.0,1200.0,5.5,94.5,135,90,44,10,13,46,338,-243.5,18.9,42.3,95.2,31.5,1.775,
HH-2025-000590,2025,2,ED-0090,R09,경기도,읍부,농촌,ST-09-읍,PSU-0231,2025-05-21,인터넷,완료,오피스텔,보증부월세,0,1인가구,1,1인,남성,55,50대,4,고등학교,상용근로자,취업,정보통신,Y,4,3,20,37.5,48.0,280,0.0,5,30,315.0,3780.0,33.1,281.9,65,86,0,12,41,44,248,108.9,281.9,281.9,30.5,33.3,0.635,메모-0590: 소득 항목은 월평균 금액으로 응답
HH-2025-000591,2025,3,ED-0091,R04,인천광역시,동부,도시,ST-04-동,PSU-0268,2025-06-27,방문면접,완료,아파트,자가,28,부부+자녀,3,3~4인,여성,36,30대,5,대학교,임시·일용근로자,취업,기타서비스,Y,5,4,5,22.0,48.0,220,0.0,35,120,375.0,4500.0,39.4,335.6,96,69,29,19,38,54,305,30.6,111.9,193.8,20.6,30.0,1.0,메모-0591: 온라인 조사 후 전화로 일부 항목 보완
HH-2025-000592,2025,4,ED-0092,R17,제주특별자치도,동부,도시,ST-17-동,PSU-0005,2025-08-03,방문면접,완료,아파트,보증부월세,5,1인가구,1,1인,여성,42,40대,4,고등학교,무급가족종사자,취업,제조업,Y,4,3,30,59.5,55.5,0.0,85,25,0,110.0,1320.0,6.0,104.0,41,104,8,10,45,11,219,-115.0,104.0,104.0,100.0,41.8,1.365,메모-0592: 교육비와 보건비 영수증을 참고해 응답
HH-2025-000593,2025,1,ED-0093,R09,경기도,면부,농촌,ST-09-면,PSU-0042,2025-09-09,전화,완료,기타,자가,0,3세대,6,5인 이상,여성,75,70대 이상,3,중학교,비경제활동,비경제활동,,N,2,2,5,,,0.0,0.0,60,150,210.0,2520.0,11.6,198.4,137,30,15,23,15,68,288,-89.6,33.1,81.0,15.1,30.2,1.73,메모-0593: 응답자가 조사표 작성 기준을 확인함
HH-2025-000594,2025,2,ED-0094,R01,서울특별시,읍부,농촌,ST-01-읍,PSU-0079,2025-04-19,방문면접,완료,아파트,월세,19,부부,2,2인,여성,71,70대 이상,3,중학교,비경제활동,비경제활동,,N,2,3,10,,,0.0,0.0,40,10,50.0,600.0,2.8,47.2,81,82,0,31,21,27,242,-194.8,23.6,33.4,173.7,31.9,0.59,"메모-0594: 생활비, 주거비 항목 재확인"
HH-2025-000595,2025,3,ED-0095,R15,경상북도,읍부,농촌,ST-15-읍,PSU-0116,2025-05-26,방문면접,완료,단독주택,보증부월세,0,부부,2,2인,남성,54,50대,4,고등학교,상용근로자,취업,공공·교육,Y,4,3,25,33.0,39.5,480,0.0,0,50,530.0,6360.0,55.6,474.4,55,57,0,18,35,23,188,286.4,237.2,335.5,12.0,30.0,0.955,메모-0595: 가구원 수 변동 내용을 면접원이 확인
HH-2025-000596,2025,4,ED-0096,R09,경기도,동부,도시,ST-09-동,PSU-0153,2025-07-02,인터넷,완료,단독주택,보증부월세,0,부부+자녀,3,3~4인,남성,57,50대,3,중학교,자영업자,취업,건설업,Y,4,3,5,66.5,37.5,0.0,210,0,110,320.0,3840.0,33.6,286.4,76,116,22,19,37,44,314,-27.6,95.5,165.4,40.5,42.5,1.32,메모-0596: 소득 항목은 월평균 금액으로 응답
HH-2025-000597,2025,1,ED-0097,R16,경상남도,동부,도시,ST-16-동,PSU-0190,2025-08-08,인터넷,완료,아파트,자가,10,3세대,5,5인 이상,남성,75,70대 이상,3,중학교,비경제활동,비경제활동,,Y,2,3,5,,,0.0,0.0,50,40,90.0,1080.0,5.0,85.0,140,26,29,37,11,45,288,-203.0,17.0,38.0,30.6,31.6,1.685,메모-0597: 온라인 조사 후 전화로 일부 항목 보완
HH-2025-000598,2025,2,ED-0098,R09,경기도,동부,도시,ST-09-동,PSU-0227,2025-09-14,전화,완료,아파트,자가,17,1인가구,1,1인,남성,76,70대 이상,4,고등학교,비경제활동,비경제활동,,N,3,2,20,,,0.0,0.0,100,30,130.0,1560.0,7.2,122.8,46,65,0,20,7,39,177,-54.2,122.8,122.8,52.9,30.9,0.545,메모-0598: 교육비와 보건비 영수증을 참고해 응답
HH-2025-000599,2025,3,ED-0099,R16,경상남도,동부,도시,ST-16-동,PSU-0264,2025-04-24,인터넷,완료,연립·다세대,자가,0,부부+자녀,4,3~4인,여성,39,30대,4,고등학교,비경제활동,비경제활동,,Y,5,4,5,,,0.0,0.0,0,45,45.0,540.0,2.5,42.5,110,52,14,4,12,58,250,-207.5,10.6,21.2,122.4,32.0,0.91,메모-0599: 응답자가 조사표 작성 기준을 확인함
HH-2025-000600,2025,4,ED-0100,R01,서울특별시,동부,도시,ST-01-동,PSU-0001,2025-05-31,인터넷,완료,아파트,자가,1,부부+자녀,3,3~4인,여성,45,40대,5,대학교,상용근로자,취업,제조업,Y,5,4,15,19.5,45.0,475,0.0,30,50,555.0,6660.0,58.3,496.7,100,42,25,10,44,39,260,236.7,165.6,286.8,8.5,27.7,1.275,"메모-0600: 생활비, 주거비 항목 재확인"
HH-2025-000601,2025,1,ED-0101,R11,충청북도,동부,도시,ST-11-동,PSU-0038,2025-07-07,인터넷,완료,단독주택,전세,0,1인가구,1,1인,남성,55,50대,3,중학교,자영업자,취업,보건·복지,Y,3,3,10,58.5,34.5,0.0,385,20,105,510.0,6120.0,53.5,456.5,67,75,13,6,44,31,236,220.5,456.5,456.5,16.4,37.3,1.64,메모-0601: 가구원 수 변동 내용을 면접원이 확인
HH-2025-000602,2025,2,ED-0102,R10,강원특별자치도,동부,도시,ST-10-동,PSU-0075,2025-08-13,방문면접,완료,아파트,자가,15,1인가구,1,1인,여성,68,60대,4,고등학교,상용근로자,취업,공공·교육,N,2,3,10,45.0,48.5,210,0.0,30,5,245.0,2940.0,13.5,231.5,68,68,0,18,26,33,213,18.5,231.5,231.5,29.4,35.7,0.5,메모-0602: 소득 항목은 월평균 금액으로 응답
HH-2025-000603,2025,3,ED-0103,R02,부산광역시,동부,도시,ST-02-동,PSU-0112,2025-09-19,전화,완료,단독주택,자가,0,부부,2,3~4인,남성,42,40대,5,대학교,자영업자,취업,도소매·숙박,Y,4,3,5,44.5,43.5,0.0,125,10,20,155.0,1860.0,8.5,146.5,75,56,1,18,31,40,221,-74.5,73.2,103.6,38.2,61.6,0.865,메모-0603: 온라인 조사 후 전화로 일부 항목 보완
HH-2025-000604,2025,4,ED-0104,R01,서울특별시,동부,도시,ST-01-동,PSU-0149,2025-04-29,방문면접,완료,아파트,보증부월세,29,부부+자녀,4,3~4인,여성,54,50대,6,대학원,상용근로자,취업,보건·복지,Y,5,5,10,47.5,38.5,315,0.0,35,75,425.0,5100.0,44.6,380.4,114,105,35,9,23,62,348,32.4,95.1,190.2,27.6,34.9,1.23,메모-0604: 교육비와 보건비 영수증을 참고해 응답
HH-2025-000605,2025,1,ED-0105,R15,경상북도,동부,도시,ST-15-동,PSU-0186,2025-06-05,인터넷,완료,아파트,자가,6,한부모,3,3~4인,남성,18,20대 이하,5,대학교,학생,비경제활동,,Y,5,4,50,,,0.0,0.0,0,20,20.0,240.0,1.1,18.9,103,52,16,4,27,51,253,-234.1,6.3,10.9,275.1,32.3,1.595,메모-0605: 응답자가 조사표 작성 기준을 확인함
HH-2025-000606,2025,2,ED-0106,R03,대구광역시,동부,도시,ST-03-동,PSU-0223,2025-07-12,인터넷,완료,아파트,자가,13,3세대,5,5인 이상,남성,74,70대 이상,4,고등학교,비경제활동,비경제활동,,Y,2,2,50,,,0.0,0.0,115,30,145.0,1740.0,8.0,137.0,140,40,5,27,20,53,285,-148.0,27.4,61.3,29.2,30.9,1.96,"메모-0606: 생활비, 주거비 항목 재확인"
HH-2025-000607,2025,3,ED-0107,R09,경기도,동부,도시,ST-09-동,PSU-0260,2025-08-18,전화,완료,단독주택,자가,0,부부,2,2인,남성,34,30대,5,대학교,상용근로자,취업,제조업,Y,5,3,5,19.5,46.0,485,0.0,0,90,575.0,6900.0,60.4,514.6,76,62,0,19,41,40,238,276.6,257.3,363.9,12.0,27.4,0.82,메모-0607: 가구원 수 변동 내용을 면접원이 확인
HH-2025-000608,2025,4,ED-0108,R01,서울특별시,동부,도시,ST-01-동,PSU-0297,2025-09-24,인터넷,완료,아파트,전세,27,부부,2,2인,남성,29,20대 이하,4,고등학교,자영업자,취업,제조업,Y,4,4,15,47.5,38.5,0.0,410,30,75,515.0,6180.0,54.1,460.9,75,64,0,11,38,18,206,254.9,230.4,325.9,13.9,33.6,1.185,메모-0608: 소득 항목은 월평균 금액으로 응답
HH-2025-000609,2025,1,ED-0109,R01,서울특별시,동부,도시,ST-01-동,PSU-0034,2025-05-04,방문면접,완료,연립·다세대,자가,0,부부+자녀,4,3~4인,여성,53,50대,5,대학교,임시·일용근로자,취업,제조업,N,4,5,5,22.0,39.5,125,0.0,35,20,180.0,2160.0,9.9,170.1,114,48,47,9,45,37,300,-129.9,42.5,85.0,28.2,32.0,1.55,메모-0609: 온라인 조사 후 전화로 일부 항목 보완
HH-2025-000610,2025,2,ED-0110,R01,서울특별시,면부,농촌,ST-01-면,PSU-0071,2025-06-10,방문면접,완료,아파트,자가,11,부부,2,2인,여성,71,70대 이상,4,고등학교,비경제활동,비경제활동,,N,4,4,10,,,0.0,0.0,55,0,55.0,1860.0,3.0,52.0,71,18,0,17,35,24,165,-113.0,26.0,36.8,34.6,31.7,1.915,메모-0610: 교육비와 보건비 영수증을 참고해 응답
HH-2025-000611,2025,3,ED-0111,R12,충청남도,면부,농촌,ST-12-면,PSU-0108,2025-07-17,전화,완료,아파트,자가,18,기타,3,3~4인,여성,66,60대,5,대학교,임시·일용근로자,취업,보건·복지,Y,3,3,5,14.5,30.5,165,0.0,20,35,270.0,3240.0,12.1,207.9,88,22,0,25,36,40,211,-3.1,69.3,120.0,10.6,30.6,0.775,메모-0611: 응답자가 조사표 작성 기준을 확인함
HH-2025-000612,2025,4,ED-0112,R02,부산광역시,동부,도시,ST-02-동,PSU-0145,2025-08-23,인터넷,완료,아파트,자가,25,1인가구,1,1인,남성,59,50대,5,대학교,상용근로자,취업,제조업,Y,5,4,5,60.5,37.5,290,0.0,50,10,350.0,4200.0,36.8,313.2,62,64,0,16,24,40,206,107.2,313.2,313.2,20.4,39.6,1.14,"메모-0612: 생활비, 주거비 항목 재확인"
HH-2025-000613,2025,1,ED-0113,R03,대구광역시,동부,도시,ST-03-동,PSU-0182,2025-04-02,인터넷,완료,단독주택,전세,0,1인가구,1,1인,여성,45,40대,5,대학교,상용근로자,취업,보건·복지,Y,5,3,25,38.0,31.5,415,0.0,25,10,450.0,5400.0,47.2,402.8,62,80,2,20,33,27,224,178.8,402.8,402.8,19.9,31.9,1.505,메모-0613: 가구원 수 변동 내용을 면접원이 확인
HH-2025-000614,2025,2,ED-0114,R17,제주특별자치도,읍부,농촌,ST-17-읍,PSU-0219,2025-05-09,전화,완료,아파트,자가,9,한부모,3,3~4인,남성,39,30대,5,대학교,상용근로자,취업,제조업,N,5,4,5,27.0,51.0,470,0.0,15,15,500.0,6000.0,52.5,447.5,81,39,0,2,43,43,208,239.5,149.2,258.4,8.7,29.2,1.87,메모-0614: 소득 항목은 월평균 금액으로 응답
HH-2025-000615,2025,3,ED-0115,R01,서울특별시,동부,도시,ST-01-동,PSU-0256,2025-06-15,인터넷,완료,아파트,월세,16,부부,2,2인,남성,29,20대 이하,4,고등학교,비경제활동,비경제활동,,Y,5,3,10,,,0.0,0.0,30,100,130.0,1560.0,7.2,122.8,55,108,0,15,17,21,216,-93.2,61.4,86.8,87.9,31.0,0.73,메모-0615: 온라인 조사 후 전화로 일부 항목 보완
HH-2025-000616,2025,4,ED-0116,R09,경기도,동부,도시,ST-09-동,PSU-0293,2025-07-22,전화,부분응답,아파트,자가,23,1인가구,1,1인,여성,58,50대,4,고등학교,상용근로자,취업,도소매·숙박,Y,4,4,5,5.0,38.0,395,0.0,45,0,440.0,5280.0,46.2,393.8,55,40,0,2,31,20,148,245.8,393.8,393.8,10.2,27.6,1.095,메모-0616: 교육비와 보건비 영수증을 참고해 응답
HH-2025-000617,2025,1,ED-0117,R01,서울특별시,동부,도시,ST-01-동,PSU-0030,2025-08-28,전화,완료,아파트,자가,30,1인가구,1,1인,남성,41,40대,6,대학원,임시·일용근로자,취업,제조업,Y,4,3,5,23.5,39.0,175,0.0,50,105,330.0,3960.0,34.6,295.4,44,44,0,21,35,32,176,119.4,295.4,295.4,14.9,30.5,1.46,메모-0617: 응답자가 조사표 작성 기준을 확인함
HH-2025-000618,2025,2,ED-0118,R09,경기도,동부,도시,ST-09-동,PSU-0067,2025-04-07,방문면접,완료,아파트,전세,7,부부+자녀,5,5인 이상,남성,50,50대,5,대학교,임시·일용근로자,취업,농림어업,Y,4,4,10,44.0,40.0,75,0.0,55,20,150.0,1800.0,8.2,141.8,145,51,20,19,21,52,308,-166.2,28.4,63.4,36.0,36.7,1.825,"메모-0618: 생활비, 주거비 항목 재확인"
HH-2025-000619,2025,3,ED-0119,R12,충청남도,동부,도시,ST-12-동,PSU-0104,2025-05-14,인터넷,완료,연립·다세대,자가,0,1인가구,1,1인,여성,45,40대,5,대학교,상용근로자,취업,보건·복지,Y,4,4,10,40.0,32.5,305,0.0,25,35,365.0,4380.0,38.3,326.7,39,53,0,12,29,47,180,146.7,326.7,326.7,16.2,33.2,0.685,메모-0619: 가구원 수 변동 내용을 면접원이 확인
HH-2025-000620,2025,4,ED-0120,R13,전북특별자치도,동부,도시,ST-13-동,PSU-0141,2025-06-20,인터넷,부분응답,연립·다세대,월세,0,1인가구,1,1인,여성,45,40대,5,대학교,실업자,실업,,Y,4,3,15,,,0.0,0.0,15,45,60.0,720.0,3.3,56.7,56,129,19,9,19,29,261,-204.3,56.7,56.7,227.5,31.8,1.05,
HH-2025-000621,2025,1,ED-0121,R09,경기도,면부,농촌,ST-09-면,PSU-0178,2025-07-27,인터넷,완료,단독주택,자가,0,1인가구,1,1인,여성,57,50대,5,대학교,실업자,실업,,Y,3,2,5,,,0.0,0.0,0,45,45.0,540.0,2.5,42.5,41,26,0,15,17,33,132,-89.5,42.5,42.5,61.2,31.8,1.415,메모-0621: 온라인 조사 후 전화로 일부 항목 보완
HH-2025-000622,2025,2,ED-0122,R13,전북특별자치도,면부,농촌,ST-13-면,PSU-0215,2025-09-02,전화,완료,기타,보증부월세,0,부부,2,2인,남성,62,60대,3,중학교,자영업자,취업,농림어업,Y,4,3,10,35.0,40.5,0.0,515,15,90,620.0,7440.0,105.4,514.6,86,61,0,15,39,30,231,283.6,257.3,363.9,11.9,30.0,1.78,메모-0622: 교육비와 보건비 영수증을 참고해 응답
HH-2025-000623,2025,3,ED-0123,R15,경상북도,동부,도시,ST-15-동,PSU-0252,2025-04-12,인터넷,완료,단독주택,자가,0,기타,3,3~4인,여성,71,70대 이상,2,초등학교,비경제활동,취업,,Y,3,3,10,,,0.0,0.0,70,5,75.0,900.0,4.1,70.9,113,25,9,24,16,39,226,-155.1,23.6,40.9,35.3,31.6,0.64,메모-0623: 응답자가 조사표 작성 기준을 확인함
HH-2025-000624,2025,4,ED-0124,R12,충청남도,읍부,농촌,ST-12-읍,PSU-0289,2025-05-19,방문면접,완료,단독주택,전세,0,1인가구,1,1인,여성,61,60대,4,고등학교,임시·일용근로자,취업,제조업,Y,2,3,5,34.0,47.5,185,0.0,30,85,300.0,3600.0,31.5,268.5,62,54,0,12,40,8,176,92.5,268.5,268.5,20.1,32.6,1.005,"메모-0624: 생활비, 주거비 항목 재확인"
HH-2025-000625,2025,1,ED-0125,R09,경기도,동부,도시,ST-09-동,PSU-0026,2025-06-25,인터넷,완료,아파트,자가,26,부부+자녀,3,3~4인,남성,49,40대,5,대학교,임시·일용근로자,취업,정보통신,Y,4,3,10,58.0,43.0,145,0.0,20,80,245.0,2940.0,13.5,231.5,92,19,16,14,22,43,206,25.5,77.2,133.7,8.2,39.7,1.37,메모-0625: 가구원 수 변동 내용을 면접원이 확인
HH-2025-000626,2025,2,ED-0126,R01,서울특별시,동부,도시,ST-01-동,PSU-0063,2025-08-01,인터넷,부분응답,아파트,자가,3,1인가구,1,1인,남성,31,30대,5,대학교,상용근로자,취업,제조업,Y,4,2,5,69.5,43.5,505,0.0,5,5,515.0,6180.0,54.1,460.9,71,62,1,2,22,8,166,294.9,460.9,460.9,13.5,41.3,1.735,메모-0626: 소득 항목은 월평균 금액으로 응답
HH-2025-000627,2025,3,ED-0127,R09,경기도,읍부,농촌,ST-09-읍,PSU-0100,2025-09-07,전화,완료,단독주택,자가,0,기타,5,5인 이상,남성,61,60대,5,대학교,자영업자,취업,금융·전문서비스,Y,3,3,20,34.5,48.0,0.0,370,10,65,445.0,5340.0,46.7,398.3,130,34,3,8,30,62,267,131.3,79.7,178.1,8.5,31.3,0.595,메모-0627: 온라인 조사 후 전화로 일부 항목 보완
HH-2025-000628,2025,4,ED-0128,R03,대구광역시,동부,도시,ST-03-동,PSU-0137,2025-04-17,인터넷,완료,단독주택,전세,0,3세대,7,5인 이상,여성,44,40대,5,대학교,상용근로자,취업,금융·전문서비스,Y,5,3,5,88.0,36.5,380,0.0,60,125,565.0,6780.0,59.3,505.7,173,83,110,6,22,82,476,29.7,72.2,191.1,16.4,50.1,0.96,메모-0628: 교육비와 보건비 영수증을 참고해 응답
HH-2025-000629,2025,1,ED-0129,R02,부산광역시,동부,도시,ST-02-동,PSU-0174,2025-05-24,방문면접,완료,아파트,전세,24,1인가구,1,1인,여성,74,70대 이상,2,초등학교,비경제활동,비경제활동,,N,3,3,15,,,0.0,0.0,20,20,40.0,480.0,2.2,37.8,54,44,12,3,18,11,142,-104.2,37.8,37.8,116.4,31.8,1.325,메모-0629: 응답자가 조사표 작성 기준을 확인함
HH-2025-000630,2025,2,ED-0130,R10,강원특별자치도,동부,도시,ST-10-동,PSU-0211,2025-06-30,전화,완료,단독주택,자가,0,부부+자녀,4,3~4인,남성,32,30대,5,대학교,임시·일용근로자,취업,기타서비스,Y,4,3,5,32.0,38.0,275,0.0,50,85,410.0,4920.0,43.0,367.0,98,52,23,10,38,52,273,94.0,91.8,183.5,14.2,31.2,1.69,"메모-0630: 생활비, 주거비 항목 재확인"
HH-2025-000631,2025,3,ED-0131,R14,전라남도,동부,도시,ST-14-동,PSU-0248,2025-08-06,인터넷,완료,아파트,자가,8,1인가구,1,1인,여성,59,50대,4,고등학교,상용근로자,취업,건설업,Y,4,2,15,87.5,25.5,405,0.0,90,60,555.0,6660.0,58.3,496.7,51,50,14,15,33,23,186,310.7,496.7,496.7,10.1,49.4,0.55,메모-0631: 가구원 수 변동 내용을 면접원이 확인
HH-2025-000632,2025,4,ED-0132,R10,강원특별자치도,면부,농촌,ST-10-면,PSU-0285,2025-09-12,방문면접,완료,단독주택,전세,0,부부+자녀,3,3~4인,여성,53,60대,5,대학교,상용근로자,취업,제조업,Y,5,4,5,32.5,34.5,260,0.0,20,45,325.0,3900.0,34.1,290.9,109,33,27,19,30,46,264,26.9,97.0,168.0,11.3,32.2,0.915,메모-0632: 소득 항목은 월평균 금액으로 응답
HH-2025-000633,2025,1,ED-0133,R07,울산광역시,동부,도시,ST-07-동,PSU-0022,2025-04-22,방문면접,부분응답,아파트,자가,22,부부+자녀,3,3~4인,여성,44,40대,4,고등학교,상용근로자,취업,공공·교육,Y,4,4,20,39.0,46.0,385,0.0,40,40,465.0,5580.0,48.8,416.2,86,41,0,14,28,43,212,204.2,138.7,240.3,9.9,32.0,1.28,메모-0633: 온라인 조사 후 전화로 일부 항목 보완
HH-2025-000634,2025,2,ED-0134,R09,경기도,동부,도시,ST-09-동,PSU-0059,2025-05-29,인터넷,완료,단독주택,자가,0,3세대,5,5인 이상,남성,45,40대,6,대학원,상용근로자,취업,제조업,Y,2,3,5,63.5,34.5,455,0.0,40,10,505.0,6060.0,53.0,452.0,146,40,39,7,25,56,313,139.0,90.4,202.1,8.8,39.3,1.645,메모-0634: 교육비와 보건비 영수증을 참고해 응답
HH-2025-000635,2025,3,ED-0135,R06,대전광역시,동부,도시,ST-06-동,PSU-0096,2025-07-05,방문면접,완료,아파트,자가,6,1인가구,1,1인,여성,80,70대 이상,2,초등학교,비경제활동,비경제활동,,Y,3,3,5,,,0.0,0.0,75,0,75.0,900.0,4.1,70.9,40,39,0,31,20,23,153,-82.1,70.9,70.9,55.0,31.5,0.505,메모-0635: 응답자가 조사표 작성 기준을 확인함
HH-2025-000636,2025,4,ED-0136,R04,인천광역시,동부,도시,ST-04-동,PSU-0133,2025-08-11,전화,완료,아파트,자가,13,부부+자녀,4,3~4인,여성,75,70대 이상,4,고등학교,비경제활동,비경제활동,,N,3,4,5,,,0.0,0.0,55,30,85.0,1020.0,4.7,80.3,94,53,5,38,23,37,400,-319.7,20.1,40.1,66.0,31.8,0.87,"메모-0636: 생활비, 주거비 항목 재확인"
HH-2025-000637,2025,1,ED-0137,R09,경기도,동부,도시,ST-09-동,PSU-0170,2025-09-17,인터넷,완료,단독주택,자가,0,3세대,7,5인 이상,여성,71,70대 이상,1,무학,임시·일용근로자,취업,건설업,Y,4,3,25,42.0,27.0,165,0.0,60,0,225.0,2700.0,12.4,212.6,171,44,56,36,27,57,391,-178.4,30.4,80.4,20.7,35.5,1.235,메모-0637: 가구원 수 변동 내용을 면접원이 확인
HH-2025-000638,2025,2,ED-0138,R13,전북특별자치도,동부,도시,ST-13-동,PSU-0207,2025-04-27,전화,완료,아파트,자가,27,부부,2,2인,여성,44,40대,5,대학교,상용근로자,취업,건설업,Y,3,4,45,39.0,39.0,480,0.0,5,0,485.0,5820.0,50.9,434.1,79,43,3,7,42,26,200,234.1,217.1,307.0,9.9,31.8,1.6,메모-0638: 소득 항목은 월평균 금액으로 응답
HH-2025-000639,2025,3,ED-0139,R11,충청남도,동부,도시,ST-11-동,PSU-0244,2025-06-03,방문면접,부분응답,단독주택,전세,0,기타,2,2인,여성,66,60대,3,중학교,자영업자,취업,공공·교육,N,3,3,10,40.0,39.0,0.0,150,40,95,285.0,3420.0,15.7,269.3,55,79,0,14,27,40,215,54.3,134.7,440.4,29.3,34.0,1.965,메모-0639: 온라인 조사 후 전화로 일부 항목 보완
HH-2025-000640,2025,4,ED-0140,R09,경기도,면부,농촌,ST-09-면,PSU-0281,2025-07-10,인터넷,완료,단독주택,자가,0,부부,2,2인,남성,30,30대,5,대학교,상용근로자,취업,기타서비스,Y,5,5,5,10.0,33.0,475,0.0,20,60,555.0,6660.0,58.3,496.7,88,39,0,15,30,25,197,299.7,248.3,351.2,7.9,26.7,0.825,메모-0640: 교육비와 보건비 영수증을 참고해 응답
HH-2025-000641,2025,1,ED-0141,R09,경기도,동부,도시,ST-09-동,PSU-0018,2025-08-16,인터넷,완료,연립·다세대,자가,0,부부,2,2인,여성,42,40대,4,고등학교,비경제활동,비경제활동,,Y,5,3,25,,,0.0,0.0,30,0,30.0,360.0,1.6,28.4,85,49,2,10,15,41,202,-173.6,14.2,20.1,172.5,32.1,1.19,메모-0641: 응답자가 조사표 작성 기준을 확인함
HH-2025-000642,2025,2,ED-0142,R09,경기도,읍부,농촌,ST-09-읍,PSU-0055,2025-09-22,방문면접,완료,단독주택,자가,0,1인가구,1,1인,여성,67,60대,4,고등학교,비경제활동,비경제활동,,N,3,4,10,,,0.0,0.0,50,120,170.0,2040.0,9.3,160.7,50,61,24,25,19,29,208,-47.3,160.7,160.7,38.0,30.5,1.555,"메모-0642: 생활비, 주거비 항목 재확인"
HH-2025-000643,2025,3,ED-0143,R02,부산광역시,동부,도시,ST-02-동,PSU-0092,2025-05-02,전화,완료,연립·다세대,자가,0,부부+자녀,3,3~4인,남성,64,60대,3,중학교,자영업자,취업,도소매·숙박,N,3,4,5,30.5,40.0,0.0,65,20,75,160.0,1920.0,8.8,151.2,83,73,10,28,30,47,271,-119.8,50.4,87.3,48.3,33.5,1.92,메모-0643: 가구원 수 변동 내용을 면접원이 확인
HH-2025-000644,2025,4,ED-0144,R01,서울특별시,동부,도시,ST-01-동,PSU-0129,2025-06-08,전화,완료,아파트,자가,9,1인가구,1,1인,남성,50,50대,5,대학교,상용근로자,취업,제조업,Y,4,4,10,31.0,35.5,355,0.0,70,75,500.0,6000.0,52.5,447.5,44,68,12,9,43,14,190,257.5,447.5,447.5,15.2,29.9,0.78,메모-0644: 소득 항목은 월평균 금액으로 응답
HH-2025-000645,2025,1,ED-0145,R06,대전광역시,동부,도시,ST-06-동,PSU-0166,2025-07-15,인터넷,완료,연립·다세대,자가,0,1인가구,1,1인,남성,43,40대,4,고등학교,비경제활동,비경제활동,,Y,5,5,20,,,0.0,0.0,15,95,110.0,1320.0,6.0,104.0,57,50,0,14,8,18,147,-43.0,104.0,104.0,48.1,31.0,1.145,메모-0645: 온라인 조사 후 전화로 일부 항목 보완
HH-2025-000646,2025,2,ED-0146,R05,광주광역시,동부,도시,ST-05-동,PSU-0203,2025-08-21,인터넷,완료,아파트,자가,23,1인가구,1,1인,여성,45,40대,5,대학교,무급가족종사자,취업,운수업,Y,4,2,10,42.0,38.5,0.0,90,15,65,170.0,2040.0,9.3,160.7,50,65,0,9,35,17,176,-15.3,160.7,160.7,40.4,35.7,1.51,메모-0646: 교육비와 보건비 영수증을 참고해 응답
HH-2025-000647,2025,3,ED-0147,R13,전북특별자치도,동부,도시,ST-13-동,PSU-0240,2025-09-27,인터넷,부분응답,아파트,자가,30,부부+자녀,3,3~4인,남성,37,30대,5,대학교,비경제활동,비경제활동,,Y,3,4,10,,,0.0,0.0,0,75,75.0,900.0,4.1,70.9,97,82,22,8,29,38,276,-205.1,23.6,40.9,115.7,31.7,1.875,메모-0647: 응답자가 조사표 작성 기준을 확인함
HH-2025-000648,2025,4,ED-0148,R01,서울특별시,동부,도시,ST-01-동,PSU-0277,2025-05-07,전화,완료,단독주택,전세,0,한부모,2,2인,남성,34,30대,5,대학교,상용근로자,취업,도소매·숙박,Y,4,3,15,43.5,39.5,340,0.0,25,0,365.0,4380.0,38.3,326.7,67,105,0,2,26,23,223,103.7,163.3,231.0,32.1,34.2,0.735,"메모-0648: 생활비, 주거비 항목 재확인"
HH-2025-000649,2025,1,ED-0149,R01,서울특별시,동부,도시,ST-01-동,PSU-0014,2025-06-13,방문면접,완료,아파트,자가,14,1인가구,1,1인,여성,50,50대,5,대학교,상용근로자,취업,도소매·숙박,N,4,4,10,32.5,37.0,405,0.0,0,5,410.0,4920.0,43.0,367.0,44,47,0,13,42,23,169,273.0,367.0,367.0,12.8,31.1,1.1,메모-0649: 가구원 수 변동 내용을 면접원이 확인
HH-2025-000650,2025,2,ED-0150,R01,서울특별시,동부,도시,ST-01-동,PSU-0051,2025-07-20,인터넷,완료,단독주택,자가,0,1인가구,1,1인,여성,40,40대,5,대학교,상용근로자,취업,공공·교육,Y,2,3,10,59.5,32.5,365,0.0,25,15,405.0,4860.0,42.5,362.5,54,45,7,11,33,35,185,177.5,362.5,362.5,12.4,38.6,1.465,메모-0650: 소득 항목은 월평균 금액으로 응답
HH-2025-000651,2025,3,ED-0151,R02,부산광역시,동부,도시,ST-02-동,PSU-0088,2025-08-26,인터넷,완료,단독주택,보증부월세,0,부부+자녀,3,3~4인,여성,55,50대,4,고등학교,자영업자,취업,건설업,Y,4,3,5,51.0,34.5,0.0,430,45,5,480.0,5760.0,50.4,429.6,73,78,16,28,40,50,285,144.6,143.2,248.0,18.2,35.2,1.83,
HH-2025-000652,2025,4,ED-0152,R09,경기도,읍부,농촌,ST-09-읍,PSU-0125,2025-04-05,인터넷,완료,연립·다세대,자가,0,기타,5,5인 이상,남성,53,50대,5,대학교,자영업자,취업,제조업,Y,4,3,5,26.0,24.5,0.0,165,55,40,260.0,3120.0,14.3,245.7,121,11,54,2,33,66,287,-41.3,49.1,109.9,4.5,31.7,0.69,메모-0652: 교육비와 보건비 영수증을 참고해 응답
HH-2025-000653,2025,1,ED-0153,R09,경기도,읍부,농촌,ST-09-읍,PSU-0162,2025-05-12,인터넷,완료,아파트,자가,12,1인가구,1,1인,여성,42,40대,5,대학교,상용근로자,취업,제조업,Y,5,5,60,5.0,44.5,360,0.0,25,40,425.0,5100.0,44.6,380.4,27,69,9,10,47,23,185,195.4,380.4,380.4,18.1,27.9,1.055,메모-0653: 응답자가 조사표 작성 기준을 확인함
HH-2025-000654,2025,2,ED-0154,R09,경기도,면부,농촌,ST-09-면,PSU-0199,2025-06-18,인터넷,완료,단독주택,월세,0,부부+자녀,4,3~4인,남성,58,50대,4,고등학교,자영업자,취업,건설업,Y,4,4,5,5.0,39.5,0.0,660,45,80,785.0,9420.0,133.5,651.5,122,106,48,4,32,52,364,287.5,162.9,325.8,16.3,25.0,1.42,"메모-0654: 생활비, 주거비 항목 재확인"
HH-2025-000655,2025,3,ED-0155,R01,서울특별시,동부,도시,ST-01-동,PSU-0236,2025-07-25,방문면접,완료,아파트,자가,26,부부+자녀,4,3~4인,남성,61,60대,4,고등학교,비경제활동,비경제활동,,N,4,4,5,,,0.0,0.0,35,35,70.0,840.0,3.9,66.1,117,48,23,24,19,50,281,-214.9,16.5,33.0,72.6,31.8,1.785,메모-0655: 가구원 수 변동 내용을 면접원이 확인
HH-2025-000656,2025,4,ED-0156,R04,인천광역시,동부,도시,ST-04-동,PSU-0273,2025-08-31,전화,완료,아파트,자가,3,3세대,4,3~4인,여성,60,60대,5,대학교,무급가족종사자,취업,공공·교육,Y,4,3,20,59.0,35.5,0.0,75,25,40,140.0,1680.0,7.7,132.3,124,70,0,3,18,63,278,-145.7,33.1,66.2,52.9,41.4,0.645,메모-0656: 소득 항목은 월평균 금액으로 응답
HH-2025-000657,2025,1,ED-0157,R09,경기도,동부,도시,ST-09-동,PSU-0010,2025-04-10,인터넷,완료,연립·다세대,무상,0,1인가구,1,1인,남성,64,60대,5,대학원,자영업자,취업,보건·복지,Y,3,3,5,25.5,44.0,0.0,395,50,5,450.0,5400.0,47.2,402.8,54,30,3,8,28,34,157,245.8,402.8,402.8,27.4,29.4,1.01,메모-0657: 온라인 조사 후 전화로 일부 항목 보완
HH-2025-000658,2025,2,ED-0158,R06,대전광역시,동부,도시,ST-06-동,PSU-0047,2025-05-17,인터넷,완료,아파트,자가,17,1인가구,1,1인,남성,24,20대 이하,5,대학교,비경제활동,비경제활동,,Y,5,4,5,,,0.0,0.0,25,25,100.0,1200.0,2.8,47.2,42,19,0,25,21,45,152,-104.8,47.2,47.2,40.3,31.7,1.375,메모-0658: 교육비와 보건비 영수증을 참고해 응답
HH-2025-000659,2025,3,ED-0159,R06,대전광역시,동부,도시,ST-06-동,PSU-0084,2025-06-23,인터넷,완료,아파트,자가,24,부부+자녀,5,5인 이상,여성,20,20대 이하,5,대학교,학생,비경제활동,,Y,4,3,5,,,0.0,0.0,60,90,150.0,1800.0,8.2,141.8,110,12,12,2,19,52,207,-65.2,28.4,63.4,8.5,30.7,1.74,메모-0659: 응답자가 조사표 작성 기준을 확인함
HH-2025-000660,2025,4,ED-0160,R07,울산광역시,동부,도시,ST-07-동,PSU-0121,2025-07-30,방문면접,완료,아파트,자가,1,부부+자녀,3,3~4인,남성,29,20대 이하,5,대학교,상용근로자,취업,제조업,Y,4,3,5,18.0,34.5,550,0.0,20,115,685.0,8220.0,116.5,568.5,81,29,1,2,35,21,169,399.5,189.5,328.2,5.1,26.5,0.6,"메모-0660: 생활비, 주거비 항목 재확인"
HH-2025-000661,2025,1,ED-0161,R16,경상남도,동부,도시,ST-16-동,PSU-0158,2025-09-05,방문면접,완료,아파트,자가,8,기타,2,2인,남성,75,70대 이상,2,초등학교,비경제활동,비경제활동,,N,3,2,5,,,0.0,0.0,65,15,80.0,960.0,4.4,75.6,53,41,0,18,13,46,171,-95.4,37.8,53.5,54.2,31.4,0.965,메모-0661: 가구원 수 변동 내용을 면접원이 확인
HH-2025-000662,2025,2,ED-0162,R06,대전광역시,동부,도시,ST-06-동,PSU-0195,2025-04-15,전화,완료,아파트,자가,15,부부,2,2인,남성,69,60대,2,초등학교,비경제활동,비경제활동,,N,2,3,5,,,0.0,0.0,25,5,30.0,360.0,1.6,28.4,73,70,31,28,34,50,286,-257.6,14.2,20.1,246.5,32.2,1.33,메모-0662: 소득 항목은 월평균 금액으로 응답
HH-2025-000663,2025,3,ED-0163,R09,경기도,동부,도시,ST-09-동,PSU-0232,2025-05-22,방문면접,완료,아파트,자가,22,1인가구,1,1인,여성,59,50대,4,고등학교,자영업자,취업,보건·복지,N,3,3,5,30.5,51.0,0.0,395,5,60,460.0,5520.0,48.3,411.7,69,60,0,11,23,24,187,224.7,411.7,411.7,14.6,30.2,1.695,메모-0663: 온라인 조사 후 전화로 일부 항목 보완
HH-2025-000664,2025,4,ED-0164,R09,경기도,동부,농촌,ST-09-동,PSU-0269,2025-06-28,인터넷,완료,오피스텔,자가,0,부부+자녀,4,3~4인,남성,56,50대,5,대학교,상용근로자,취업,보건·복지,Y,3,4,5,29.0,48.5,305,0.0,40,10,355.0,4260.0,37.3,317.7,103,67,22,17,24,43,276,41.7,79.4,158.8,21.1,31.3,0.555,메모-0664: 교육비와 보건비 영수증을 참고해 응답
HH-2025-000665,2025,1,ED-0165,R06,대전광역시,동부,도시,ST-06-동,PSU-0006,2025-08-04,방문면접,완료,아파트,월세,6,기타,4,3~4인,남성,68,60대,5,대학교,상용근로자,취업,정보통신,Y,2,3,10,22.0,35.5,445,0.0,65,70,580.0,6960.0,60.9,519.1,112,105,29,39,34,34,353,166.1,129.8,259.6,20.2,27.9,0.92,메모-0665: 응답자가 조사표 작성 기준을 확인함
HH-2025-000666,2025,2,ED-0166,R09,경기도,면부,농촌,ST-09-면,PSU-0043,2025-09-10,인터넷,완료,아파트,보증부월세,13,1인가구,1,1인,남성,42,40대,4,고등학교,임시·일용근로자,취업,금융·전문서비스,Y,4,4,10,10.5,42.0,195,0.0,0,60,255.0,3060.0,14.0,241.0,42,74,4,8,37,37,202,39.0,241.0,241.0,30.7,29.8,1.285,"메모-0666: 생활비, 주거비 항목 재확인"
HH-2025-000667,2025,3,ED-0167,R04,인천광역시,동부,도시,ST-04-동,PSU-0080,2025-04-20,인터넷,완료,아파트,전세,20,1인가구,1,1인,남성,43,40대,5,대학교,실업자,실업,,Y,4,3,20,,,0.0,0.0,15,140,155.0,1860.0,8.5,146.5,31,67,0,10,15,32,155,-8.5,146.5,146.5,45.7,30.6,1.65,메모-0667: 가구원 수 변동 내용을 면접원이 확인
HH-2025-000668,2025,4,ED-0168,R03,대구광역시,동부,도시,ST-03-동,PSU-0117,2025-05-27,인터넷,완료,아파트,보증부월세,27,부부,2,2인,남성,37,30대,4,고등학교,비경제활동,비경제활동,,Y,5,4,20,,,0.0,0.0,25,60,85.0,1020.0,4.7,80.3,74,101,0,10,8,38,231,-150.7,40.1,56.8,125.8,31.5,0.51,메모-0668: 소득 항목은 월평균 금액으로 응답
HH-2025-000669,2025,1,ED-0169,R10,강원특별자치도,읍부,농촌,ST-10-읍,PSU-0154,2025-07-03,인터넷,완료,연립·다세대,자가,0,부부+자녀,4,3~4인,남성,36,30대,5,대학교,임시·일용근로자,취업,도소매·숙박,Y,5,4,5,72.5,33.5,180,0.0,65,105,350.0,4200.0,36.8,313.2,112,46,51,26,44,51,330,-16.8,78.3,156.6,14.7,44.7,0.875,메모-0669: 온라인 조사 후 전화로 일부 항목 보완
HH-2025-000670,2025,2,ED-0170,R04,인천광역시,동부,도시,ST-04-동,PSU-0191,2025-08-09,인터넷,완료,아파트,월세,11,부부+자녀,3,5인 이상,남성,63,60대,4,고등학교,상용근로자,취업,공공·교육,Y,3,3,5,37.0,49.0,350,0.0,10,135,495.0,5940.0,52.0,443.0,82,114,6,24,45,42,313,130.0,147.7,255.8,25.7,56.4,1.24,메모-0670: 교육비와 보건비 영수증을 참고해 응답
HH-2025-000671,2025,3,ED-0171,R09,경기도,동부,도시,ST-09-동,PSU-0228,2025-09-15,방문면접,완료,아파트,자가,18,1인가구,1,1인,여성,70,70대 이상,2,초등학교,비경제활동,비경제활동,,N,2,4,15,,,0.0,0.0,25,85,110.0,2520.0,6.0,104.0,55,49,7,35,21,28,195,-91.0,104.0,104.0,47.1,31.1,1.605,메모-0671: 응답자가 조사표 작성 기준을 확인함
HH-2025-000672,2025,4,ED-0172,R09,경기도,동부,도시,ST-09-동,PSU-0265,2025-04-25,인터넷,완료,아파트,보증부월세,25,3세대,6,5인 이상,여성,59,50대,4,고등학교,상용근로자,취업,도소매·숙박,Y,5,3,10,53.0,46.0,475,0.0,40,45,560.0,6720.0,58.8,501.2,157,82,89,4,30,68,430,71.2,83.5,204.6,16.4,35.3,1.97,"메모-0672: 생활비, 주거비 항목 재확인"
HH-2025-000673,2025,1,ED-0173,R15,경상북도,동부,도시,ST-15-동,PSU-0002,2025-06-01,인터넷,완료,연립·다세대,자가,0,한부모,4,3~4인,여성,31,30대,4,고등학교,임시·일용근로자,취업,정보통신,Y,5,3,30,47.0,36.0,195,0.0,45,20,260.0,3120.0,14.3,245.7,122,56,14,4,18,54,268,-22.3,61.4,122.8,22.8,36.2,0.83,메모-0673: 가구원 수 변동 내용을 면접원이 확인
HH-2025-000674,2025,2,ED-0174,R05,광주광역시,동부,도시,ST-05-동,PSU-0039,2025-07-08,인터넷,완료,아파트,전세,9,부부,2,2인,여성,45,40대,5,대학교,상용근로자,취업,농림어업,Y,4,4,5,29.0,45.5,455,0.0,20,110,585.0,7020.0,61.4,523.6,74,55,10,2,46,26,213,310.6,261.8,370.2,10.5,28.7,1.195,메모-0674: 소득 항목은 월평균 금액으로 응답
HH-2025-000675,2025,3,ED-0175,R01,서울특별시,동부,도시,ST-01-동,PSU-0076,2025-08-14,방문면접,완료,아파트,자가,16,부부+자녀,3,3~4인,남성,87,70대 이상,3,중학교,비경제활동,비경제활동,,Y,2,3,5,,,0.0,0.0,75,80,155.0,1860.0,8.5,146.5,100,22,0,45,23,45,235,-88.5,48.8,84.6,15.0,30.7,1.56,메모-0675: 온라인 조사 후 전화로 일부 항목 보완
HH-2025-000676,2025,4,ED-0176,R16,경상남도,동부,도시,ST-16-동,PSU-0113,2025-09-20,전화,완료,아파트,자가,23,한부모,3,3~4인,여성,40,40대,4,고등학교,상용근로자,취업,금융·전문서비스,Y,5,4,15,20.5,38.0,315,0.0,20,65,400.0,4800.0,42.0,358.0,88,69,19,2,40,20,238,120.0,119.3,206.7,19.3,29.4,1.925,메모-0676: 교육비와 보건비 영수증을 참고해 응답
HH-2025-000677,2025,1,ED-0177,R17,제주특별자치도,동부,도시,ST-17-동,PSU-0150,2025-04-30,전화,완료,아파트,자가,30,1인가구,1,1인,여성,50,50대,5,대학교,임시·일용근로자,취업,기타서비스,N,5,4,10,26.5,33.0,125,0.0,40,40,205.0,2460.0,11.3,193.7,51,38,2,9,43,36,179,14.7,193.7,193.7,19.6,32.1,0.785,메모-0677: 응답자가 조사표 작성 기준을 확인함
HH-2025-000678,2025,2,ED-0178,R03,대구광역시,동부,도시,ST-03-동,PSU-0187,2025-06-06,인터넷,완료,아파트,전세,7,1인가구,1,1인,여성,43,40대,5,대학교,상용근로자,취업,금융·전문서비스,Y,5,3,5,75.0,44.0,335,0.0,0,35,370.0,4440.0,38.9,331.1,48,58,0,24,29,23,182,149.1,331.1,331.1,17.5,45.3,1.15,"메모-0678: 생활비, 주거비 항목 재확인"
HH-2025-000679,2025,3,ED-0179,R09,경기도,읍부,농촌,ST-09-읍,PSU-0224,2025-07-13,인터넷,완료,단독주택,전세,0,3세대,5,5인 이상,여성,22,20대 이하,4,고등학교,임시·일용근로자,취업,제조업,Y,4,3,15,70.0,36.5,130,0.0,90,30,250.0,3000.0,13.8,236.2,130,57,27,2,36,65,317,-80.8,47.2,105.6,24.1,44.5,1.515,메모-0679: 가구원 수 변동 내용을 면접원이 확인
HH-2025-000680,2025,4,ED-0180,R09,경기도,동부,도시,ST-09-동,PSU-0261,2025-08-19,인터넷,완료,연립·다세대,자가,0,기타,3,3~4인,여성,46,40대,5,대학교,상용근로자,취업,기타서비스,Y,4,4,5,52.0,50.5,380,0.0,35,85,500.0,6000.0,52.5,447.5,83,42,28,10,36,37,236,211.5,149.2,258.4,9.4,35.2,1.88,메모-0680: 소득 항목은 월평균 금액으로 응답
HH-2025-000681,2025,1,ED-0181,R01,서울특별시,동부,도시,ST-01-동,PSU-0298,2025-09-25,전화,완료,아파트,자가,28,3세대,5,5인 이상,여성,84,70대 이상,2,초등학교,비경제활동,비경제활동,,N,2,4,5,,,0.0,0.0,80,50,130.0,1560.0,7.2,122.8,140,31,14,30,13,55,283,-160.2,24.6,54.9,25.2,31.1,0.74,메모-0681: 온라인 조사 후 전화로 일부 항목 보완
HH-2025-000682,2025,2,ED-0182,R15,경상북도,읍부,농촌,ST-15-읍,PSU-0035,2025-05-05,인터넷,완료,아파트,무상,5,부부,2,2인,여성,37,30대,5,대학교,상용근로자,취업,제조업,Y,5,5,5,19.5,41.0,530,0.0,25,50,605.0,7260.0,102.9,502.1,75,8,0,8,35,29,155,347.1,251.1,355.0,1.6,27.4,1.105,
HH-2025-000683,2025,3,ED-0183,R01,서울특별시,동부,도시,ST-01-동,PSU-0072,2025-06-11,인터넷,대리응답,연립·다세대,자가,0,1인가구,1,1인,남성,79,70대 이상,4,고등학교,비경제활동,비경제활동,,N,2,2,15,,,0.0,0.0,85,100,185.0,2220.0,10.2,174.8,66,40,4,25,23,27,185,-10.2,174.8,174.8,22.9,30.3,1.47,메모-0683: 응답자가 조사표 작성 기준을 확인함
HH-2025-000684,2025,4,ED-0184,R02,부산광역시,동부,도시,ST-02-동,PSU-0109,2025-07-18,전화,대리응답,아파트,보증부월세,19,부부+자녀,4,3~4인,여성,70,70대 이상,2,초등학교,자영업자,취업,기타서비스,Y,3,2,10,58.0,55.5,0.0,320,75,90,485.0,5820.0,50.9,434.1,96,101,7,25,38,70,337,97.1,108.5,217.1,23.3,37.6,1.835,"메모-0684: 생활비, 주거비 항목 재확인"
HH-2025-000685,2025,1,ED-0185,R09,경기도,면부,농촌,ST-09-면,PSU-0146,2025-08-24,인터넷,부분응답,아파트,전세,26,1인가구,1,1인,남성,33,30대,4,고등학교,자영업자,취업,건설업,Y,5,4,20,38.0,38.5,0.0,400,40,90,530.0,6360.0,55.6,474.4,57,37,8,14,46,34,196,278.4,474.4,474.4,7.8,31.0,0.695,메모-0685: 가구원 수 변동 내용을 면접원이 확인
HH-2025-000686,2025,2,ED-0186,R01,서울특별시,동부,도시,ST-01-동,PSU-0183,2025-04-03,인터넷,완료,아파트,보증부월세,3,1인가구,1,1인,남성,50,50대,4,고등학교,임시·일용근로자,취업,금융·전문서비스,Y,4,3,5,37.5,39.0,235,0.0,10,30,275.0,3300.0,15.1,259.9,42,98,0,9,28,49,226,33.9,259.9,259.9,37.7,33.6,1.06,메모-0686: 소득 항목은 월평균 금액으로 응답
HH-2025-000687,2025,3,ED-0187,R09,경기도,면부,농촌,ST-09-면,PSU-0220,2025-05-10,방문면접,완료,단독주택,월세,0,부부+자녀,4,3~4인,남성,56,50대,5,대학교,자영업자,취업,금융·전문서비스,N,4,3,10,34.5,41.0,0.0,625,35,20,680.0,8160.0,115.6,564.4,102,46,26,9,38,37,258,306.4,141.1,282.2,8.2,29.3,1.425,메모-0687: 온라인 조사 후 전화로 일부 항목 보완
HH-2025-000688,2025,4,ED-0188,R04,인천광역시,동부,도시,ST-04-동,PSU-0257,2025-06-16,인터넷,완료,단독주택,전세,0,부부,2,2인,남성,54,50대,5,대학교,임시·일용근로자,취업,제조업,Y,4,3,5,63.0,47.5,220,0.0,55,70,345.0,4140.0,36.2,308.8,62,64,0,9,28,19,182,126.8,154.4,218.4,20.7,40.6,1.79,메모-0688: 교육비와 보건비 영수증을 참고해 응답
HH-2025-000689,2025,1,ED-0189,R09,경기도,동부,도시,ST-09-동,PSU-0294,2025-07-23,인터넷,완료,아파트,자가,24,부부+자녀,4,3~4인,여성,54,50대,4,고등학교,상용근로자,취업,운수업,Y,5,4,20,35.5,37.5,315,0.0,85,40,440.0,5280.0,46.2,393.8,102,48,42,5,23,52,422,-28.2,98.5,196.9,12.2,31.9,0.65,메모-0689: 응답자가 조사표 작성 기준을 확인함
HH-2025-000690,2025,2,ED-0190,R01,서울특별시,동부,도시,ST-01-동,PSU-0031,2025-08-29,전화,완료,단독주택,보증부월세,0,3세대,5,5인 이상,여성,18,20대 이하,4,고등학교,비경제활동,비경제활동,,Y,4,2,10,,,0.0,0.0,35,0,35.0,420.0,1.9,33.1,141,106,0,16,8,47,318,-284.9,6.6,14.8,320.2,32.2,1.015,"메모-0690: 생활비, 주거비 항목 재확인"
HH-2025-000691,2025,3,ED-0191,R12,충청남도,면부,농촌,ST-12-면,PSU-0068,2025-04-08,전화,완료,연립·다세대,전세,0,부부,2,2인,남성,53,50대,3,중학교,상용근로자,취업,농림어업,Y,4,3,5,20.0,39.0,320,0.0,40,110,470.0,5640.0,49.4,420.6,77,44,3,4,45,25,198,222.6,210.3,297.4,10.5,28.5,1.38,메모-0691: 가구원 수 변동 내용을 면접원이 확인
HH-2025-000692,2025,4,ED-0192,R09,경기도,읍부,농촌,ST-09-읍,PSU-0105,2025-05-15,인터넷,완료,단독주택,자가,0,1인가구,1,1인,남성,74,70대 이상,5,대학교,비경제활동,비경제활동,,Y,3,4,10,,,0.0,0.0,65,50,115.0,1380.0,6.3,108.7,46,43,0,38,21,38,186,-77.3,108.7,108.7,39.6,31.1,1.745,메모-0692: 소득 항목은 월평균 금액으로 응답
HH-2025-000693,2025,1,ED-0193,R09,경기도,읍부,농촌,ST-09-읍,PSU-0142,2025-06-21,방문면접,완료,아파트,월세,22,부부,2,2인,여성,59,50대,2,초등학교,상용근로자,취업,기타서비스,Y,5,3,10,26.0,36.5,300,0.0,25,25,350.0,4200.0,36.8,313.2,71,83,0,23,32,24,233,80.2,156.6,221.5,26.5,30.7,0.605,메모-0693: 온라인 조사 후 전화로 일부 항목 보완
HH-2025-000694,2025,2,ED-0194,R16,경상남도,면부,농촌,ST-16-면,PSU-0179,2025-07-28,방문면접,부분응답,아파트,전세,29,부부,2,2인,남성,61,60대,4,고등학교,자영업자,취업,공공·교육,N,3,3,20,54.5,43.5,0.0,535,30,20,585.0,7020.0,61.4,523.6,55,61,1,17,37,48,219,304.6,261.8,370.2,11.7,35.1,0.97,메모-0694: 교육비와 보건비 영수증을 참고해 응답
HH-2025-000695,2025,3,ED-0195,R03,대구광역시,동부,도시,ST-03-동,PSU-0216,2025-09-03,인터넷,완료,단독주택,자가,0,1인가구,1,1인,남성,41,40대,5,대학교,실업자,실업,,Y,5,2,5,,,0.0,0.0,15,0,15.0,180.0,0.8,14.2,55,47,0,14,21,30,167,-152.8,14.2,14.2,331.0,32.2,1.335,메모-0695: 응답자가 조사표 작성 기준을 확인함
HH-2025-000696,2025,4,ED-0196,R01,서울특별시,동부,도시,ST-01-동,PSU-0253,2025-04-13,전화,완료,아파트,전세,13,한부모,4,3~4인,여성,66,60대,3,중학교,비경제활동,비경제활동,,Y,4,4,5,,,0.0,0.0,15,30,45.0,540.0,2.5,42.5,124,26,0,29,11,28,218,-175.5,10.6,21.2,61.2,31.9,1.7,"메모-0696: 생활비, 주거비 항목 재확인"
HH-2025-000697,2025,1,ED-0197,R08,세종특별자치시,면부,농촌,ST-08-면,PSU-0290,2025-05-20,인터넷,완료,아파트,자가,20,1인가구,1,1인,여성,54,50대,5,대학교,자영업자,취업,도소매·숙박,Y,4,4,15,14.0,50.5,0.0,240,30,60,330.0,3960.0,34.6,295.4,50,29,0,8,30,30,147,148.4,295.4,295.4,9.8,29.3,0.56,메모-0697: 가구원 수 변동 내용을 면접원이 확인
HH-2025-000698,2025,2,ED-0198,R09,경기도,동부,도시,ST-09-동,PSU-0027,2025-06-26,인터넷,완료,아파트,자가,27,부부,2,2인,여성,64,60대,5,대학교,상용근로자,취업,금융·전문서비스,Y,4,3,5,43.5,27.5,420,0.0,25,5,450.0,5400.0,47.2,402.8,68,83,0,17,19,40,227,175.8,201.4,284.8,20.6,33.3,0.925,메모-0698: 소득 항목은 월평균 금액으로 응답
HH-2025-000699,2025,3,ED-0199,R02,부산광역시,동부,도시,ST-02-동,PSU-0064,2025-08-02,전화,완료,아파트,자가,4,기타,4,3~4인,여성,24,20대 이하,4,고등학교,학생,비경제활동,,Y,4,4,10,,,0.0,0.0,40,90,130.0,1560.0,7.2,122.8,111,41,12,7,17,34,222,-99.2,30.7,61.4,33.4,31.0,1.29,메모-0699: 온라인 조사 후 전화로 일부 항목 보완
HH-2025-000700,2025,4,ED-0200,R16,경상남도,읍부,농촌,ST-16-읍,PSU-0101,2025-09-08,인터넷,완료,아파트,자가,11,부부+자녀,3,3~4인,여성,45,40대,4,고등학교,자영업자,취업,금융·전문서비스,Y,4,4,25,25.0,44.0,0.0,210,20,105,335.0,4020.0,35.2,299.8,107,45,29,10,39,38,268,31.8,99.9,173.1,15.0,30.8,1.655,메모-0700: 교육비와 보건비 영수증을 참고해 응답
HH-2025-000701,2025,1,ED-0201,R01,서울특별시,동부,도시,ST-01-동,PSU-0138,2025-04-18,인터넷,완료,아파트,전세,18,1인가구,1,1인,여성,44,40대,5,대학교,임시·일용근로자,취업,농림어업,Y,5,4,5,27.5,52.0,175,0.0,0,55,230.0,2760.0,12.7,217.3,48,88,0,6,43,28,213,4.3,217.3,217.3,40.5,32.1,0.515,메모-0701: 응답자가 조사표 작성 기준을 확인함
HH-2025-000702,2025,2,ED-0202,R01,서울특별시,동부,도시,ST-01-동,PSU-0175,2025-05-25,방문면접,완료,아파트,전세,25,3세대,6,5인 이상,남성,48,40대,3,중학교,자영업자,취업,운수업,Y,4,5,5,49.5,52.5,0.0,250,70,120,440.0,5280.0,46.2,393.8,147,46,71,16,33,46,359,34.8,65.6,160.8,11.7,35.3,0.88,"메모-0702: 생활비, 주거비 항목 재확인"
HH-2025-000703,2025,3,ED-0203,R01,서울특별시,면부,농촌,ST-01-면,PSU-0212,2025-07-01,인터넷,완료,단독주택,자가,0,부부,2,2인,남성,38,30대,4,고등학교,상용근로자,취업,금융·전문서비스,Y,4,3,10,73.5,47.0,90,0.0,55,40,185.0,2220.0,10.2,174.8,60,14,0,6,29,49,158,16.8,87.4,123.6,8.0,46.4,1.245,메모-0703: 가구원 수 변동 내용을 면접원이 확인
HH-2025-000704,2025,4,ED-0204,R09,경기도,면부,농촌,ST-09-면,PSU-0249,2025-08-07,방문면접,완료,단독주택,자가,0,부부,2,2인,여성,67,60대,4,고등학교,비경제활동,비경제활동,,N,3,3,10,,,0.0,0.0,0,65,65.0,780.0,3.6,61.4,75,24,0,24,23,17,163,-101.6,30.7,43.4,39.1,31.6,1.61,메모-0704: 소득 항목은 월평균 금액으로 응답
HH-2025-000705,2025,1,ED-0205,R09,경기도,동부,도시,ST-09-동,PSU-0286,2025-09-13,방문면접,부분응답,아파트,자가,16,부부,2,2인,여성,18,20대 이하,5,대학교,비경제활동,비경제활동,,Y,4,4,5,,,0.0,0.0,15,35,100.0,1200.0,2.8,47.2,73,64,21,2,16,35,211,-163.8,23.6,33.4,135.6,31.9,1.975,메모-0705: 온라인 조사 후 전화로 일부 항목 보완
HH-2025-000706,2025,2,ED-0206,R04,인천광역시,동부,도시,ST-04-동,PSU-0023,2025-04-23,방문면접,완료,아파트,보증부월세,23,한부모,2,2인,여성,63,60대,3,중학교,자영업자,취업,도소매·숙박,Y,5,4,5,29.5,46.0,0.0,340,30,135,505.0,6060.0,53.0,452.0,91,107,3,4,22,37,264,188.0,226.0,319.6,23.7,29.7,0.835,메모-0706: 교육비와 보건비 영수증을 참고해 응답
HH-2025-000707,2025,3,ED-0207,R09,경기도,동부,도시,ST-09-동,PSU-0060,2025-05-30,인터넷,완료,연립·다세대,보증부월세,0,부부+자녀,5,5인 이상,남성,26,20대 이하,6,대학원,실업자,실업,,Y,5,5,10,,,0.0,0.0,25,5,30.0,360.0,1.6,28.4,136,106,32,16,10,42,342,-313.6,5.7,12.7,373.2,32.3,1.2,메모-0707: 응답자가 조사표 작성 기준을 확인함
HH-2025-000708,2025,4,ED-0208,R09,경기도,동부,도시,ST-09-동,PSU-0097,2025-07-06,방문면접,완료,아파트,자가,7,1인가구,1,1인,남성,66,60대,4,고등학교,자영업자,취업,농림어업,Y,4,4,5,16.0,48.5,0.0,460,30,10,500.0,6000.0,52.5,447.5,67,33,8,22,29,19,178,344.5,447.5,447.5,7.4,27.8,1.565,"메모-0708: 생활비, 주거비 항목 재확인"
HH-2025-000709,2025,1,ED-0209,R09,경기도,읍부,농촌,ST-09-읍,PSU-0134,2025-08-12,방문면접,완료,단독주택,전세,0,부부+자녀,5,5인 이상,여성,52,50대,4,고등학교,실업자,실업,,N,4,4,20,,,0.0,0.0,75,90,165.0,1980.0,9.1,155.9,140,44,75,2,27,76,364,-208.1,31.2,69.7,28.2,30.9,1.93,메모-0709: 가구원 수 변동 내용을 면접원이 확인
HH-2025-000710,2025,2,ED-0210,R09,강원특별자치도,동부,도시,ST-09-동,PSU-0171,2025-09-18,인터넷,완료,아파트,보증부월세,21,3세대,4,3~4인,여성,75,70대 이상,2,초등학교,비경제활동,비경제활동,,Y,2,3,5,,,0.0,0.0,55,65,120.0,1440.0,6.6,113.4,117,91,0,4,10,39,261,-147.6,28.4,306.7,80.2,31.2,0.79,메모-0710: 소득 항목은 월평균 금액으로 응답
HH-2025-000711,2025,3,ED-0211,R09,경기도,면부,농촌,ST-09-면,PSU-0208,2025-04-28,인터넷,완료,단독주택,보증부월세,0,3세대,6,5인 이상,남성,40,50대,4,고등학교,비경제활동,비경제활동,,Y,4,3,20,,,0.0,0.0,30,10,40.0,480.0,2.2,37.8,138,74,85,6,20,63,386,-348.2,6.3,15.4,195.8,32.3,1.155,메모-0711: 온라인 조사 후 전화로 일부 항목 보완
HH-2025-000712,2025,4,ED-0212,R15,경상북도,동부,도시,ST-15-동,PSU-0245,2025-06-04,인터넷,완료,아파트,자가,5,기타,4,3~4인,여성,63,60대,5,대학교,임시·일용근로자,실업,공공·교육,Y,3,3,10,57.0,36.5,150,0.0,60,150,360.0,4320.0,37.8,322.2,101,49,0,2,23,48,223,99.2,80.5,161.1,15.2,38.3,1.52,메모-0712: 교육비와 보건비 영수증을 참고해 응답
HH-2025-000713,2025,1,ED-0213,R17,제주특별자치도,동부,도시,ST-17-동,PSU-0282,2025-07-11,인터넷,완료,아파트,자가,12,부부,2,2인,여성,44,40대,4,고등학교,상용근로자,취업,제조업,Y,4,4,90,52.5,32.0,415,0.0,15,15,445.0,5340.0,46.7,398.3,76,45,0,9,38,37,205,193.3,199.2,281.6,11.3,35.9,1.885,
HH-2025-000714,2025,2,ED-0214,R12,충청남도,읍부,농촌,ST-12-읍,PSU-0019,2025-08-17,인터넷,완료,단독주택,월세,0,부부+자녀,4,3~4인,남성,56,50대,5,대학교,상용근로자,취업,건설업,Y,3,4,10,39.0,48.0,560,0.0,50,20,630.0,7560.0,107.1,522.9,104,67,33,21,42,50,317,205.9,130.7,261.4,12.8,30.9,0.745,"메모-0714: 생활비, 주거비 항목 재확인"
HH-2025-000715,2025,3,ED-0215,R04,인천광역시,동부,도시,ST-04-동,PSU-0056,2025-09-23,인터넷,완료,아파트,전세,26,1인가구,1,1인,남성,57,50대,3,중학교,무급가족종사자,취업,금융·전문서비스,Y,4,4,5,49.5,48.5,0.0,100,25,65,190.0,2280.0,10.4,179.6,39,91,17,7,30,30,214,-34.4,179.6,179.6,50.7,37.6,1.11,메모-0715: 가구원 수 변동 내용을 면접원이 확인
HH-2025-000716,2025,4,ED-0216,R01,서울특별시,동부,도시,ST-01-동,PSU-0093,2025-05-03,방문면접,완료,아파트,자가,3,부부+자녀,4,3~4인,남성,68,60대,5,대학교,자영업자,취업,운수업,N,2,4,10,32.5,40.0,0.0,95,65,80,240.0,2880.0,13.2,226.8,124,36,11,12,13,40,236,-9.2,56.7,113.4,15.9,32.9,1.475,메모-0716: 소득 항목은 월평균 금액으로 응답
HH-2025-000717,2025,1,ED-0217,R11,충청북도,읍부,농촌,ST-11-읍,PSU-0130,2025-06-09,인터넷,완료,연립·다세대,자가,0,기타,3,3~4인,남성,56,50대,4,고등학교,자영업자,취업,보건·복지,Y,3,3,5,10.0,45.0,0.0,420,45,85,550.0,6600.0,57.8,492.2,95,14,23,20,30,38,220,272.2,164.1,284.2,2.8,26.8,1.84,메모-0717: 온라인 조사 후 전화로 일부 항목 보완
HH-2025-000718,2025,2,ED-0218,R13,전북특별자치도,동부,도시,ST-13-동,PSU-0167,2025-07-16,인터넷,완료,오피스텔,보증부월세,0,부부+자녀,5,5인 이상,남성,33,30대,5,대학교,상용근로자,취업,도소매·숙박,Y,5,4,5,38.0,43.5,255,0.0,60,40,355.0,4260.0,37.3,317.7,140,99,53,4,30,63,389,-71.3,63.5,142.1,31.2,33.3,0.7,메모-0718: 교육비와 보건비 영수증을 참고해 응답
HH-2025-000719,2025,3,ED-0219,R14,전라남도,동부,도시,ST-14-동,PSU-0204,2025-08-22,인터넷,완료,아파트,전세,24,한부모,3,3~4인,남성,47,40대,5,대학교,상용근로자,취업,공공·교육,Y,4,2,20,93.5,48.5,510,0.0,35,0,545.0,6540.0,57.2,487.8,93,85,16,7,38,49,288,199.8,162.6,281.6,17.4,52.9,1.065,메모-0719: 응답자가 조사표 작성 기준을 확인함
HH-2025-000720,2025,4,ED-0220,R03,대구광역시,동부,도시,ST-03-동,PSU-0241,2025-04-01,인터넷,완료,아파트,자가,1,3세대,5,5인 이상,여성,53,50대,4,고등학교,실업자,실업,,Y,3,3,15,,,0.0,0.0,70,0,70.0,840.0,3.9,66.1,128,62,36,2,26,70,324,-257.9,13.2,29.6,93.8,31.9,1.43,"메모-0720: 생활비, 주거비 항목 재확인"
HH-2025-000721,2025,1,ED-0221,R07,울산광역시,면부,농촌,ST-07-면,PSU-0278,2025-05-08,인터넷,완료,연립·다세대,전세,0,한부모,2,2인,남성,86,70대 이상,1,무학,비경제활동,비경제활동,,Y,3,2,5,,,0.0,0.0,85,40,125.0,1500.0,6.9,118.1,80,67,0,25,32,55,259,-140.9,59.0,83.5,56.7,31.1,1.795,메모-0721: 가구원 수 변동 내용을 면접원이 확인
HH-2025-000722,2025,2,ED-0222,R09,경기도,읍부,농촌,ST-09-읍,PSU-0015,2025-06-14,전화,완료,단독주택,자가,0,1인가구,1,1인,남성,65,60대,5,대학교,자영업자,취업,기타서비스,Y,3,5,5,5.0,45.5,0.0,370,15,115,500.0,6000.0,52.5,447.5,61,15,5,10,39,16,146,301.5,447.5,447.5,3.4,27.0,0.655,메모-0722: 소득 항목은 월평균 금액으로 응답
HH-2025-000723,2025,3,ED-0223,R09,경기도,동부,도시,ST-09-동,PSU-0052,2025-07-21,인터넷,완료,연립·다세대,자가,0,기타,4,3~4인,남성,37,30대,3,중학교,상용근로자,취업,도소매·숙박,Y,5,3,5,23.5,48.5,315,0.0,50,20,385.0,4620.0,40.4,344.6,97,26,28,9,38,53,251,93.6,86.2,172.3,7.5,30.0,1.02,메모-0723: 온라인 조사 후 전화로 일부 항목 보완
HH-2025-000724,2025,4,ED-0224,R16,경상남도,동부,도시,ST-16-동,PSU-0089,2025-08-27,인터넷,완료,아파트,자가,29,1인가구,1,1인,남성,83,70대 이상,4,고등학교,비경제활동,비경제활동,,Y,2,2,5,,,0.0,0.0,70,15,85.0,1020.0,4.7,80.3,55,65,0,45,26,31,222,-141.7,80.3,80.3,80.9,31.5,1.385,메모-0724: 교육비와 보건비 영수증을 참고해 응답
HH-2025-000725,2025,1,ED-0225,R01,서울특별시,동부,도시,ST-01-동,PSU-0126,2025-04-06,인터넷,완료,아파트,월세,6,1인가구,1,1인,여성,63,60대,2,초등학교,비경제활동,비경제활동,,Y,3,3,5,,,0.0,0.0,35,30,65.0,780.0,3.6,61.4,49,86,10,11,20,22,198,-136.6,61.4,61.4,140.1,31.7,1.75,메모-0725: 응답자가 조사표 작성 기준을 확인함
HH-2025-000726,2025,2,ED-0226,R15,경상북도,읍부,농촌,ST-15-읍,PSU-0163,2025-05-13,인터넷,대리응답,연립·다세대,전세,0,기타,3,3~4인,여성,53,50대,5,대학교,상용근로자,취업,도소매·숙박,Y,4,4,5,63.0,56.5,355,0.0,55,90,500.0,6000.0,52.5,447.5,91,42,20,18,25,46,242,205.5,149.2,258.4,9.4,39.0,0.61,"메모-0726: 생활비, 주거비 항목 재확인"
HH-2025-000727,2025,3,ED-0227,R14,전라남도,읍부,농촌,ST-14-읍,PSU-0200,2025-06-19,전화,완료,아파트,보증부월세,20,부부+자녀,3,3~4인,남성,52,50대,5,대학교,자영업자,취업,도소매·숙박,Y,2,3,5,32.5,39.0,0.0,435,10,0,445.0,5340.0,46.7,398.3,82,88,1,7,25,26,229,169.3,132.8,230.0,22.1,30.8,0.975,메모-0727: 가구원 수 변동 내용을 면접원이 확인
HH-2025-000728,2025,4,ED-0228,R16,경상남도,동부,도시,ST-16-동,PSU-0237,2025-07-26,인터넷,완료,아파트,자가,27,1인가구,1,1인,여성,65,60대,4,고등학교,상용근로자,취업,공공·교육,Y,3,3,45,41.5,49.5,265,0.0,30,25,320.0,3840.0,33.6,286.4,45,34,15,35,26,17,172,114.4,286.4,286.4,11.9,34.1,1.34,메모-0728: 소득 항목은 월평균 금액으로 응답
HH-2025-000729,2025,1,ED-0229,R01,서울특별시,동부,도시,ST-01-동,PSU-0274,2025-09-01,인터넷,완료,아파트,자가,4,부부+자녀,4,3~4인,남성,59,50대,2,초등학교,상용근로자,취업,도소매·숙박,Y,3,3,5,19.0,46.0,145,0.0,65,0,210.0,2520.0,11.6,198.4,91,43,42,6,36,33,251,-52.6,49.6,99.2,21.7,31.2,1.705,메모-0729: 온라인 조사 후 전화로 일부 항목 보완
HH-2025-000730,2025,2,ED-0230,R01,서울특별시,동부,도시,ST-01-동,PSU-0011,2025-04-11,인터넷,완료,아파트,전세,11,1인가구,1,1인,남성,68,60대,4,대학교,실업자,실업,,Y,3,4,10,,,0.0,0.0,0,50,50.0,600.0,2.8,47.2,48,68,0,26,14,8,164,-116.8,47.2,47.2,164.1,31.8,0.565,메모-0730: 교육비와 보건비 영수증을 참고해 응답
HH-2025-000731,2025,3,ED-0231,R09,경기도,동부,도시,ST-09-동,PSU-0048,2025-05-18,인터넷,완료,아파트,보증부월세,18,1인가구,1,1인,남성,18,20대 이하,4,고등학교,실업자,실업,,Y,5,4,30,,,0.0,0.0,50,0,50.0,600.0,2.8,47.2,47,104,2,6,16,17,192,-144.8,47.2,47.2,220.3,31.8,0.93,메모-0731: 응답자가 조사표 작성 기준을 확인함
HH-2025-000732,2025,4,ED-0232,R15,경상북도,동부,도시,ST-15-동,PSU-0085,2025-06-24,방문면접,완료,아파트,월세,25,3세대,6,5인 이상,남성,74,70대 이상,3,중학교,비경제활동,비경제활동,,N,3,3,10,,,0.0,0.0,45,25,70.0,2040.0,3.9,66.1,174,131,3,33,17,58,416,-349.9,11.0,27.0,198.2,32.0,1.295,"메모-0732: 생활비, 주거비 항목 재확인"
HH-2025-000733,2025,1,ED-0233,R02,부산광역시,동부,도시,ST-02-동,PSU-0122,2025-07-31,인터넷,완료,아파트,자가,2,부부+자녀,3,3~4인,여성,24,20대 이하,4,고등학교,학생,비경제활동,,Y,5,4,5,,,0.0,0.0,0,90,90.0,1080.0,5.0,85.0,88,45,0,13,25,45,216,-131.0,28.3,49.1,52.9,31.4,1.66,메모-0733: 가구원 수 변동 내용을 면접원이 확인
HH-2025-000734,2025,2,ED-0234,R12,충청남도,동부,도시,ST-12-동,PSU-0159,2025-09-06,인터넷,완료,아파트,자가,9,1인가구,1,1인,여성,56,50대,4,고등학교,비경제활동,비경제활동,,Y,3,4,30,,,0.0,0.0,30,10,40.0,480.0,2.2,37.8,52,58,20,14,26,12,182,-144.2,37.8,37.8,153.4,31.9,0.52,메모-0734: 소득 항목은 월평균 금액으로 응답
HH-2025-000735,2025,3,ED-0235,R03,대구광역시,동부,도시,ST-03-동,PSU-0196,2025-04-16,전화,완료,단독주택,전세,0,부부,2,2인,여성,53,50대,5,대학교,상용근로자,취업,공공·교육,Y,3,3,10,64.0,30.0,475,0.0,0,15,490.0,5880.0,51.4,438.6,58,62,0,24,23,27,194,244.6,219.3,310.1,14.1,39.4,0.885,메모-0735: 온라인 조사 후 전화로 일부 항목 보완
HH-2025-000736,2025,4,ED-0236,R12,충청남도,동부,도시,ST-12-동,PSU-0233,2025-05-23,인터넷,부분응답,아파트,보증부월세,23,부부+자녀,3,3~4인,남성,53,50대,4,고등학교,상용근로자,취업,공공·교육,Y,4,3,15,60.5,40.5,365,0.0,40,15,420.0,5040.0,44.1,375.9,78,102,32,18,18,34,282,93.9,125.3,217.0,27.1,39.0,1.25,메모-0736: 교육비와 보건비 영수증을 참고해 응답
HH-2025-000737,2025,1,ED-0237,R03,대구광역시,동부,도시,ST-03-동,PSU-0270,2025-06-29,인터넷,완료,아파트,자가,30,1인가구,1,2인,남성,44,40대,4,고등학교,비경제활동,비경제활동,,Y,5,4,5,,,0.0,0.0,0,30,30.0,360.0,1.6,28.4,60,52,6,8,10,25,161,-132.6,28.4,28.4,183.1,57.0,1.615,메모-0737: 응답자가 조사표 작성 기준을 확인함
HH-2025-000738,2025,2,ED-0238,R05,광주광역시,동부,도시,ST-05-동,PSU-0007,2025-08-05,인터넷,완료,아파트,자가,7,부부,2,2인,여성,49,40대,4,고등학교,상용근로자,취업,기타서비스,Y,2,5,35,44.5,25.0,440,0.0,0,110,550.0,6600.0,57.8,492.2,84,71,17,9,35,48,264,228.2,246.1,348.0,14.4,32.6,1.98,"메모-0738: 생활비, 주거비 항목 재확인"
HH-2025-000739,2025,3,ED-0239,R01,서울특별시,동부,도시,ST-01-동,PSU-0044,2025-09-11,방문면접,완료,오피스텔,자가,0,3세대,5,5인 이상,남성,79,70대 이상,4,고등학교,비경제활동,비경제활동,,Y,2,4,5,,,0.0,0.0,50,100,150.0,1800.0,8.2,141.8,113,66,0,33,24,70,306,-164.2,28.4,63.4,46.5,30.9,0.84,메모-0739: 가구원 수 변동 내용을 면접원이 확인
HH-2025-000740,2025,4,ED-0240,R09,경기도,동부,도시,ST-09-동,PSU-0081,2025-04-21,인터넷,완료,오피스텔,자가,0,부부,2,2인,여성,60,60대,5,대학교,비경제활동,비경제활동,,Y,3,3,20,,,0.0,0.0,20,30,50.0,600.0,2.8,47.2,91,43,24,27,14,31,230,-182.8,23.6,33.4,91.1,31.9,1.205,메모-0740: 소득 항목은 월평균 금액으로 응답
HH-2025-000741,2025,1,ED-0241,R04,인천광역시,동부,도시,ST-04-동,PSU-0118,2025-05-28,인터넷,완료,아파트,자가,28,부부+자녀,3,3~4인,여성,64,60대,5,대학교,무급가족종사자,취업,도소매·숙박,Y,3,4,5,26.5,37.0,0.0,85,0,85,170.0,2040.0,9.3,160.7,106,56,8,5,41,20,236,-75.3,53.6,92.8,34.8,32.7,1.57,메모-0741: 온라인 조사 후 전화로 일부 항목 보완
HH-2025-000742,2025,2,ED-0242,R16,경상남도,동부,도시,ST-16-동,PSU-0155,2025-07-04,인터넷,완료,아파트,자가,5,한부모,2,2인,여성,67,60대,3,중학교,비경제활동,비경제활동,,Y,4,3,10,,,0.0,0.0,45,60,105.0,1260.0,5.8,99.2,84,45,4,21,16,41,361,-261.8,49.6,70.1,45.4,31.5,1.935,메모-0742: 교육비와 보건비 영수증을 참고해 응답
HH-2025-000743,2025,3,ED-0243,R04,인천광역시,동부,도시,ST-04-동,PSU-0192,2025-08-10,인터넷,완료,연립·다세대,자가,0,1인가구,1,1인,남성,51,50대,5,대학교,비경제활동,비경제활동,,Y,5,5,5,,,0.0,0.0,25,0,25.0,300.0,1.4,23.6,32,52,18,15,17,32,166,-142.4,23.6,23.6,220.3,32.0,0.795,메모-0743: 응답자가 조사표 작성 기준을 확인함
HH-2025-000744,2025,4,ED-0244,R01,서울특별시,동부,도시,ST-01-동,PSU-0229,2025-09-16,방문면접,완료,아파트,무상,19,1인가구,1,1인,남성,73,70대 이상,4,고등학교,비경제활동,비경제활동,,N,4,4,10,,,0.0,0.0,30,120,150.0,1800.0,8.2,141.8,67,81,0,17,11,31,207,-65.2,141.8,141.8,57.1,30.7,1.16,
HH-2025-000745,2025,1,ED-0245,R02,부산광역시,동부,도시,ST-02-동,PSU-0266,2025-04-26,인터넷,완료,단독주택,보증부월세,0,기타,4,3~4인,남성,55,50대,4,고등학교,임시·일용근로자,취업,제조업,Y,4,4,20,46.0,35.0,110,0.0,30,20,160.0,1920.0,8.8,151.2,123,105,44,23,43,39,377,-225.8,37.8,75.6,69.4,37.3,1.525,메모-0745: 가구원 수 변동 내용을 면접원이 확인
HH-2025-000746,2025,2,ED-0246,R09,경기도,면부,농촌,ST-09-면,PSU-0003,2025-06-02,방문면접,완료,아파트,자가,3,부부,2,2인,남성,60,60대,4,고등학교,자영업자,취업,기타서비스,Y,3,3,35,38.0,34.5,0.0,340,35,70,445.0,5340.0,46.7,398.3,53,43,0,7,34,25,162,236.3,199.2,281.6,10.8,31.9,1.89,메모-0746: 소득 항목은 월평균 금액으로 응답
HH-2025-000747,2025,3,ED-0247,R10,강원특별자치도,동부,농촌,ST-10-동,PSU-0040,2025-07-09,인터넷,완료,아파트,무상,10,부부+자녀,3,3~4인,남성,51,50대,3,중학교,임시·일용근로자,취업,보건·복지,Y,4,4,15,19.5,30.5,115,0.0,45,70,230.0,2760.0,12.7,217.3,105,22,0,10,39,32,208,9.3,72.4,125.5,10.1,30.9,0.75,메모-0747: 온라인 조사 후 전화로 일부 항목 보완
HH-2025-000748,2025,4,ED-0248,R04,인천광역시,동부,도시,ST-04-동,PSU-0077,2025-08-15,전화,부분응답,아파트,자가,17,부부+자녀,4,3~4인,여성,49,40대,4,고등학교,자영업자,취업,건설업,Y,4,4,5,64.5,46.5,0.0,285,45,60,390.0,4680.0,40.9,349.1,111,33,26,11,48,43,272,77.1,87.3,174.6,9.5,40.8,1.115,메모-0748: 교육비와 보건비 영수증을 참고해 응답
HH-2025-000749,2025,1,ED-0249,R11,충청북도,읍부,농촌,ST-11-읍,PSU-0114,2025-09-21,인터넷,완료,아파트,자가,24,1인가구,1,1인,여성,49,40대,4,고등학교,자영업자,취업,건설업,Y,4,3,15,54.5,48.0,0.0,325,15,95,435.0,5220.0,45.7,389.3,54,11,7,2,36,23,133,256.3,389.3,389.3,2.8,36.5,1.48,메모-0749: 응답자가 조사표 작성 기준을 확인함
HH-2025-000750,2025,2,ED-0250,R09,경기도,면부,농촌,ST-09-면,PSU-0151,2025-05-01,인터넷,완료,연립·다세대,자가,0,1인가구,1,1인,남성,32,30대,6,대학원,상용근로자,취업,공공·교육,Y,5,5,10,36.0,47.0,375,0.0,0,20,395.0,4740.0,41.5,353.5,70,35,0,12,50,23,190,163.5,353.5,353.5,9.9,32.0,1.845,"메모-0750: 생활비, 주거비 항목 재확인"
HH-2025-000751,2025,3,ED-0251,R01,서울특별시,동부,도시,ST-01-동,PSU-0188,2025-06-07,방문면접,완료,오피스텔,자가,0,부부+자녀,4,3~4인,남성,88,70대 이상,4,고등학교,비경제활동,비경제활동,,N,2,3,5,,,0.0,0.0,90,10,100.0,1200.0,5.5,94.5,118,54,18,42,25,49,306,-211.5,23.6,47.2,57.1,31.5,0.705,메모-0751: 가구원 수 변동 내용을 면접원이 확인
HH-2025-000752,2025,4,ED-0252,R05,광주광역시,동부,도시,ST-05-동,PSU-0225,2025-07-14,인터넷,완료,오피스텔,전세,0,기타,3,3~4인,여성,53,50대,5,대학교,상용근로자,취업,건설업,Y,5,4,10,37.5,46.5,530,0.0,15,45,640.0,7680.0,61.9,528.1,68,68,0,12,25,33,206,322.1,176.0,304.9,12.9,30.3,1.07,메모-0752: 소득 항목은 월평균 금액으로 응답
HH-2025-000753,2025,1,ED-0253,R01,서울특별시,동부,도시,ST-01-동,PSU-0262,2025-08-20,방문면접,완료,아파트,전세,22,1인가구,1,1인,남성,21,20대 이하,5,대학교,학생,비경제활동,,N,4,4,5,,,0.0,0.0,20,15,35.0,420.0,1.9,33.1,54,81,1,2,12,18,168,-134.9,33.1,33.1,244.7,31.9,1.435,메모-0753: 온라인 조사 후 전화로 일부 항목 보완
HH-2025-000754,2025,2,ED-0254,R01,서울특별시,읍부,농촌,ST-01-읍,PSU-0299,2025-09-26,인터넷,완료,아파트,자가,29,부부+자녀,5,5인 이상,여성,52,50대,5,대학교,자영업자,취업,건설업,Y,5,4,10,34.0,60.5,0.0,315,55,10,380.0,4560.0,39.9,340.1,134,49,47,6,46,72,354,-13.9,68.0,152.1,14.4,32.1,1.8,메모-0754: 교육비와 보건비 영수증을 참고해 응답
HH-2025-000755,2025,3,ED-0255,R01,서울특별시,동부,도시,ST-01-동,PSU-0036,2025-05-06,인터넷,부분응답,단독주택,무상,0,1인가구,1,1인,여성,54,50대,5,대학교,자영업자,취업,건설업,Y,5,4,10,35.5,50.5,0.0,270,30,40,340.0,4080.0,35.7,304.3,49,40,0,18,22,17,146,158.3,304.3,304.3,13.1,32.4,0.66,메모-0755: 응답자가 조사표 작성 기준을 확인함
HH-2025-000756,2025,4,ED-0256,R02,부산광역시,동부,도시,ST-02-동,PSU-0073,2025-06-12,인터넷,완료,아파트,자가,13,부부+자녀,3,3~4인,남성,31,30대,5,대학교,자영업자,취업,도소매·숙박,Y,5,3,10,23.5,48.5,0.0,475,25,40,540.0,6480.0,56.7,483.3,78,40,22,8,23,31,202,281.3,161.1,279.0,8.3,28.3,1.025,"메모-0756: 생활비, 주거비 항목 재확인"
HH-2025-000757,2025,1,ED-0257,R07,울산광역시,동부,도시,ST-07-동,PSU-0110,2025-07-19,인터넷,완료,아파트,자가,20,부부+자녀,4,3~4인,여성,62,60대,4,고등학교,상용근로자,취업,기타서비스,Y,5,4,10,65.5,49.0,415,0.0,15,0,430.0,5160.0,45.1,384.9,96,69,39,18,33,56,311,73.9,96.2,192.4,17.9,40.9,1.39,메모-0757: 가구원 수 변동 내용을 면접원이 확인
HH-2025-000758,2025,2,ED-0258,R09,경기도,동부,도시,ST-09-동,PSU-0147,2025-08-25,방문면접,완료,연립·다세대,자가,0,부부+자녀,3,3~4인,남성,38,30대,6,대학원,상용근로자,취업,보건·복지,Y,4,3,35,59.5,38.0,425,0.0,0,0,425.0,5100.0,44.6,380.4,77,60,0,21,44,31,233,147.4,126.8,219.6,15.8,38.5,1.755,메모-0758: 소득 항목은 월평균 금액으로 응답
HH-2025-000759,2025,3,ED-0259,R09,경기도,동부,도시,ST-09-동,PSU-0184,2025-04-04,전화,완료,아파트,전세,4,부부+자녀,4,3~4인,남성,32,30대,5,대학교,임시·일용근로자,취업,제조업,Y,4,4,10,30.0,42.5,240,0.0,30,0,270.0,3240.0,14.8,255.2,105,36,25,6,33,59,264,-8.8,63.8,127.6,14.1,32.2,0.615,메모-0759: 온라인 조사 후 전화로 일부 항목 보완
HH-2025-000760,2025,4,ED-0260,R09,경기도,동부,도시,ST-09-동,PSU-0221,2025-05-11,인터넷,완료,단독주택,보증부월세,0,부부,2,2인,남성,52,50대,6,대학원,임시·일용근로자,취업,제조업,Y,5,4,5,64.5,35.0,190,0.0,30,25,245.0,2940.0,13.5,231.5,72,89,0,2,27,40,230,1.5,115.8,163.7,38.4,42.2,0.98,메모-0760: 교육비와 보건비 영수증을 참고해 응답
HH-2025-000761,2025,1,ED-0261,R11,충청북도,동부,도시,ST-11-동,PSU-0258,2025-06-17,인터넷,완료,연립·다세대,보증부월세,0,부부+자녀,3,3~4인,남성,42,40대,6,대학원,실업자,실업,,Y,5,4,10,,,0.0,0.0,0,45,45.0,540.0,2.5,42.5,96,100,22,14,15,49,296,-253.5,14.2,24.5,235.3,32.1,1.345,메모-0761: 응답자가 조사표 작성 기준을 확인함
HH-2025-000762,2025,2,ED-0262,R09,경기도,동부,도시,ST-09-동,PSU-0295,2025-07-24,인터넷,완료,아파트,자가,25,한부모,2,2인,여성,56,50대,4,고등학교,실업자,실업,,Y,4,4,5,,,0.0,0.0,40,100,140.0,1680.0,7.7,132.3,74,68,3,20,10,31,206,-73.7,66.2,93.6,51.4,30.8,1.71,"메모-0762: 생활비, 주거비 항목 재확인"
HH-2025-000763,2025,3,ED-0263,R02,부산광역시,동부,도시,ST-02-동,PSU-0032,2025-08-30,인터넷,완료,아파트,보증부월세,2,부부,2,2인,여성,42,40대,4,고등학교,비경제활동,비경제활동,,Y,5,4,5,,,0.0,0.0,30,55,85.0,1020.0,4.7,80.3,77,118,0,2,31,43,271,-190.7,40.1,56.8,146.9,31.6,0.57,메모-0763: 가구원 수 변동 내용을 면접원이 확인
HH-2025-000764,2025,4,ED-0264,R01,서울특별시,동부,도시,ST-01-동,PSU-0069,2025-04-09,전화,완료,아파트,자가,9,부부+자녀,5,5인 이상,여성,47,40대,4,고등학교,상용근로자,취업,기타서비스,Y,3,3,10,29.5,45.5,275,0.0,35,15,325.0,3900.0,34.1,290.9,139,18,81,2,35,53,328,-37.1,58.2,130.1,6.2,31.8,0.935,메모-0764: 소득 항목은 월평균 금액으로 응답
HH-2025-000765,2025,1,ED-0265,R10,강원특별자치도,동부,도시,ST-10-동,PSU-0106,2025-05-16,전화,완료,아파트,자가,16,기타,3,3~4인,남성,37,30대,5,대학교,상용근로자,취업,제조업,Y,5,4,5,25.0,37.5,370,0.0,5,70,445.0,5340.0,46.7,398.3,92,45,16,17,39,47,256,142.3,132.8,230.0,11.3,29.6,1.3,메모-0765: 온라인 조사 후 전화로 일부 항목 보완
HH-2025-000766,2025,2,ED-0266,R17,제주특별자치도,읍부,농촌,ST-17-읍,PSU-0143,2025-06-22,방문면접,완료,단독주택,보증부월세,0,1인가구,1,1인,남성,64,60대,3,중학교,비경제활동,비경제활동,,Y,5,3,5,,,0.0,0.0,45,0,45.0,540.0,2.5,42.5,48,99,0,15,33,44,239,-196.5,42.5,42.5,232.9,32.0,1.665,메모-0766: 교육비와 보건비 영수증을 참고해 응답
HH-2025-000767,2025,3,ED-0267,R09,경기도,동부,도시,ST-09-동,PSU-0180,2025-07-29,인터넷,완료,단독주택,자가,0,부부+자녀,3,3~4인,남성,35,30대,4,고등학교,자영업자,취업,도소매·숙박,Y,5,3,10,36.0,40.5,0.0,230,30,0,260.0,3120.0,14.3,245.7,108,51,26,11,34,33,263,57.7,81.9,141.9,20.8,33.5,0.525,메모-0767: 응답자가 조사표 작성 기준을 확인함
HH-2025-000768,2025,4,ED-0268,R01,서울특별시,동부,도시,ST-01-동,PSU-0217,2025-09-04,전화,완료,아파트,보증부월세,7,1인가구,1,1인,남성,60,60대,6,대학원,상용근로자,취업,운수업,N,4,3,5,53.5,34.0,495,0.0,10,15,520.0,6240.0,54.6,465.4,32,85,9,18,32,24,200,265.4,465.4,465.4,18.3,35.4,0.89,"메모-0768: 생활비, 주거비 항목 재확인"
HH-2025-000769,2025,1,ED-0269,R11,충청북도,동부,도시,ST-11-동,PSU-0254,2025-04-14,인터넷,완료,아파트,자가,14,3세대,5,5인 이상,남성,42,40대,4,고등학교,자영업자,취업,공공·교육,Y,4,4,5,23.0,54.0,0.0,260,35,30,325.0,3900.0,34.1,290.9,133,60,50,10,17,58,328,-37.1,58.2,130.1,20.6,30.8,1.255,메모-0769: 가구원 수 변동 내용을 면접원이 확인
HH-2025-000770,2025,2,ED-0270,R15,경상북도,읍부,농촌,ST-15-읍,PSU-0291,2025-05-21,인터넷,완료,단독주택,보증부월세,0,1인가구,1,1인,여성,63,60대,4,고등학교,자영업자,취업,기타서비스,Y,4,4,15,9.0,46.5,0.0,405,20,35,460.0,5520.0,48.3,411.7,54,96,0,13,47,30,240,171.7,411.7,411.7,23.3,27.8,1.62,메모-0770: 소득 항목은 월평균 금액으로 응답
HH-2025-000771,2025,3,ED-0271,R04,인천광역시,동부,도시,ST-04-동,PSU-0028,2025-06-27,인터넷,완료,아파트,자가,28,1인가구,1,1인,여성,59,50대,5,대학교,자영업자,취업,제조업,Y,3,4,10,38.0,51.0,0.0,290,5,150,445.0,5340.0,46.7,398.3,63,47,0,29,21,39,199,199.3,398.3,398.3,11.8,32.0,1.985,메모-0771: 온라인 조사 후 전화로 일부 항목 보완
HH-2025-000772,2025,4,ED-0272,R09,경기도,동부,도시,ST-09-동,PSU-0065,2025-08-03,전화,완료,연립·다세대,전세,0,1인가구,1,1인,남성,59,50대,4,고등학교,상용근로자,취업,보건·복지,Y,3,4,5,38.5,34.5,450,0.0,20,5,475.0,5700.0,49.9,425.1,38,54,0,20,39,38,189,236.1,425.1,425.1,12.7,31.7,0.845,메모-0772: 교육비와 보건비 영수증을 참고해 응답
HH-2025-000773,2025,1,ED-0273,R16,경상남도,동부,도시,ST-16-동,PSU-0102,2025-09-09,인터넷,완료,아파트,자가,12,1인가구,1,1인,남성,82,70대 이상,2,초등학교,비경제활동,비경제활동,,Y,3,4,25,,,0.0,0.0,65,20,85.0,1020.0,4.7,80.3,34,35,2,23,15,20,129,-48.7,80.3,80.3,43.6,31.3,1.21,메모-0773: 응답자가 조사표 작성 기준을 확인함
HH-2025-000774,2025,2,ED-0274,R04,인천광역시,면부,농촌,ST-04-면,PSU-0139,2025-04-19,인터넷,완료,단독주택,자가,0,1인가구,1,1인,여성,71,70대 이상,4,고등학교,비경제활동,비경제활동,,Y,3,4,10,,,0.0,0.0,5,35,40.0,480.0,2.2,37.8,56,26,0,28,37,12,159,-121.2,37.8,37.8,68.8,31.9,1.575,"메모-0774: 생활비, 주거비 항목 재확인"
HH-2025-000775,2025,3,ED-0275,R01,서울특별시,동부,도시,ST-01-동,PSU-0176,2025-05-26,전화,완료,연립·다세대,자가,0,부부,2,2인,남성,82,70대 이상,4,고등학교,자영업자,취업,정보통신,Y,3,3,10,48.0,48.0,0.0,310,90,130,530.0,6360.0,55.6,474.4,79,62,0,39,43,34,257,217.4,237.2,335.5,13.1,33.7,1.94,
HH-2025-000776,2025,4,ED-0276,R09,경기도,면부,농촌,ST-09-면,PSU-0213,2025-07-02,전화,완료,아파트,자가,3,한부모,4,3~4인,남성,19,20대 이하,5,대학교,임시·일용근로자,취업,보건·복지,Y,5,4,5,24.0,37.0,175,0.0,25,120,320.0,3840.0,33.6,286.4,128,34,13,23,33,61,292,-5.6,71.6,143.2,11.9,30.9,0.8,메모-0776: 소득 항목은 월평균 금액으로 응답
HH-2025-000777,2025,1,ED-0277,R09,경기도,면부,농촌,ST-09-면,PSU-0250,2025-08-08,인터넷,완료,단독주택,전세,0,부부,2,2인,남성,68,60대,5,대학교,자영업자,취업,도소매·숙박,N,3,5,5,11.5,49.0,0.0,715,15,115,845.0,10140.0,143.7,701.3,66,72,30,26,28,45,267,434.3,350.6,495.9,10.3,24.5,1.165,메모-0777: 온라인 조사 후 전화로 일부 항목 보완
HH-2025-000778,2025,2,ED-0278,R12,충청남도,면부,농촌,ST-12-면,PSU-0287,2025-09-14,인터넷,완료,단독주택,전세,0,1인가구,1,1인,여성,61,60대,5,대학교,자영업자,취업,농림어업,Y,3,3,10,5.0,38.5,0.0,550,20,70,640.0,7680.0,108.8,531.2,65,58,21,26,38,32,240,291.2,531.2,531.2,10.9,26.2,1.53,메모-0778: 교육비와 보건비 영수증을 참고해 응답
HH-2025-000779,2025,3,ED-0279,R15,경상북도,면부,농촌,ST-15-면,PSU-0024,2025-04-24,전화,부분응답,연립·다세대,자가,0,부부+자녀,3,3~4인,여성,29,20대 이하,6,대학원,임시·일용근로자,취업,운수업,Y,5,2,5,60.5,33.0,180,0.0,5,10,195.0,2340.0,10.7,184.3,99,30,3,2,36,36,206,-21.7,61.4,106.4,16.3,41.2,1.895,메모-0779: 응답자가 조사표 작성 기준을 확인함
HH-2025-000780,2025,4,ED-0280,R15,경상북도,동부,도시,ST-15-동,PSU-0061,2025-05-31,인터넷,완료,아파트,자가,1,1인가구,1,1인,여성,52,50대,4,고등학교,임시·일용근로자,취업,운수업,Y,5,4,10,44.5,34.5,170,0.0,30,40,240.0,2880.0,13.2,226.8,43,42,4,3,32,35,159,67.8,226.8,226.8,18.5,35.5,0.755,"메모-0780: 생활비, 주거비 항목 재확인"
HH-2025-000781,2025,1,ED-0281,R15,경상남도,면부,농촌,ST-15-면,PSU-0098,2025-07-07,인터넷,완료,연립·다세대,전세,0,1인가구,1,1인,남성,35,30대,4,고등학교,상용근로자,취업,제조업,Y,5,4,5,25.5,39.0,425,0.0,0,50,475.0,5700.0,49.9,425.1,31,33,0,2,38,23,127,298.1,425.1,675.1,7.8,29.1,1.12,메모-0781: 가구원 수 변동 내용을 면접원이 확인
HH-2025-000782,2025,2,ED-0282,R09,경기도,읍부,농촌,ST-09-읍,PSU-0135,2025-08-13,인터넷,완료,오피스텔,자가,0,부부,2,2인,여성,46,40대,5,대학교,임시·일용근로자,취업,농림어업,Y,5,5,15,17.0,29.5,200,0.0,20,45,265.0,3180.0,14.6,250.4,83,32,2,3,32,27,179,71.4,125.2,177.1,12.8,30.2,1.485,메모-0782: 소득 항목은 월평균 금액으로 응답
HH-2025-000783,2025,3,ED-0283,R01,서울특별시,동부,도시,ST-01-동,PSU-0172,2025-09-19,전화,완료,아파트,자가,22,부부,2,2인,남성,85,70대 이상,2,초등학교,비경제활동,비경제활동,,Y,2,3,10,,,0.0,0.0,120,85,205.0,2460.0,11.3,193.7,85,71,8,30,23,30,247,-53.3,96.8,137.0,36.7,30.2,1.85,메모-0783: 온라인 조사 후 전화로 일부 항목 보완
HH-2025-000784,2025,4,ED-0284,R17,제주특별자치도,동부,도시,ST-17-동,PSU-0209,2025-04-29,인터넷,완료,아파트,보증부월세,29,1인가구,1,1인,여성,56,50대,4,고등학교,임시·일용근로자,취업,제조업,Y,4,2,10,70.5,32.0,90,0.0,20,95,205.0,2460.0,11.3,193.7,73,102,0,17,23,27,242,-48.3,193.7,193.7,52.7,45.1,0.71,메모-0784: 교육비와 보건비 영수증을 참고해 응답
HH-2025-000785,2025,1,ED-0285,R01,서울특별시,동부,도시,ST-01-동,PSU-0246,2025-06-05,인터넷,부분응답,아파트,월세,6,부부+자녀,3,3~4인,남성,77,70대 이상,2,초등학교,무급가족종사자,취업,운수업,Y,2,3,20,44.5,56.0,0.0,105,45,140,290.0,3480.0,15.9,274.1,83,98,15,27,24,50,297,-22.9,91.4,158.3,35.8,35.2,1.075,메모-0785: 응답자가 조사표 작성 기준을 확인함
HH-2025-000786,2025,2,ED-0286,R04,인천광역시,동부,도시,ST-04-동,PSU-0283,2025-07-12,방문면접,완료,연립·다세대,무상,0,한부모,2,2인,여성,66,60대,4,고등학교,상용근로자,취업,금융·전문서비스,N,4,3,5,70.0,29.0,385,0.0,45,55,485.0,5820.0,50.9,434.1,73,10,0,31,43,38,195,239.1,217.1,307.0,2.3,41.9,1.44,"메모-0786: 생활비, 주거비 항목 재확인"
HH-2025-000787,2025,3,ED-0287,R10,강원특별자치도,읍부,농촌,ST-10-읍,PSU-0020,2025-08-18,전화,완료,아파트,자가,20,부부,2,2인,남성,40,40대,4,고등학교,상용근로자,취업,도소매·숙박,Y,4,4,5,37.0,41.0,280,0.0,55,55,390.0,4680.0,40.9,349.1,79,19,8,2,39,51,198,151.1,174.6,246.9,5.4,32.3,1.805,메모-0787: 가구원 수 변동 내용을 면접원이 확인
HH-2025-000788,2025,4,ED-0288,R02,부산광역시,동부,도시,ST-02-동,PSU-0057,2025-09-24,인터넷,완료,연립·다세대,자가,0,1인가구,1,1인,여성,50,50대,4,고등학교,임시·일용근로자,취업,정보통신,Y,3,3,30,38.0,44.5,220,0.0,5,90,315.0,3780.0,33.1,281.9,48,53,0,6,34,17,158,123.9,281.9,281.9,18.8,33.3,0.665,메모-0788: 소득 항목은 월평균 금액으로 응답
HH-2025-000789,2025,1,ED-0289,R15,경상북도,동부,도시,ST-15-동,PSU-0094,2025-05-04,전화,완료,연립·다세대,전세,0,1인가구,1,1인,남성,30,30대,6,대학원,임시·일용근로자,취업,건설업,Y,3,4,15,28.5,50.0,165,0.0,10,10,185.0,2220.0,10.2,174.8,50,95,0,11,29,44,229,-54.2,174.8,174.8,54.3,32.8,1.03,메모-0789: 온라인 조사 후 전화로 일부 항목 보완
HH-2025-000790,2025,2,ED-0290,R07,울산광역시,면부,농촌,ST-07-면,PSU-0131,2025-06-10,전화,완료,연립·다세대,자가,0,1인가구,1,1인,남성,65,70대 이상,4,고등학교,상용근로자,취업,운수업,N,3,3,5,19.0,33.0,410,0.0,5,20,435.0,5220.0,45.7,389.3,51,39,28,20,43,46,227,162.3,389.3,389.3,10.0,28.9,1.395,메모-0790: 교육비와 보건비 영수증을 참고해 응답
HH-2025-000791,2025,3,ED-0291,R03,대구광역시,동부,도시,ST-03-동,PSU-0168,2025-07-17,인터넷,완료,아파트,월세,18,부부,2,2인,남성,54,50대,4,고등학교,상용근로자,취업,도소매·숙박,Y,3,3,5,23.0,44.0,250,0.0,50,85,385.0,4620.0,40.4,344.6,78,122,8,2,46,55,311,33.6,172.3,243.7,35.4,30.1,1.76,메모-0791: 응답자가 조사표 작성 기준을 확인함
HH-2025-000792,2025,4,ED-0292,R16,경상남도,동부,도시,ST-16-동,PSU-0205,2025-08-23,인터넷,완료,아파트,자가,25,부부,2,2인,남성,55,50대,3,중학교,임시·일용근로자,취업,도소매·숙박,Y,5,3,20,71.0,44.5,100,0.0,30,65,195.0,2340.0,10.7,184.3,61,92,5,16,39,25,238,-53.7,92.2,130.3,49.9,45.4,0.62,"메모-0792: 생활비, 주거비 항목 재확인"
HH-2025-000793,2025,1,ED-0293,R01,서울특별시,동부,도시,ST-01-동,PSU-0242,2025-04-02,방문면접,완료,단독주택,보증부월세,0,1인가구,1,1인,남성,55,50대,4,고등학교,임시·일용근로자,취업,농림어업,Y,4,3,5,58.5,44.0,150,0.0,0,75,225.0,3900.0,12.4,212.6,63,97,2,2,31,34,229,-16.4,212.6,212.6,45.6,40.2,0.985,메모-0793: 가구원 수 변동 내용을 면접원이 확인
HH-2025-000794,2025,2,ED-0294,R15,경상북도,면부,농촌,ST-15-면,PSU-0279,2025-05-09,전화,완료,기타,자가,0,1인가구,1,1인,남성,68,60대,5,대학교,비경제활동,비경제활동,,N,4,4,20,,,0.0,0.0,35,25,60.0,720.0,3.3,56.7,51,61,0,18,29,33,192,-135.3,56.7,56.7,107.6,31.7,1.35,메모-0794: 소득 항목은 월평균 금액으로 응답
HH-2025-000795,2025,3,ED-0295,R12,충청남도,동부,도시,ST-12-동,PSU-0016,2025-06-15,인터넷,완료,아파트,자가,16,한부모,3,3~4인,남성,36,30대,5,대학교,상용근로자,취업,제조업,Y,5,3,25,33.5,47.5,345,0.0,40,65,450.0,5400.0,47.2,402.8,86,59,33,9,29,36,402,0.8,134.3,232.6,14.6,31.3,1.715,메모-0795: 온라인 조사 후 전화로 일부 항목 보완
HH-2025-000796,2025,4,ED-0296,R03,대구광역시,동부,도시,ST-03-동,PSU-0053,2025-07-22,전화,완료,아파트,자가,23,1인가구,1,1인,여성,23,20대 이하,5,대학교,학생,비경제활동,,Y,4,5,5,,,0.0,0.0,45,95,140.0,1680.0,7.7,132.3,69,55,21,2,14,25,186,-53.7,132.3,132.3,41.6,30.8,0.575,메모-0796: 교육비와 보건비 영수증을 참고해 응답
HH-2025-000797,2025,1,ED-0297,R01,서울특별시,동부,도시,ST-01-동,PSU-0090,2025-08-28,인터넷,완료,단독주택,월세,0,3세대,6,5인 이상,여성,53,50대,4,고등학교,실업자,실업,,Y,5,3,10,,,0.0,0.0,65,50,115.0,1380.0,6.3,108.7,162,104,81,19,23,47,436,-327.3,18.1,44.4,95.7,31.6,0.94,메모-0797: 응답자가 조사표 작성 기준을 확인함
HH-2025-000798,2025,2,ED-0298,R05,광주광역시,동부,도시,ST-05-동,PSU-0127,2025-04-07,전화,완료,아파트,전세,7,1인가구,1,1인,남성,40,40대,4,고등학교,상용근로자,취업,도소매·숙박,N,5,3,5,51.0,31.5,260,0.0,85,90,435.0,5220.0,45.7,389.3,51,39,0,11,41,28,170,219.3,389.3,389.3,10.0,35.5,1.305,"메모-0798: 생활비, 주거비 항목 재확인"
HH-2025-000799,2025,3,ED-0299,R01,서울특별시,동부,도시,ST-01-동,PSU-0164,2025-05-14,인터넷,완료,아파트,자가,14,1인가구,1,1인,여성,45,40대,3,중학교,비경제활동,비경제활동,,Y,4,3,5,,,0.0,0.0,30,75,155.0,1860.0,5.8,99.2,60,50,0,11,27,39,187,-87.8,99.2,99.2,50.4,31.2,1.67,메모-0799: 가구원 수 변동 내용을 면접원이 확인
HH-2025-000800,2025,4,ED-0300,R09,경기도,면부,농촌,ST-09-면,PSU-0201,2025-06-20,방문면접,완료,단독주택,자가,0,부부,2,2인,여성,35,30대,5,대학교,상용근로자,취업,공공·교육,Y,5,4,5,33.5,27.0,360,0.0,40,50,450.0,5400.0,47.2,402.8,72,47,3,23,34,47,226,176.8,201.4,284.8,11.7,31.0,0.53,메모-0800: 소득 항목은 월평균 금액으로 응답
HH-2025-000801,2025,1,ED-0301,R02,부산광역시,동부,도시,ST-02-동,PSU-0238,2025-07-27,방문면접,완료,아파트,자가,28,1인가구,1,1인,남성,51,50대,6,대학원,자영업자,실업,건설업,N,5,3,10,25.5,46.0,0.0,560,20,70,650.0,7800.0,110.5,539.5,46,20,0,15,27,8,116,423.5,539.5,539.5,3.7,27.7,0.895,메모-0801: 온라인 조사 후 전화로 일부 항목 보완
HH-2025-000802,2025,2,ED-0302,R09,경기도,동부,도시,ST-09-동,PSU-0275,2025-09-02,인터넷,완료,아파트,자가,5,1인가구,1,1인,여성,45,40대,5,대학교,비경제활동,비경제활동,,Y,4,3,5,,,0.0,0.0,35,5,40.0,480.0,2.2,37.8,53,70,0,8,20,33,184,-146.2,37.8,37.8,185.2,31.9,1.26,메모-0802: 교육비와 보건비 영수증을 참고해 응답
HH-2025-000803,2025,3,ED-0303,R09,경기도,동부,도시,ST-09-동,PSU-0012,2025-04-12,전화,완료,아파트,전세,12,부부+자녀,3,3~4인,남성,61,60대,6,무학,비경제활동,비경제활동,,Y,3,4,30,,,0.0,0.0,15,0,15.0,180.0,0.8,14.2,83,66,0,22,14,62,247,-232.8,4.7,8.2,484.8,32.3,1.625,메모-0803: 응답자가 조사표 작성 기준을 확인함
HH-2025-000804,2025,4,ED-0304,R13,전북특별자치도,동부,도시,ST-13-동,PSU-0049,2025-05-19,방문면접,완료,아파트,자가,19,부부+자녀,3,5인 이상,여성,55,50대,5,대학교,비경제활동,비경제활동,,N,5,4,10,,,0.0,0.0,45,5,50.0,600.0,2.8,47.2,94,49,0,16,15,42,216,-168.8,15.7,27.3,103.8,56.9,1.99,"메모-0804: 생활비, 주거비 항목 재확인"
HH-2025-000805,2025,1,ED-0305,R09,경기도,면부,농촌,ST-09-면,PSU-0086,2025-06-25,방문면접,완료,단독주택,자가,0,부부,2,2인,남성,28,20대 이하,6,대학원,자영업자,취업,공공·교육,Y,4,4,20,17.5,46.0,0.0,360,10,40,410.0,4920.0,43.0,367.0,92,28,0,5,42,48,215,152.0,183.5,259.5,7.6,28.9,0.85,메모-0805: 가구원 수 변동 내용을 면접원이 확인
HH-2025-000806,2025,2,ED-0306,R04,인천광역시,면부,농촌,ST-04-면,PSU-0123,2025-08-01,전화,완료,아파트,보증부월세,3,부부+자녀,5,5인 이상,남성,24,20대 이하,5,대학교,학생,비경제활동,,Y,5,3,5,,,0.0,0.0,65,5,70.0,840.0,3.9,66.1,143,89,0,6,10,47,295,-228.9,13.2,29.6,134.6,31.8,1.215,
HH-2025-000807,2025,3,ED-0307,R01,서울특별시,동부,도시,ST-01-동,PSU-0160,2025-09-07,인터넷,완료,아파트,자가,10,1인가구,1,1인,여성,32,30대,4,고등학교,상용근로자,취업,금융·전문서비스,Y,5,4,5,57.5,39.0,220,0.0,0,30,250.0,3000.0,13.8,236.2,52,30,2,10,35,25,154,82.2,236.2,236.2,12.7,39.4,1.58,메모-0807: 온라인 조사 후 전화로 일부 항목 보완
HH-2025-000808,2025,4,ED-0308,R09,경기도,읍부,농촌,ST-09-읍,PSU-0197,2025-04-17,방문면접,완료,아파트,자가,17,부부,2,2인,남성,77,70대 이상,4,고등학교,비경제활동,비경제활동,,N,3,3,5,,,0.0,0.0,35,45,80.0,960.0,4.4,75.6,75,34,0,45,30,36,220,-144.4,37.8,53.5,45.0,31.5,1.945,메모-0808: 교육비와 보건비 영수증을 참고해 응답
HH-2025-000809,2025,1,ED-0309,R12,충청남도,동부,도시,ST-12-동,PSU-0234,2025-05-24,방문면접,완료,아파트,자가,24,부부+자녀,3,3~4인,여성,82,70대 이상,2,초등학교,비경제활동,비경제활동,,N,1,2,5,,,0.0,0.0,30,145,175.0,2100.0,9.6,165.4,87,33,13,34,25,33,225,-59.6,55.1,95.5,20.0,30.5,0.805,메모-0809: 응답자가 조사표 작성 기준을 확인함
HH-2025-000810,2025,2,ED-0310,R01,서울특별시,동부,도시,ST-01-동,PSU-0271,2025-06-30,인터넷,완료,아파트,자가,1,부부,2,2인,남성,33,30대,6,대학원,자영업자,취업,건설업,Y,5,3,15,45.5,54.0,0.0,435,0,50,485.0,5820.0,50.9,434.1,75,43,3,10,40,45,216,218.1,217.1,307.0,9.9,33.4,1.17,"메모-0810: 생활비, 주거비 항목 재확인"
HH-2025-000811,2025,3,ED-0311,R01,서울특별시,동부,도시,ST-01-동,PSU-0008,2025-08-06,방문면접,완료,아파트,자가,8,1인가구,1,1인,여성,65,60대,4,고등학교,상용근로자,취업,제조업,N,3,3,5,40.5,31.0,445,0.0,45,45,535.0,6420.0,56.2,478.8,53,58,11,14,26,32,194,284.8,478.8,478.8,12.1,31.6,1.535,메모-0811: 가구원 수 변동 내용을 면접원이 확인
HH-2025-000812,2025,4,ED-0312,R01,서울특별시,동부,도시,ST-01-동,PSU-0045,2025-09-12,인터넷,완료,아파트,전세,15,1인가구,1,1인,여성,47,40대,4,고등학교,비경제활동,비경제활동,,Y,4,4,10,,,0.0,0.0,5,0,5.0,60.0,0.3,4.7,32,72,9,8,23,12,156,-151.3,4.7,4.7,1531.9,32.3,1.9,메모-0812: 소득 항목은 월평균 금액으로 응답
HH-2025-000813,2025,1,ED-0313,R15,경상북도,면부,농촌,ST-15-면,PSU-0082,2025-04-22,인터넷,완료,연립·다세대,자가,0,부부+자녀,4,3~4인,여성,18,20대 이하,5,대학교,학생,비경제활동,,Y,5,4,5,,,0.0,0.0,35,5,40.0,480.0,2.2,37.8,105,37,0,11,21,46,220,-182.2,9.4,18.9,97.9,32.0,0.76,메모-0813: 온라인 조사 후 전화로 일부 항목 보완
HH-2025-000814,2025,2,ED-0314,R09,경기도,동부,도시,ST-09-동,PSU-0119,2025-05-29,인터넷,완료,아파트,자가,29,부부,2,2인,여성,40,40대,5,대학교,비경제활동,비경제활동,,Y,5,4,5,,,0.0,0.0,0,125,125.0,1500.0,6.9,118.1,70,39,0,3,32,25,169,-50.9,59.0,83.5,33.0,30.9,1.125,메모-0814: 교육비와 보건비 영수증을 참고해 응답
HH-2025-000815,2025,3,ED-0315,R14,전라남도,면부,농촌,ST-14-면,PSU-0156,2025-07-05,방문면접,완료,오피스텔,보증부월세,0,기타,3,3~4인,여성,60,60대,4,고등학교,비경제활동,비경제활동,,Y,3,3,10,,,0.0,0.0,20,40,60.0,720.0,3.3,56.7,95,78,9,16,35,61,294,-237.3,18.9,32.7,137.6,31.9,1.49,메모-0815: 응답자가 조사표 작성 기준을 확인함
HH-2025-000816,2025,4,ED-0316,R15,경상북도,동부,도시,ST-15-동,PSU-0193,2025-08-11,전화,완료,아파트,보증부월세,13,1인가구,1,1인,남성,53,50대,6,대학원,자영업자,취업,건설업,N,5,4,10,38.5,34.5,0.0,405,10,55,470.0,5640.0,49.4,420.6,64,111,9,14,29,25,252,168.6,420.6,420.6,26.4,31.9,1.855,"메모-0816: 생활비, 주거비 항목 재확인"
HH-2025-000817,2025,1,ED-0317,R11,충청북도,읍부,농촌,ST-11-읍,PSU-0230,2025-09-17,인터넷,완료,단독주택,전세,0,기타,3,3~4인,여성,64,60대,4,고등학교,자영업자,취업,제조업,Y,4,3,20,24.0,42.5,0.0,310,90,100,500.0,6000.0,52.5,447.5,78,32,0,9,15,48,182,265.5,149.2,258.4,7.2,28.7,0.715,메모-0817: 가구원 수 변동 내용을 면접원이 확인
HH-2025-000818,2025,2,ED-0318,R01,서울특별시,동부,도시,ST-01-동,PSU-0267,2025-04-27,전화,완료,아파트,자가,27,부부,2,2인,남성,31,30대,4,고등학교,상용근로자,취업,기타서비스,Y,5,4,15,25.0,33.5,170,0.0,45,90,305.0,3660.0,32.0,273.0,68,62,0,19,21,21,191,82.0,136.5,193.0,22.7,31.0,1.08,메모-0818: 소득 항목은 월평균 금액으로 응답
HH-2025-000819,2025,3,ED-0319,R03,대구광역시,동부,도시,ST-03-동,PSU-0004,2025-06-03,인터넷,완료,아파트,자가,4,부부+자녀,4,3~4인,여성,38,30대,4,고등학교,자영업자,취업,도소매·숙박,Y,5,5,10,11.5,37.0,0.0,270,40,10,320.0,3840.0,33.6,286.4,100,42,26,6,33,43,250,36.4,71.6,143.2,14.7,29.5,1.445,메모-0819: 온라인 조사 후 전화로 일부 항목 보완
HH-2025-000820,2025,4,ED-0320,R06,대전광역시,동부,도시,ST-06-동,PSU-0041,2025-07-10,인터넷,완료,아파트,자가,11,1인가구,1,1인,여성,35,30대,5,대학교,상용근로자,취업,금융·전문서비스,Y,5,4,10,72.5,31.0,505,0.0,40,75,620.0,7440.0,105.4,514.6,48,58,0,6,39,37,188,326.6,514.6,514.6,11.3,42.0,1.81,메모-0820: 교육비와 보건비 영수증을 참고해 응답
HH-2025-000821,2025,1,ED-0321,R01,서울특별시,동부,도시,ST-01-동,PSU-0078,2025-08-16,방문면접,완료,아파트,자가,18,1인가구,1,1인,여성,72,70대 이상,4,고등학교,비경제활동,비경제활동,,N,1,2,5,,,0.0,0.0,60,75,135.0,1620.0,7.4,127.6,56,41,0,14,15,24,150,-22.4,127.6,127.6,32.1,30.8,0.67,메모-0821: 응답자가 조사표 작성 기준을 확인함
HH-2025-000822,2025,2,ED-0322,R04,인천광역시,동부,도시,ST-04-동,PSU-0115,2025-09-22,전화,완료,아파트,자가,25,부부+자녀,4,3~4인,남성,55,50대,3,중학교,상용근로자,취업,도소매·숙박,Y,4,4,10,30.0,29.5,265,0.0,10,70,345.0,4140.0,36.2,308.8,100,54,34,24,30,41,283,25.8,77.2,154.4,17.5,31.6,1.035,"메모-0822: 생활비, 주거비 항목 재확인"
HH-2025-000823,2025,3,ED-0323,R05,광주광역시,동부,도시,ST-05-동,PSU-0152,2025-05-02,인터넷,완료,단독주택,보증부월세,0,1인가구,1,1인,여성,57,50대,5,대학교,자영업자,취업,제조업,Y,4,4,20,52.5,45.5,0.0,575,5,45,625.0,7500.0,106.3,518.7,77,86,5,19,51,31,269,249.7,518.7,518.7,16.6,34.6,1.4,메모-0823: 가구원 수 변동 내용을 면접원이 확인
HH-2025-000824,2025,4,ED-0324,R12,충청남도,동부,도시,ST-12-동,PSU-0189,2025-06-08,방문면접,완료,단독주택,자가,0,부부+자녀,3,3~4인,여성,56,50대,4,고등학교,상용근로자,취업,도소매·숙박,N,4,3,10,29.0,34.5,360,0.0,0,40,400.0,4800.0,42.0,358.0,89,68,17,14,31,33,252,106.0,119.3,206.7,19.0,30.7,1.765,메모-0824: 소득 항목은 월평균 금액으로 응답
HH-2025-000825,2025,1,ED-0325,R16,경상남도,면부,농촌,ST-16-면,PSU-0226,2025-07-15,방문면접,완료,단독주택,전세,0,1인가구,1,1인,남성,26,20대 이하,4,고등학교,상용근로자,취업,금융·전문서비스,Y,5,5,20,5.0,35.0,310,0.0,60,70,440.0,5280.0,46.2,393.8,61,23,0,7,33,28,152,241.8,393.8,393.8,5.8,27.7,0.625,메모-0825: 온라인 조사 후 전화로 일부 항목 보완
HH-2025-000826,2025,2,ED-0326,R02,부산광역시,동부,도시,ST-02-동,PSU-0263,2025-08-21,전화,완료,단독주택,자가,0,부부,2,2인,여성,55,50대,5,대학교,임시·일용근로자,취업,제조업,Y,4,4,5,40.0,35.5,245,0.0,25,60,330.0,3960.0,34.6,295.4,90,44,0,26,11,37,208,162.4,147.7,208.9,14.9,33.7,0.99,메모-0826: 교육비와 보건비 영수증을 참고해 응답
HH-2025-000827,2025,3,ED-0327,R09,경기도,면부,농촌,ST-09-면,PSU-0300,2025-09-27,인터넷,완료,단독주택,자가,0,부부,2,2인,남성,53,50대,5,대학교,상용근로자,취업,기타서비스,Y,4,5,5,17.5,36.0,305,0.0,0,35,340.0,4080.0,35.7,304.3,65,22,0,23,31,36,177,127.3,152.2,215.2,7.2,29.6,1.355,메모-0827: 응답자가 조사표 작성 기준을 확인함
HH-2025-000828,2025,4,ED-0328,R09,경기도,동부,도시,ST-09-동,PSU-0037,2025-05-07,전화,완료,아파트,보증부월세,7,부부+자녀,4,3~4인,여성,67,60대,4,고등학교,상용근로자,취업,금융·전문서비스,Y,4,3,5,43.5,41.5,350,0.0,40,110,500.0,6000.0,52.5,447.5,109,91,33,18,47,51,349,98.5,111.9,223.8,20.3,33.0,1.72,"메모-0828: 생활비, 주거비 항목 재확인"
HH-2025-000829,2025,1,ED-0329,R02,부산광역시,동부,도시,ST-02-동,PSU-0074,2025-06-13,방문면접,완료,아파트,자가,14,부부+자녀,4,3~4인,남성,49,40대,3,중학교,상용근로자,취업,제조업,Y,4,3,25,28.0,38.5,295,0.0,30,35,360.0,4320.0,37.8,322.2,111,46,40,7,40,51,295,27.2,80.5,161.1,14.3,31.1,0.58,메모-0829: 가구원 수 변동 내용을 면접원이 확인
HH-2025-000830,2025,2,ED-0330,R15,경상북도,읍부,도시,ST-15-읍,PSU-0111,2025-07-20,인터넷,완료,단독주택,자가,0,부부,2,2인,여성,46,40대,3,중학교,임시·일용근로자,취업,보건·복지,Y,5,4,5,15.5,42.5,165,0.0,0,10,175.0,2100.0,9.6,165.4,56,43,4,6,32,32,173,-7.6,82.7,117.0,26.0,31.1,0.945,메모-0830: 소득 항목은 월평균 금액으로 응답
HH-2025-000831,2025,3,ED-0331,R04,인천광역시,동부,도시,ST-04-동,PSU-0148,2025-08-26,인터넷,완료,오피스텔,자가,0,부부+자녀,4,3~4인,남성,53,50대,5,대학교,상용근로자,취업,제조업,Y,5,3,15,45.0,38.0,565,0.0,15,10,590.0,7080.0,61.9,528.1,104,35,47,2,46,52,286,242.1,132.0,264.1,6.6,32.3,1.31,메모-0831: 온라인 조사 후 전화로 일부 항목 보완
HH-2025-000832,2025,4,ED-0332,R06,대전광역시,동부,도시,ST-06-동,PSU-0185,2025-04-05,방문면접,완료,연립·다세대,자가,0,부부+자녀,5,5인 이상,여성,72,70대 이상,4,고등학교,비경제활동,비경제활동,,N,3,3,20,,,0.0,0.0,70,0,70.0,840.0,3.9,66.1,163,45,11,49,23,55,346,-279.9,13.2,29.6,68.1,31.9,1.675,메모-0832: 교육비와 보건비 영수증을 참고해 응답
HH-2025-000833,2025,1,ED-0333,R09,경기도,동부,도시,ST-09-동,PSU-0222,2025-05-12,인터넷,완료,아파트,보증부월세,12,부부,2,2인,여성,67,60대,5,대학교,비경제활동,비경제활동,,Y,3,4,15,,,0.0,0.0,50,125,175.0,2100.0,9.6,165.4,74,88,0,5,9,46,222,-56.6,82.7,117.0,53.2,30.5,0.535,메모-0833: 응답자가 조사표 작성 기준을 확인함
HH-2025-000834,2025,2,ED-0334,R09,경기도,동부,도시,ST-09-동,PSU-0259,2025-06-18,방문면접,완료,아파트,보증부월세,19,부부+자녀,4,3~4인,여성,52,50대,5,대학교,상용근로자,취업,공공·교육,Y,4,2,45,71.5,43.5,340,0.0,50,30,420.0,5040.0,44.1,375.9,113,100,59,2,25,36,335,40.9,94.0,187.9,26.6,43.5,0.9,"메모-0834: 생활비, 주거비 항목 재확인"
HH-2025-000835,2025,3,ED-0335,R01,서울특별시,동부,도시,ST-01-동,PSU-0296,2025-07-25,전화,완료,아파트,전세,26,부부+자녀,3,3~4인,남성,37,30대,4,고등학교,상용근로자,취업,공공·교육,Y,5,4,10,53.5,30.0,400,0.0,50,55,505.0,6060.0,53.0,452.0,100,67,9,8,13,47,244,208.0,150.7,261.0,14.8,35.7,1.265,메모-0835: 가구원 수 변동 내용을 면접원이 확인
HH-2025-000836,2025,4,ED-0336,R10,강원특별자치도,읍부,농촌,ST-10-읍,PSU-0033,2025-08-31,인터넷,완료,연립·다세대,월세,0,부부+자녀,4,3~4인,여성,32,30대,5,대학교,임시·일용근로자,취업,제조업,Y,5,2,5,12.0,37.5,260,0.0,30,80,370.0,4440.0,38.9,331.1,98,68,23,25,47,46,307,24.1,82.8,165.6,20.5,29.1,1.63,메모-0836: 소득 항목은 월평균 금액으로 응답
HH-2025-000837,2025,1,ED-0337,R07,울산광역시,동부,도시,ST-07-동,PSU-0070,2025-04-10,인터넷,완료,아파트,자가,10,부부,2,2인,남성,38,30대,6,대학원,상용근로자,취업,제조업,Y,5,2,15,74.5,34.5,550,0.0,60,140,750.0,9000.0,127.5,622.5,63,59,25,2,28,38,215,407.5,311.2,440.2,9.5,41.6,1.995,
HH-2025-000838,2025,2,ED-0338,R01,서울특별시,동부,도시,ST-01-동,PSU-0107,2025-05-17,인터넷,완료,단독주택,보증부월세,0,부부+자녀,3,3~4인,여성,31,30대,4,고등학교,상용근로자,취업,공공·교육,Y,5,3,5,77.0,44.5,325,0.0,35,25,385.0,4620.0,40.4,344.6,71,75,15,13,34,42,250,94.6,114.9,199.0,21.8,46.2,0.855,메모-0838: 교육비와 보건비 영수증을 참고해 응답
HH-2025-000839,2025,3,ED-0339,R16,경상남도,동부,도시,ST-16-동,PSU-0144,2025-06-23,방문면접,완료,아파트,보증부월세,24,부부,2,2인,남성,58,50대,6,대학원,임시·일용근로자,취업,제조업,N,4,3,5,51.5,34.0,100,0.0,45,35,180.0,2160.0,9.9,170.1,80,112,0,6,30,15,243,-72.9,85.0,120.3,65.8,38.4,1.22,메모-0839: 응답자가 조사표 작성 기준을 확인함
HH-2025-000840,2025,4,ED-0340,R01,서울특별시,동부,도시,ST-01-동,PSU-0181,2025-07-30,전화,완료,아파트,자가,1,부부+자녀,4,3~4인,여성,47,40대,5,대학교,임시·일용근로자,취업,건설업,N,4,2,5,59.5,41.5,165,0.0,25,95,285.0,3420.0,15.7,269.3,94,75,26,2,30,58,285,-15.7,67.3,134.7,27.8,40.0,1.585,"메모-0840: 생활비, 주거비 항목 재확인"
HH-2025-000841,2025,1,ED-0341,R03,대구광역시,동부,도시,ST-03-동,PSU-0218,2025-09-05,인터넷,완료,아파트,자가,8,3세대,5,5인 이상,남성,18,20대 이하,4,고등학교,임시·일용근로자,취업,도소매·숙박,Y,4,4,10,39.5,36.5,35,0.0,65,85,185.0,2220.0,10.2,174.8,151,42,9,2,18,54,276,-101.2,35.0,78.2,24.0,35.1,1.95,메모-0841: 가구원 수 변동 내용을 면접원이 확인
HH-2025-000842,2025,2,ED-0342,R16,경상남도,면부,농촌,ST-16-면,PSU-0255,2025-04-15,인터넷,완료,단독주택,전세,0,1인가구,1,1인,여성,37,30대,5,대학교,상용근로자,취업,제조업,Y,5,4,15,36.5,42.5,545,0.0,65,105,715.0,8580.0,121.6,593.4,50,38,6,9,46,39,188,405.4,593.4,593.4,6.4,29.3,0.81,메모-0842: 소득 항목은 월평균 금액으로 응답
HH-2025-000843,2025,3,ED-0343,R01,서울특별시,동부,도시,ST-01-동,PSU-0292,2025-05-22,방문면접,완료,아파트,전세,22,1인가구,1,1인,남성,56,50대,5,대학교,자영업자,취업,공공·교육,Y,5,4,5,5.0,45.5,0.0,40,25,5,70.0,840.0,3.9,66.1,35,60,0,9,26,11,141,-74.9,66.1,66.1,90.8,31.6,1.175,메모-0843: 온라인 조사 후 전화로 일부 항목 보완
HH-2025-000844,2025,4,ED-0344,R15,경상북도,동부,도시,ST-15-동,PSU-0029,2025-06-28,인터넷,완료,연립·다세대,자가,0,부부+자녀,3,3~4인,여성,39,30대,6,대학원,실업자,실업,,Y,5,4,5,,,0.0,0.0,15,0,15.0,180.0,0.8,14.2,108,60,6,4,19,55,252,-237.8,4.7,8.2,422.5,32.3,1.54,메모-0844: 교육비와 보건비 영수증을 참고해 응답
HH-2025-000845,2025,1,ED-0345,R01,서울특별시,동부,도시,ST-01-동,PSU-0066,2025-08-04,전화,완료,아파트,전세,6,부부+자녀,4,3~4인,여성,60,60대,4,고등학교,무급가족종사자,취업,공공·교육,N,4,3,10,37.5,47.5,0.0,85,15,40,140.0,1680.0,7.7,132.3,112,64,26,22,28,62,314,-181.7,33.1,66.2,48.4,35.3,1.905,메모-0845: 응답자가 조사표 작성 기준을 확인함
HH-2025-000846,2025,2,ED-0346,R10,강원특별자치도,읍부,농촌,ST-10-읍,PSU-0103,2025-09-10,인터넷,대리응답,단독주택,보증부월세,0,1인가구,1,1인,여성,45,40대,4,고등학교,비경제활동,비경제활동,,Y,5,3,5,,,0.0,0.0,15,110,175.0,2100.0,6.9,118.1,42,78,0,2,32,13,167,-48.9,118.1,118.1,66.0,30.9,0.765,"메모-0846: 생활비, 주거비 항목 재확인"
HH-2025-000847,2025,3,ED-0347,R14,전라남도,동부,도시,ST-14-동,PSU-0140,2025-04-20,인터넷,완료,오피스텔,전세,0,부부,2,2인,남성,27,20대 이하,5,대학교,임시·일용근로자,취업,정보통신,Y,4,3,40,18.5,37.0,250,0.0,0,30,280.0,3360.0,15.4,264.6,77,43,0,19,29,45,213,51.6,132.3,187.1,16.3,30.3,1.13,메모-0847: 가구원 수 변동 내용을 면접원이 확인
HH-2025-000848,2025,4,ED-0348,R01,서울특별시,동부,도시,ST-01-동,PSU-0177,2025-05-27,인터넷,완료,아파트,자가,27,부부+자녀,3,3~4인,여성,52,50대,4,고등학교,상용근로자,취업,공공·교육,Y,5,4,15,60.5,33.5,665,0.0,20,30,715.0,8580.0,121.6,593.4,70,47,18,18,34,44,381,212.4,197.8,342.6,7.9,36.6,1.495,메모-0848: 소득 항목은 월평균 금액으로 응답
HH-2025-000849,2025,1,ED-0349,R16,경상남도,읍부,농촌,ST-16-읍,PSU-0214,2025-07-03,인터넷,완료,연립·다세대,보증부월세,0,부부,2,2인,남성,52,50대,4,고등학교,무급가족종사자,취업,금융·전문서비스,Y,4,3,10,55.5,41.5,0.0,85,20,70,175.0,2100.0,9.6,165.4,77,57,0,10,37,30,211,-45.6,82.7,117.0,34.5,39.7,1.86,메모-0849: 온라인 조사 후 전화로 일부 항목 보완
HH-2025-000850,2025,2,ED-0350,R09,경기도,면부,농촌,ST-09-면,PSU-0251,2025-08-09,인터넷,완료,단독주택,자가,0,3세대,6,5인 이상,남성,51,50대,4,고등학교,상용근로자,취업,정보통신,Y,5,3,5,25.0,43.0,230,0.0,60,45,335.0,4020.0,35.2,299.8,151,27,86,12,40,76,392,-92.2,50.0,122.4,9.0,31.1,0.72,메모-0850: 교육비와 보건비 영수증을 참고해 응답
HH-2025-000851,2025,3,ED-0351,R09,경기도,동부,도시,ST-09-동,PSU-0288,2025-09-15,인터넷,완료,아파트,자가,18,부부,2,2인,남성,47,40대,5,대학교,상용근로자,취업,운수업,Y,4,3,20,53.0,39.0,520,0.0,35,10,565.0,6780.0,59.3,505.7,76,24,2,29,35,43,209,296.7,252.8,357.6,4.7,34.8,1.085,메모-0851: 응답자가 조사표 작성 기준을 확인함
HH-2025-000852,2025,4,ED-0352,R04,광주광역시,동부,도시,ST-04-동,PSU-0025,2025-04-25,전화,완료,연립·다세대,자가,0,1인가구,1,1인,남성,62,60대,4,고등학교,비경제활동,비경제활동,,Y,3,4,5,,,0.0,0.0,25,75,100.0,1200.0,5.5,94.5,23,60,0,19,16,21,139,-44.5,94.5,344.5,63.5,31.1,1.45,"메모-0852: 생활비, 주거비 항목 재확인"
HH-2025-000853,2025,1,ED-0353,R13,전북특별자치도,면부,농촌,ST-13-면,PSU-0062,2025-06-01,인터넷,완료,단독주택,자가,0,부부+자녀,3,3~4인,여성,40,40대,4,고등학교,임시·일용근로자,취업,제조업,Y,3,3,10,24.0,44.5,195,0.0,15,20,230.0,2760.0,12.7,217.3,87,14,25,9,31,41,207,10.3,72.4,125.5,6.4,31.5,1.815,메모-0853: 가구원 수 변동 내용을 면접원이 확인
HH-2025-000854,2025,2,ED-0354,R09,경기도,동부,도시,ST-09-동,PSU-0099,2025-07-08,전화,완료,연립·다세대,전세,0,한부모,4,3~4인,남성,89,70대 이상,4,고등학교,비경제활동,비경제활동,,N,3,3,20,,,0.0,0.0,135,40,175.0,3300.0,9.6,165.4,126,79,0,40,17,57,319,-153.6,41.4,82.7,47.8,30.7,0.675,메모-0854: 소득 항목은 월평균 금액으로 응답
HH-2025-000855,2025,3,ED-0355,R02,부산광역시,동부,도시,ST-02-동,PSU-0136,2025-08-14,인터넷,완료,연립·다세대,자가,0,부부+자녀,4,3~4인,남성,55,50대,3,중학교,상용근로자,취업,공공·교육,Y,3,4,5,32.5,38.5,155,0.0,40,25,220.0,2640.0,12.1,207.9,114,65,43,25,30,50,327,-119.1,52.0,104.0,31.3,33.3,1.04,메모-0855: 온라인 조사 후 전화로 일부 항목 보완
HH-2025-000856,2025,4,ED-0356,R04,인천광역시,동부,도시,ST-04-동,PSU-0173,2025-09-20,인터넷,완료,연립·다세대,자가,0,1인가구,1,1인,여성,42,40대,3,중학교,상용근로자,취업,공공·교육,Y,4,5,15,14.5,44.5,240,0.0,10,10,260.0,3120.0,14.3,245.7,72,71,0,2,17,34,196,49.7,245.7,245.7,28.9,30.1,1.405,메모-0856: 교육비와 보건비 영수증을 참고해 응답
HH-2025-000857,2025,1,ED-0357,R09,경기도,동부,도시,ST-09-동,PSU-0210,2025-04-30,방문면접,부분응답,아파트,전세,30,한부모,2,2인,여성,57,50대,5,대학교,임시·일용근로자,취업,도소매·숙박,Y,4,3,5,49.5,34.5,35,0.0,20,10,65.0,780.0,3.6,61.4,80,56,0,14,28,34,212,-150.6,30.7,43.4,91.2,39.0,1.77,메모-0857: 응답자가 조사표 작성 기준을 확인함
HH-2025-000858,2025,2,ED-0358,R09,경기도,동부,도시,ST-09-동,PSU-0247,2025-06-06,전화,완료,아파트,자가,7,부부+자녀,4,3~4인,여성,68,60대,4,고등학교,상용근로자,취업,도소매·숙박,N,4,2,15,24.5,37.0,355,0.0,60,105,520.0,6240.0,54.6,465.4,108,66,4,23,33,58,292,173.4,116.3,232.7,14.2,28.8,0.63,"메모-0858: 생활비, 주거비 항목 재확인"
HH-2025-000859,2025,3,ED-0359,R09,경기도,동부,도시,ST-09-동,PSU-0284,2025-07-13,인터넷,완료,연립·다세대,자가,0,부부,2,2인,여성,56,50대,4,고등학교,상용근로자,취업,보건·복지,Y,3,3,5,59.5,52.0,320,0.0,0,50,370.0,4440.0,38.9,331.1,85,54,0,19,21,23,202,129.1,165.6,234.1,16.3,39.1,0.995,메모-0859: 가구원 수 변동 내용을 면접원이 확인
HH-2025-000860,2025,4,ED-0360,R02,부산광역시,면부,농촌,ST-02-면,PSU-0021,2025-08-19,방문면접,완료,아파트,자가,21,1인가구,1,1인,남성,65,60대,4,고등학교,비경제활동,비경제활동,,N,3,4,20,,,0.0,0.0,30,70,100.0,1200.0,5.5,94.5,77,25,2,31,18,27,180,-85.5,94.5,94.5,26.5,31.2,1.36,메모-0860: 소득 항목은 월평균 금액으로 응답
HH-2025-000861,2025,1,ED-0361,R09,경기도,동부,도시,ST-09-동,PSU-0058,2025-09-25,인터넷,완료,연립·다세대,보증부월세,0,부부,2,2인,남성,53,50대,6,대학원,임시·일용근로자,취업,공공·교육,Y,4,3,5,35.5,42.0,75,0.0,10,10,95.0,1140.0,5.2,89.8,66,120,7,10,34,35,272,-182.2,44.9,63.5,133.6,35.2,1.725,메모-0861: 온라인 조사 후 전화로 일부 항목 보완
HH-2025-000862,2025,2,ED-0362,R10,강원특별자치도,읍부,농촌,ST-10-읍,PSU-0095,2025-05-05,인터넷,완료,단독주택,보증부월세,0,부부,2,2인,여성,32,30대,4,고등학교,상용근로자,취업,도소매·숙박,Y,4,4,5,21.5,40.0,225,0.0,20,0,245.0,2940.0,13.5,231.5,66,69,0,8,42,35,220,11.5,115.8,163.7,29.8,31.0,0.585,메모-0862: 교육비와 보건비 영수증을 참고해 응답
HH-2025-000863,2025,3,ED-0363,R15,경상북도,동부,도시,ST-15-동,PSU-0132,2025-06-11,인터넷,완료,아파트,무상,12,1인가구,1,1인,여성,78,70대 이상,4,고등학교,비경제활동,비경제활동,,Y,4,5,40,,,0.0,0.0,35,105,140.0,1680.0,7.7,132.3,66,25,0,26,10,42,169,-36.7,132.3,132.3,18.9,30.8,0.95,메모-0863: 응답자가 조사표 작성 기준을 확인함
HH-2025-000864,2025,4,ED-0364,R01,서울특별시,동부,도시,ST-01-동,PSU-0169,2025-07-18,인터넷,완료,연립·다세대,월세,0,1인가구,1,1인,남성,55,50대,4,고등학교,상용근로자,취업,공공·교육,Y,3,4,5,33.5,50.5,325,0.0,0,140,465.0,5580.0,48.8,416.2,44,97,7,7,21,43,219,197.2,416.2,416.2,23.3,30.8,1.315,"메모-0864: 생활비, 주거비 항목 재확인"
HH-2025-000865,2025,1,ED-0365,R13,전북특별자치도,동부,도시,ST-13-동,PSU-0206,2025-08-24,방문면접,완료,연립·다세대,자가,0,3세대,5,5인 이상,남성,59,50대,6,대학원,상용근로자,취업,제조업,Y,5,4,10,20.0,48.0,560,0.0,30,15,605.0,7260.0,102.9,502.1,114,29,51,19,25,50,288,214.1,100.4,224.5,5.8,27.8,1.68,메모-0865: 가구원 수 변동 내용을 면접원이 확인
HH-2025-000866,2025,2,ED-0366,R01,서울특별시,동부,도시,ST-01-동,PSU-0243,2025-04-03,인터넷,완료,연립·다세대,전세,0,부부+자녀,4,3~4인,여성,27,20대 이하,5,대학교,상용근로자,취업,공공·교육,Y,3,4,5,35.0,33.0,380,0.0,50,5,435.0,5220.0,45.7,389.3,109,68,19,2,35,58,291,98.3,97.3,194.7,17.5,31.6,0.54,메모-0866: 소득 항목은 월평균 금액으로 응답
HH-2025-000867,2025,3,ED-0367,R04,인천광역시,동부,도시,ST-04-동,PSU-0280,2025-05-10,인터넷,완료,아파트,자가,10,1인가구,1,1인,남성,57,50대,4,고등학교,상용근로자,취업,건설업,Y,2,4,10,38.0,36.5,175,0.0,40,30,245.0,2940.0,13.5,231.5,48,45,14,14,30,15,166,65.5,231.5,231.5,19.4,33.9,0.905,메모-0867: 온라인 조사 후 전화로 일부 항목 보완
HH-2025-000868,2025,4,ED-0368,R09,경기도,면부,농촌,ST-09-면,PSU-0017,2025-06-16,방문면접,완료,연립·다세대,자가,0,부부+자녀,4,3~4인,여성,46,40대,3,중학교,자영업자,취업,도소매·숙박,Y,4,4,10,36.0,24.5,0.0,265,30,0,295.0,3540.0,16.2,278.8,109,20,52,12,29,73,295,-16.2,69.7,139.4,7.2,33.1,1.27,
HH-2025-000869,2025,1,ED-0369,R09,경기도,동부,도시,ST-09-동,PSU-0054,2025-07-23,인터넷,완료,아파트,자가,24,1인가구,1,1인,남성,19,30대,5,대학교,학생,비경제활동,,Y,5,4,20,,,0.0,0.0,0,30,30.0,360.0,1.6,28.4,85,42,12,11,16,26,192,-163.6,28.4,28.4,147.9,32.0,1.635,메모-0869: 응답자가 조사표 작성 기준을 확인함
HH-2025-000870,2025,2,ED-0370,R09,경기도,읍부,농촌,ST-09-읍,PSU-0091,2025-08-29,인터넷,완료,연립·다세대,보증부월세,0,부부+자녀,4,3~4인,남성,65,60대,2,초등학교,무급가족종사자,취업,도소매·숙박,Y,3,5,5,19.5,39.5,0.0,40,50,5,95.0,1140.0,5.2,89.8,109,97,2,36,36,55,335,-245.2,22.4,44.9,108.0,32.7,2.0,"메모-0870: 생활비, 주거비 항목 재확인"
HH-2025-000871,2025,3,ED-0371,R09,경기도,동부,도시,ST-09-동,PSU-0128,2025-04-08,전화,완료,연립·다세대,보증부월세,0,부부,2,3~4인,남성,53,50대,5,대학교,자영업자,취업,기타서비스,Y,4,3,10,41.0,65.0,0.0,340,30,0,370.0,4440.0,38.9,331.1,53,96,5,2,47,45,248,83.1,165.6,234.1,29.0,58.6,0.86,메모-0871: 가구원 수 변동 내용을 면접원이 확인
HH-2025-000872,2025,4,ED-0372,R09,경기도,면부,농촌,ST-09-면,PSU-0165,2025-05-15,인터넷,완료,아파트,전세,15,부부,2,2인,남성,40,40대,6,대학원,임시·일용근로자,취업,도소매·숙박,Y,5,4,15,31.0,36.0,220,0.0,30,50,300.0,3600.0,31.5,268.5,74,57,0,4,22,27,184,84.5,134.2,189.9,21.2,32.0,1.225,메모-0872: 소득 항목은 월평균 금액으로 응답
HH-2025-000873,2025,1,ED-0373,R15,경상북도,동부,도시,ST-15-동,PSU-0202,2025-06-21,인터넷,완료,오피스텔,자가,0,한부모,3,3~4인,남성,47,40대,5,대학교,자영업자,취업,도소매·숙박,Y,4,2,20,45.0,44.0,0.0,340,30,90,460.0,5520.0,48.3,411.7,95,61,26,12,22,33,249,162.7,137.2,237.7,14.8,33.6,1.59,메모-0873: 온라인 조사 후 전화로 일부 항목 보완
HH-2025-000874,2025,2,ED-0374,R09,경기도,동부,도시,ST-09-동,PSU-0239,2025-07-28,인터넷,완료,아파트,무상,29,부부+자녀,4,3~4인,남성,82,70대 이상,4,고등학교,비경제활동,비경제활동,,Y,1,4,15,,,0.0,0.0,75,30,105.0,1260.0,5.8,99.2,122,24,23,35,23,39,266,-166.8,24.8,49.6,24.2,31.3,1.955,메모-0874: 교육비와 보건비 영수증을 참고해 응답
HH-2025-000875,2025,3,ED-0375,R09,경기도,읍부,농촌,ST-09-읍,PSU-0276,2025-09-03,방문면접,완료,연립·다세대,전세,0,1인가구,1,1인,남성,67,60대,4,고등학교,비경제활동,비경제활동,,N,2,3,15,,,0.0,0.0,35,70,105.0,1260.0,5.8,99.2,58,54,0,32,19,44,207,-107.8,99.2,99.2,54.4,31.2,0.815,메모-0875: 응답자가 조사표 작성 기준을 확인함
HH-2025-000876,2025,4,ED-0376,R01,서울특별시,동부,도시,ST-01-동,PSU-0013,2025-04-13,인터넷,완료,아파트,자가,13,1인가구,1,1인,여성,56,50대,4,대학교,무급가족종사자,취업,공공·교육,Y,5,3,5,40.0,37.5,0.0,110,15,0,125.0,1500.0,6.9,118.1,31,45,10,23,40,19,168,-49.9,118.1,118.1,58.1,35.7,1.18,"메모-0876: 생활비, 주거비 항목 재확인"
HH-2025-000877,2025,1,ED-0377,R09,경기도,면부,농촌,ST-09-면,PSU-0050,2025-05-20,인터넷,완료,연립·다세대,자가,0,기타,2,2인,남성,82,70대 이상,4,고등학교,비경제활동,비경제활동,,Y,3,3,30,,,0.0,0.0,45,25,70.0,840.0,3.9,66.1,87,18,0,36,25,22,188,-121.9,33.0,46.7,27.2,31.6,1.545,메모-0877: 가구원 수 변동 내용을 면접원이 확인
HH-2025-000878,2025,2,ED-0378,R17,제주특별자치도,면부,농촌,ST-17-면,PSU-0087,2025-06-26,전화,완료,기타,보증부월세,0,부부+자녀,4,3~4인,여성,46,40대,5,대학교,상용근로자,취업,기타서비스,Y,5,4,15,32.0,43.5,360,0.0,40,10,410.0,4920.0,43.0,367.0,110,76,42,4,28,35,295,72.0,91.8,183.5,20.7,31.3,1.91,메모-0878: 소득 항목은 월평균 금액으로 응답
HH-2025-000879,2025,3,ED-0379,R01,서울특별시,동부,도시,ST-01-동,PSU-0124,2025-08-02,방문면접,완료,아파트,전세,4,부부+자녀,5,5인 이상,여성,45,40대,5,대학교,무급가족종사자,취업,농림어업,N,4,1,5,89.0,36.5,0.0,105,45,65,215.0,2580.0,11.8,203.2,144,89,73,15,31,45,397,-193.8,40.6,90.9,43.8,54.1,0.77,메모-0879: 온라인 조사 후 전화로 일부 항목 보완
HH-2025-000880,2025,4,ED-0380,R01,서울특별시,동부,도시,ST-01-동,PSU-0161,2025-09-08,인터넷,완료,단독주택,보증부월세,0,기타,6,5인 이상,여성,44,40대,3,중학교,상용근로자,취업,건설업,Y,5,4,10,40.0,42.5,200,0.0,50,0,250.0,3000.0,13.8,236.2,159,95,69,22,58,62,465,-228.8,39.4,96.4,40.2,34.9,1.135,메모-0880: 교육비와 보건비 영수증을 참고해 응답
HH-2025-000881,2025,1,ED-0381,R02,부산광역시,읍부,농촌,ST-02-읍,PSU-0198,2025-04-18,인터넷,완료,단독주택,자가,0,1인가구,1,1인,남성,70,70대 이상,5,대학교,자영업자,취업,제조업,Y,3,3,5,48.5,53.0,0.0,400,25,0,425.0,5100.0,44.6,380.4,85,29,0,31,24,37,206,174.4,380.4,380.4,7.6,34.9,1.5,메모-0881: 응답자가 조사표 작성 기준을 확인함
HH-2025-000882,2025,2,ED-0382,R15,경상북도,동부,도시,ST-15-동,PSU-0235,2025-05-25,인터넷,완료,아파트,월세,25,부부,2,2인,남성,46,40대,5,대학교,임시·일용근로자,취업,금융·전문서비스,Y,4,4,10,59.5,50.0,190,0.0,25,5,220.0,2640.0,12.1,207.9,101,84,0,2,30,29,246,-38.1,104.0,147.0,40.4,40.6,1.865,"메모-0882: 생활비, 주거비 항목 재확인"
HH-2025-000883,2025,3,ED-0383,R01,서울특별시,면부,농촌,ST-01-면,PSU-0272,2025-07-01,전화,완료,아파트,전세,2,부부,2,2인,여성,49,40대,4,고등학교,임시·일용근로자,취업,기타서비스,Y,4,4,10,40.0,47.0,150,0.0,45,85,280.0,3360.0,15.4,264.6,72,55,0,12,28,26,193,71.6,132.3,187.1,20.8,34.0,0.725,메모-0883: 가구원 수 변동 내용을 면접원이 확인
HH-2025-000884,2025,4,ED-0384,R16,경상남도,동부,도시,ST-16-동,PSU-0009,2025-08-07,인터넷,완료,아파트,자가,9,부부,2,2인,남성,36,30대,4,고등학교,상용근로자,취업,운수업,Y,5,3,15,47.0,47.5,405,0.0,20,85,510.0,6120.0,53.5,456.5,86,44,0,9,28,15,182,274.5,228.2,322.8,9.6,33.5,1.09,메모-0884: 소득 항목은 월평균 금액으로 응답
HH-2025-000885,2025,1,ED-0385,R02,부산광역시,동부,도시,ST-02-동,PSU-0046,2025-09-13,인터넷,완료,아파트,보증부월세,16,부부,2,2인,여성,70,70대 이상,4,고등학교,임시·일용근로자,취업,기타서비스,Y,3,3,15,35.5,39.5,210,0.0,35,145,390.0,4680.0,40.9,349.1,61,117,0,25,16,44,263,161.1,174.6,246.9,33.5,32.1,1.455,메모-0885: 온라인 조사 후 전화로 일부 항목 보완
HH-2025-000886,2025,2,ED-0386,R03,대구광역시,동부,도시,ST-03-동,PSU-0083,2025-04-23,인터넷,완료,아파트,전세,23,1인가구,1,1인,남성,44,40대,5,대학교,임시·일용근로자,취업,금융·전문서비스,Y,4,2,5,20.5,40.5,130,0.0,0,50,180.0,2160.0,9.9,170.1,77,53,0,2,38,22,192,-21.9,170.1,170.1,31.2,31.6,1.82,메모-0886: 교육비와 보건비 영수증을 참고해 응답
HH-2025-000887,2025,3,ED-0387,R01,서울특별시,동부,도시,ST-01-동,PSU-0120,2025-05-30,인터넷,완료,아파트,전세,30,1인가구,1,1인,여성,76,70대 이상,4,고등학교,비경제활동,비경제활동,,Y,3,3,25,,,0.0,0.0,40,45,85.0,1020.0,4.7,80.3,62,72,3,22,18,21,198,-117.7,80.3,80.3,89.7,31.4,0.68,메모-0887: 응답자가 조사표 작성 기준을 확인함
HH-2025-000888,2025,4,ED-0388,R01,서울특별시,동부,도시,ST-01-동,PSU-0157,2025-07-06,전화,완료,단독주택,전세,0,1인가구,1,1인,남성,19,20대 이하,5,대학교,학생,비경제활동,,Y,5,4,20,,,0.0,0.0,15,45,60.0,720.0,3.3,56.7,51,70,13,19,27,38,218,-161.3,56.7,56.7,123.5,31.8,1.045,"메모-0888: 생활비, 주거비 항목 재확인"
HH-2025-000889,2025,1,ED-0389,R05,광주광역시,읍부,농촌,ST-05-읍,PSU-0194,2025-08-12,인터넷,완료,단독주택,전세,0,1인가구,1,1인,남성,31,30대,4,고등학교,자영업자,취업,기타서비스,Y,5,4,10,49.5,39.0,0.0,40,0,120,160.0,1920.0,8.8,151.2,37,58,0,15,33,23,166,-14.8,151.2,151.2,38.4,37.9,1.41,메모-0889: 가구원 수 변동 내용을 면접원이 확인
HH-2025-000890,2025,2,ED-0390,R10,강원특별자치도,동부,도시,ST-10-동,PSU-0231,2025-09-18,인터넷,완료,아파트,보증부월세,21,부부,2,2인,남성,48,40대,4,고등학교,상용근로자,실업,도소매·숙박,Y,5,4,5,31.5,48.5,375,0.0,20,5,400.0,4800.0,42.0,358.0,81,100,9,4,42,37,273,85.0,179.0,253.1,27.9,31.2,1.775,메모-0890: 소득 항목은 월평균 금액으로 응답
HH-2025-000891,2025,3,ED-0391,R15,경상북도,동부,도시,ST-15-동,PSU-0268,2025-04-28,전화,완료,아파트,전세,28,1인가구,1,1인,남성,58,50대,3,중학교,실업자,실업,,N,5,3,5,,,0.0,0.0,15,135,150.0,1800.0,8.2,141.8,62,85,0,11,25,31,214,-72.2,141.8,141.8,59.9,30.7,0.635,메모-0891: 온라인 조사 후 전화로 일부 항목 보완
HH-2025-000892,2025,4,ED-0392,R04,인천광역시,동부,도시,ST-04-동,PSU-0005,2025-06-04,인터넷,완료,연립·다세대,자가,0,1인가구,1,1인,남성,50,50대,6,대학원,비경제활동,비경제활동,,Y,3,3,5,,,0.0,0.0,0,0,0.0,0.0,0.0,0.0,51,44,9,12,11,19,146,-146.0,0.0,0.0,4400.0,32.3,1.0,메모-0892: 교육비와 보건비 영수증을 참고해 응답
HH-2025-000893,2025,1,ED-0393,R09,경기도,동부,도시,ST-09-동,PSU-0042,2025-07-11,인터넷,완료,연립·다세대,보증부월세,0,부부,2,2인,여성,61,60대,5,대학교,비경제활동,비경제활동,,Y,2,3,20,,,0.0,0.0,15,45,110.0,1320.0,3.3,56.7,85,90,1,32,25,32,265,-208.3,28.4,40.1,158.7,31.8,1.365,메모-0893: 응답자가 조사표 작성 기준을 확인함
HH-2025-000894,2025,2,ED-0394,R01,서울특별시,동부,도시,ST-01-동,PSU-0079,2025-08-17,인터넷,대리응답,아파트,자가,19,1인가구,1,1인,여성,53,50대,3,중학교,상용근로자,취업,농림어업,Y,5,3,5,56.0,31.5,265,0.0,15,140,420.0,5040.0,44.1,375.9,36,64,3,19,26,25,173,202.9,375.9,375.9,17.0,37.2,1.73,"메모-0894: 생활비, 주거비 항목 재확인"
HH-2025-000895,2025,3,ED-0395,R01,서울특별시,동부,도시,ST-01-동,PSU-0116,2025-09-23,인터넷,부분응답,아파트,자가,26,1인가구,1,1인,여성,47,40대,6,대학원,상용근로자,취업,제조업,Y,4,3,15,15.0,42.0,365,0.0,0,45,410.0,4920.0,43.0,367.0,52,43,1,2,33,40,171,196.0,367.0,367.0,11.7,28.6,0.59,메모-0895: 가구원 수 변동 내용을 면접원이 확인
HH-2025-000896,2025,4,ED-0396,R03,대구광역시,동부,도시,ST-03-동,PSU-0153,2025-05-03,방문면접,완료,단독주택,자가,0,1인가구,1,1인,여성,38,30대,2,초등학교,비경제활동,비경제활동,,N,5,4,10,,,0.0,0.0,30,10,40.0,480.0,2.2,37.8,28,67,28,13,10,42,188,-150.2,37.8,37.8,177.2,31.9,0.955,메모-0896: 소득 항목은 월평균 금액으로 응답
HH-2025-000897,2025,1,ED-0397,R07,울산광역시,동부,도시,ST-07-동,PSU-0190,2025-06-09,인터넷,완료,아파트,자가,10,부부+자녀,4,3~4인,여성,84,70대 이상,2,초등학교,비경제활동,비경제활동,,Y,3,4,5,,,0.0,0.0,65,10,75.0,900.0,4.1,70.9,120,71,4,44,12,58,309,-238.1,17.7,35.5,100.1,31.8,1.32,메모-0897: 온라인 조사 후 전화로 일부 항목 보완
HH-2025-000898,2025,2,ED-0398,R13,전북특별자치도,동부,도시,ST-13-동,PSU-0227,2025-07-16,전화,완료,아파트,자가,17,한부모,4,3~4인,남성,66,60대,4,고등학교,임시·일용근로자,취업,제조업,Y,3,4,5,45.5,37.5,120,0.0,60,40,220.0,2640.0,12.1,207.9,112,47,0,27,26,34,246,-38.1,52.0,104.0,22.6,36.2,1.685,메모-0898: 교육비와 보건비 영수증을 참고해 응답
HH-2025-000899,2025,3,ED-0399,R01,서울특별시,동부,도시,ST-01-동,PSU-0264,2025-08-22,방문면접,대리응답,단독주택,자가,0,부부+자녀,3,3~4인,남성,49,40대,4,고등학교,임시·일용근로자,취업,농림어업,N,5,4,15,17.5,42.5,170,0.0,15,5,190.0,2280.0,10.4,179.6,103,48,16,29,22,52,270,-90.4,59.9,103.7,26.7,31.3,0.545,
HH-2025-000900,2025,4,ED-0400,R11,충청북도,동부,도시,ST-11-동,PSU-0001,2025-04-01,전화,완료,연립·다세대,보증부월세,0,부부+자녀,3,3~4인,남성,47,40대,4,고등학교,상용근로자,취업,도소매·숙박,Y,5,4,10,44.0,32.5,315,0.0,30,145,490.0,5880.0,51.4,438.6,101,54,20,4,32,50,261,177.6,146.2,253.2,12.3,33.1,0.91,"메모-0900: 생활비, 주거비 항목 재확인"
HH-2025-000901,2025,1,ED-0401,R01,서울특별시,동부,도시,ST-01-동,PSU-0038,2025-05-08,방문면접,완료,기타,전세,0,부부,2,2인,남성,29,20대 이하,4,고등학교,상용근로자,취업,운수업,Y,5,3,5,11.5,35.5,330,0.0,0,135,465.0,5580.0,48.8,416.2,94,84,0,17,27,40,412,4.2,208.1,294.3,20.2,28.2,1.275,메모-0001: 가구원 수 변동 내용을 면접원이 확인
HH-2025-000902,2025,2,ED-0402,R09,경기도,동부,도시,ST-09-동,PSU-0075,2025-06-14,방문면접,완료,아파트,자가,15,1인가구,1,1인,남성,34,30대,5,대학교,상용근로자,취업,기타서비스,Y,4,5,10,7.5,36.0,490,0.0,0,0,490.0,5880.0,51.4,438.6,45,53,0,21,38,31,188,250.6,438.6,438.6,12.1,27.3,1.64,메모-0002: 소득 항목은 월평균 금액으로 응답
HH-2025-000903,2025,3,ED-0403,R12,충청남도,읍부,농촌,ST-12-읍,PSU-0112,2025-07-21,전화,완료,단독주택,자가,0,1인가구,1,1인,남성,55,50대,6,대학원,자영업자,취업,기타서비스,Y,5,3,5,46.5,52.0,0.0,405,50,40,495.0,5940.0,52.0,443.0,84,61,4,14,39,23,225,218.0,443.0,443.0,13.8,33.6,0.5,메모-0003: 온라인 조사 후 전화로 일부 항목 보완
HH-2025-000904,2025,4,ED-0404,R09,경기도,동부,도시,ST-09-동,PSU-0149,2025-08-27,인터넷,완료,연립·다세대,전세,0,부부,2,2인,여성,62,60대,3,중학교,비경제활동,비경제활동,,Y,2,3,5,,,0.0,0.0,55,50,105.0,1260.0,5.8,99.2,58,61,17,18,27,35,216,-116.8,49.6,70.1,61.5,31.2,0.865,메모-0004: 교육비와 보건비 영수증을 참고해 응답
HH-2025-000905,2025,1,ED-0405,R09,경기도,동부,도시,ST-09-동,PSU-0186,2025-04-06,방문면접,부분응답,아파트,자가,6,부부+자녀,5,5인 이상,여성,88,70대 이상,4,고등학교,비경제활동,비경제활동,,N,1,2,10,,,0.0,0.0,90,30,120.0,1440.0,6.6,113.4,137,56,13,50,22,59,337,-223.6,22.7,50.7,49.4,31.3,1.23,메모-0005: 응답자가 조사표 작성 기준을 확인함
HH-2025-000906,2025,2,ED-0406,R15,경상북도,읍부,농촌,ST-15-읍,PSU-0223,2025-05-13,인터넷,완료,단독주택,보증부월세,0,한부모,3,3~4인,여성,77,70대 이상,3,중학교,비경제활동,비경제활동,,Y,3,3,15,,,0.0,0.0,80,75,155.0,1860.0,8.5,146.5,98,96,3,29,8,48,282,-135.5,48.8,84.6,65.5,30.8,1.595,"메모-0006: 생활비, 주거비 항목 재확인"
HH-2025-000907,2025,3,ED-0407,R06,대전광역시,동부,도시,ST-06-동,PSU-0260,2025-06-19,인터넷,완료,아파트,자가,20,부부,2,2인,여성,46,40대,5,대학교,상용근로자,취업,농림어업,Y,3,2,5,62.0,33.0,440,0.0,0,10,450.0,5400.0,47.2,402.8,97,94,0,4,34,28,257,145.8,201.4,284.8,23.3,39.2,1.96,메모-0007: 가구원 수 변동 내용을 면접원이 확인
HH-2025-000908,2025,4,ED-0408,R09,경기도,동부,도시,ST-09-동,PSU-0297,2025-07-26,방문면접,완료,아파트,자가,27,부부,2,2인,남성,54,50대,5,대학교,상용근로자,취업,공공·교육,N,4,3,5,39.0,34.0,285,0.0,85,0,370.0,4440.0,38.9,331.1,61,32,0,4,31,48,176,155.1,165.6,234.1,9.7,32.9,0.82,메모-0008: 소득 항목은 월평균 금액으로 응답
HH-2025-000909,2025,1,ED-0409,R09,경기도,읍부,농촌,ST-09-읍,PSU-0034,2025-09-01,전화,완료,연립·다세대,보증부월세,0,부부+자녀,5,5인 이상,남성,65,60대,3,중학교,자영업자,취업,건설업,Y,2,4,5,7.0,51.0,0.0,455,50,85,590.0,7080.0,61.9,528.1,127,65,8,33,46,52,331,197.1,105.6,236.2,12.3,26.5,1.185,메모-0009: 온라인 조사 후 전화로 일부 항목 보완
HH-2025-000910,2025,2,ED-0410,R02,부산광역시,동부,도시,ST-02-동,PSU-0071,2025-04-11,전화,완료,아파트,자가,11,부부,2,2인,남성,57,50대,4,고등학교,상용근로자,취업,운수업,Y,4,4,5,33.0,41.5,275,0.0,25,20,320.0,3840.0,33.6,286.4,80,64,26,23,31,28,252,34.4,143.2,202.5,22.3,32.3,1.55,메모-0010: 교육비와 보건비 영수증을 참고해 응답
HH-2025-000911,2025,3,ED-0411,R09,경기도,동부,도시,ST-09-동,PSU-0108,2025-05-18,전화,완료,아파트,자가,18,부부+자녀,3,3~4인,여성,43,40대,5,대학교,임시·일용근로자,취업,기타서비스,Y,4,2,10,35.5,33.0,185,0.0,20,100,305.0,3660.0,32.0,273.0,113,34,49,2,25,25,248,25.0,91.0,157.6,12.5,33.0,1.915,메모-0011: 응답자가 조사표 작성 기준을 확인함
HH-2025-000912,2025,4,ED-0412,R12,충청남도,동부,도시,ST-12-동,PSU-0145,2025-06-24,전화,완료,아파트,자가,25,부부,2,2인,남성,54,50대,4,고등학교,상용근로자,취업,제조업,Y,4,3,5,61.5,32.0,260,0.0,20,0,280.0,3360.0,15.4,264.6,91,63,0,5,24,23,206,58.6,132.3,187.1,23.8,40.6,0.775,"메모-0012: 생활비, 주거비 항목 재확인"
HH-2025-000913,2025,1,ED-0413,R01,서울특별시,동부,농촌,ST-01-동,PSU-0182,2025-07-31,전화,완료,아파트,자가,2,부부,2,2인,남성,19,20대 이하,5,대학교,임시·일용근로자,취업,제조업,Y,5,3,5,6.0,34.0,100,0.0,45,20,165.0,1980.0,9.1,155.9,79,61,0,2,40,47,229,-73.1,78.0,110.2,39.1,30.7,1.14,메모-0013: 가구원 수 변동 내용을 면접원이 확인
HH-2025-000914,2025,2,ED-0414,R01,서울특별시,동부,도시,ST-01-동,PSU-0219,2025-09-06,인터넷,완료,아파트,자가,9,1인가구,1,1인,남성,32,30대,5,대학교,상용근로자,취업,공공·교육,Y,5,3,10,66.5,43.5,305,0.0,60,0,365.0,4380.0,38.3,326.7,47,51,10,6,29,35,178,148.7,326.7,326.7,15.6,41.7,1.505,메모-0014: 소득 항목은 월평균 금액으로 응답
HH-2025-000915,2025,3,ED-0415,R09,경기도,동부,도시,ST-09-동,PSU-0256,2025-04-16,전화,완료,연립·다세대,자가,0,부부+자녀,4,3~4인,여성,57,50대,4,고등학교,상용근로자,취업,보건·복지,Y,3,3,25,21.0,41.5,275,0.0,5,60,340.0,5280.0,35.7,304.3,130,45,33,15,34,48,305,-0.7,76.1,152.2,14.8,30.3,1.87,메모-0015: 온라인 조사 후 전화로 일부 항목 보완
HH-2025-000916,2025,4,ED-0416,R10,강원특별자치도,면부,농촌,ST-10-면,PSU-0293,2025-05-23,인터넷,완료,아파트,보증부월세,23,부부,2,2인,남성,41,40대,5,대학교,상용근로자,취업,제조업,Y,5,4,10,19.0,41.0,425,0.0,20,30,475.0,5700.0,49.9,425.1,68,85,0,6,45,36,240,185.1,212.6,300.6,20.0,28.5,0.73,메모-0016: 교육비와 보건비 영수증을 참고해 응답
HH-2025-000917,2025,1,ED-0417,R09,경기도,동부,도시,ST-09-동,PSU-0030,2025-06-29,방문면접,완료,아파트,자가,30,부부+자녀,5,5인 이상,남성,46,40대,5,대학교,임시·일용근로자,취업,제조업,Y,3,3,5,28.5,42.5,120,0.0,30,85,235.0,2820.0,12.9,222.1,151,53,62,2,29,55,352,-129.9,44.4,99.3,23.9,32.5,1.095,메모-0017: 응답자가 조사표 작성 기준을 확인함
HH-2025-000918,2025,2,ED-0418,R10,강원특별자치도,동부,도시,ST-10-동,PSU-0067,2025-08-05,인터넷,완료,아파트,무상,7,3세대,5,5인 이상,여성,55,50대,4,고등학교,비경제활동,비경제활동,,Y,5,4,5,,,0.0,0.0,40,10,50.0,600.0,2.8,47.2,125,28,46,15,22,41,277,-229.8,9.4,21.1,59.3,32.0,1.46,"메모-0018: 생활비, 주거비 항목 재확인"
HH-2025-000919,2025,3,ED-0419,R17,제주특별자치도,동부,도시,ST-17-동,PSU-0104,2025-09-11,전화,완료,아파트,자가,14,1인가구,1,1인,남성,55,50대,2,초등학교,자영업자,취업,보건·복지,Y,4,4,5,43.0,49.0,0.0,235,55,15,305.0,3660.0,32.0,273.0,64,55,0,3,31,23,176,97.0,273.0,273.0,20.1,34.6,1.825,메모-0019: 가구원 수 변동 내용을 면접원이 확인
HH-2025-000920,2025,4,ED-0420,R15,경상북도,동부,도시,ST-15-동,PSU-0141,2025-04-21,인터넷,완료,아파트,전세,21,부부,2,2인,남성,74,70대 이상,3,중학교,비경제활동,비경제활동,,Y,3,3,5,,,0.0,0.0,30,65,95.0,1140.0,5.2,89.8,87,60,0,12,16,35,210,-120.2,44.9,63.5,66.8,31.3,0.685,메모-0020: 소득 항목은 월평균 금액으로 응답
HH-2025-000921,2025,1,ED-0421,R01,서울특별시,동부,도시,ST-01-동,PSU-0178,2025-05-28,전화,완료,아파트,자가,28,부부+자녀,4,3~4인,남성,65,60대,3,중학교,임시·일용근로자,취업,정보통신,Y,4,4,5,39.5,40.0,280,0.0,55,100,435.0,5220.0,45.7,389.3,125,47,8,23,32,46,281,108.3,97.3,194.7,12.1,32.6,1.05,메모-0021: 온라인 조사 후 전화로 일부 항목 보완
HH-2025-000922,2025,2,ED-0422,R07,울산광역시,동부,도시,ST-07-동,PSU-0215,2025-07-04,인터넷,완료,아파트,자가,5,1인가구,1,1인,남성,75,70대 이상,2,초등학교,비경제활동,비경제활동,,Y,4,4,30,,,0.0,0.0,85,110,195.0,2340.0,10.7,184.3,46,67,12,15,6,14,160,24.3,184.3,184.3,36.4,30.1,1.415,메모-0022: 교육비와 보건비 영수증을 참고해 응답
HH-2025-000923,2025,3,ED-0423,R16,제주특별자치도,읍부,농촌,ST-16-읍,PSU-0252,2025-08-10,인터넷,완료,연립·다세대,자가,0,1인가구,1,1인,남성,44,40대,5,대학교,임시·일용근로자,취업,보건·복지,Y,5,3,10,31.5,41.0,250,0.0,45,5,300.0,3600.0,31.5,268.5,62,52,0,2,40,37,193,75.5,268.5,518.5,19.4,32.1,1.78,메모-0023: 응답자가 조사표 작성 기준을 확인함
HH-2025-000924,2025,4,ED-0424,R01,서울특별시,동부,도시,ST-01-동,PSU-0289,2025-09-16,인터넷,완료,아파트,전세,19,부부+자녀,4,3~4인,남성,69,60대,5,대학교,비경제활동,비경제활동,,Y,2,3,15,,,0.0,0.0,60,0,60.0,720.0,3.3,56.7,107,70,8,10,16,70,281,-224.3,14.2,28.4,123.5,31.9,0.64,"메모-0024: 생활비, 주거비 항목 재확인"
HH-2025-000925,2025,1,ED-0425,R11,충청북도,면부,농촌,ST-11-면,PSU-0026,2025-04-26,인터넷,완료,기타,무상,0,부부,2,2인,여성,71,70대 이상,3,중학교,비경제활동,비경제활동,,Y,2,3,10,,,0.0,0.0,70,0,70.0,840.0,3.9,66.1,85,15,0,21,25,41,187,-120.9,33.0,46.7,22.7,31.6,1.005,메모-0025: 가구원 수 변동 내용을 면접원이 확인
HH-2025-000926,2025,2,ED-0426,R01,서울특별시,읍부,농촌,ST-01-읍,PSU-0063,2025-06-02,방문면접,완료,단독주택,자가,0,3세대,5,5인 이상,남성,65,60대,2,초등학교,자영업자,취업,금융·전문서비스,N,4,4,20,26.5,35.5,0.0,175,40,20,235.0,2820.0,12.9,222.1,141,22,3,17,42,47,272,-49.9,44.4,99.3,9.9,32.0,1.37,메모-0026: 소득 항목은 월평균 금액으로 응답
HH-2025-000927,2025,3,ED-0427,R04,인천광역시,동부,도시,ST-04-동,PSU-0100,2025-07-09,인터넷,완료,오피스텔,자가,0,한부모,4,3~4인,여성,51,50대,5,대학교,자영업자,취업,공공·교육,Y,4,3,5,46.5,40.5,0.0,335,55,130,520.0,6240.0,54.6,465.4,132,22,52,8,28,75,317,148.4,116.3,232.7,4.7,33.5,1.735,메모-0027: 온라인 조사 후 전화로 일부 항목 보완
HH-2025-000928,2025,4,ED-0428,R06,대전광역시,면부,농촌,ST-06-면,PSU-0137,2025-08-15,방문면접,완료,연립·다세대,자가,0,1인가구,1,1인,남성,74,70대 이상,5,대학교,비경제활동,비경제활동,,N,4,3,55,,,0.0,0.0,55,130,185.0,2220.0,10.2,174.8,42,44,1,17,20,36,160,14.8,174.8,174.8,25.2,30.2,0.595,메모-0028: 교육비와 보건비 영수증을 참고해 응답
HH-2025-000929,2025,1,ED-0429,R01,서울특별시,동부,도시,ST-01-동,PSU-0174,2025-09-21,방문면접,완료,아파트,자가,24,부부,2,2인,남성,55,50대,5,대학교,상용근로자,취업,기타서비스,Y,3,3,20,70.5,32.5,375,0.0,70,65,510.0,6120.0,53.5,456.5,70,47,8,2,23,68,218,238.5,228.2,322.8,10.3,41.9,0.96,메모-0029: 응답자가 조사표 작성 기준을 확인함
HH-2025-000930,2025,2,ED-0430,R09,경기도,면부,농촌,ST-09-면,PSU-0211,2025-05-01,전화,완료,단독주택,전세,0,1인가구,1,1인,남성,56,50대,4,고등학교,상용근로자,취업,제조업,N,4,4,10,28.5,38.5,180,0.0,45,0,225.0,2700.0,12.4,212.6,64,47,0,2,39,26,178,34.6,212.6,212.6,22.1,32.2,1.325,
HH-2025-000931,2025,3,ED-0431,R12,충청남도,동부,도시,ST-12-동,PSU-0248,2025-06-07,인터넷,완료,아파트,보증부월세,8,1인가구,1,1인,남성,61,60대,4,고등학교,실업자,실업,,Y,3,4,5,,,0.0,0.0,20,5,25.0,300.0,1.4,23.6,34,89,0,21,17,17,178,-154.4,23.6,23.6,377.1,32.1,1.69,메모-0031: 가구원 수 변동 내용을 면접원이 확인
HH-2025-000932,2025,4,ED-0432,R01,서울특별시,동부,도시,ST-01-동,PSU-0285,2025-07-14,인터넷,완료,아파트,전세,15,부부+자녀,4,3~4인,남성,60,60대,2,초등학교,자영업자,취업,기타서비스,N,5,2,10,50.5,53.0,0.0,40,70,85,195.0,2340.0,10.7,184.3,127,78,6,2,27,48,288,-103.7,46.1,92.2,42.3,38.0,0.55,메모-0032: 소득 항목은 월평균 금액으로 응답
HH-2025-000933,2025,1,ED-0433,R03,대구광역시,동부,도시,ST-03-동,PSU-0022,2025-08-20,인터넷,완료,아파트,자가,22,부부,2,2인,남성,40,40대,5,대학교,비경제활동,비경제활동,,Y,5,4,5,,,0.0,0.0,0,135,135.0,1620.0,7.4,127.6,87,52,16,13,20,31,219,-91.4,63.8,90.2,40.8,30.9,0.915,메모-0033: 온라인 조사 후 전화로 일부 항목 보완
HH-2025-000934,2025,2,ED-0434,R09,경기도,동부,도시,ST-09-동,PSU-0059,2025-09-26,인터넷,완료,연립·다세대,보증부월세,0,한부모,3,3~4인,여성,45,40대,5,대학교,상용근로자,취업,보건·복지,Y,4,4,5,33.0,37.5,455,0.0,25,120,600.0,7200.0,102.0,498.0,82,83,38,6,37,30,276,222.0,166.0,287.5,16.7,29.8,1.28,메모-0034: 교육비와 보건비 영수증을 참고해 응답
HH-2025-000935,2025,3,ED-0435,R04,인천광역시,면부,농촌,ST-04-면,PSU-0096,2025-05-06,인터넷,완료,아파트,전세,6,부부,2,2인,여성,64,60대,2,초등학교,상용근로자,취업,제조업,Y,2,4,10,20.0,34.0,475,0.0,30,20,525.0,6300.0,55.1,469.9,71,48,1,23,42,33,218,251.9,234.9,332.3,10.2,28.0,1.645,메모-0035: 응답자가 조사표 작성 기준을 확인함
HH-2025-000936,2025,4,ED-0436,R14,전라남도,읍부,농촌,ST-14-읍,PSU-0133,2025-06-12,전화,완료,연립·다세대,자가,0,한부모,3,3~4인,남성,49,40대,5,대학교,상용근로자,취업,금융·전문서비스,Y,4,4,10,42.5,44.0,320,0.0,10,35,365.0,4380.0,38.3,326.7,92,52,0,19,30,33,226,100.7,108.9,188.6,15.9,34.0,0.505,"메모-0036: 생활비, 주거비 항목 재확인"
HH-2025-000937,2025,1,ED-0437,R07,울산광역시,동부,도시,ST-07-동,PSU-0170,2025-07-19,인터넷,완료,아파트,자가,20,부부,2,2인,여성,64,60대,4,고등학교,상용근로자,취업,제조업,Y,3,4,25,26.5,48.0,390,0.0,25,35,450.0,5400.0,47.2,402.8,64,39,0,18,26,45,192,210.8,201.4,284.8,9.7,29.7,0.87,메모-0037: 가구원 수 변동 내용을 면접원이 확인
HH-2025-000938,2025,2,ED-0438,R09,경기도,동부,도시,ST-09-동,PSU-0207,2025-08-25,인터넷,완료,아파트,자가,27,부부,2,3~4인,남성,57,50대,4,고등학교,상용근로자,취업,운수업,Y,4,2,5,43.5,40.5,355,0.0,10,0,365.0,4380.0,38.3,326.7,54,26,0,36,52,30,198,128.7,163.3,231.0,8.0,59.2,1.235,메모-0038: 소득 항목은 월평균 금액으로 응답
HH-2025-000939,2025,3,ED-0439,R14,전라남도,동부,도시,ST-14-동,PSU-0244,2025-04-04,전화,완료,아파트,자가,4,부부,2,2인,여성,53,50대,4,고등학교,임시·일용근로자,취업,운수업,N,4,3,5,56.0,41.5,175,0.0,20,15,210.0,2520.0,11.6,198.4,86,49,5,13,27,30,210,-11.6,99.2,140.3,24.7,39.4,1.6,메모-0039: 온라인 조사 후 전화로 일부 항목 보완
HH-2025-000940,2025,4,ED-0440,R17,제주특별자치도,면부,농촌,ST-17-면,PSU-0281,2025-05-11,인터넷,완료,아파트,보증부월세,11,부부+자녀,4,3~4인,여성,43,40대,4,고등학교,상용근로자,취업,기타서비스,N,5,3,10,46.0,47.5,380,0.0,45,0,475.0,5700.0,44.6,380.4,102,93,34,15,44,64,352,28.4,95.1,190.2,24.4,34.5,1.965,메모-0040: 교육비와 보건비 영수증을 참고해 응답
HH-2025-000941,2025,1,ED-0441,R16,경상남도,동부,도시,ST-16-동,PSU-0018,2025-06-17,인터넷,완료,아파트,자가,18,부부,2,2인,여성,53,50대,5,대학교,상용근로자,취업,기타서비스,Y,3,4,5,21.0,41.0,480,0.0,0,30,510.0,6120.0,53.5,456.5,57,49,6,14,32,53,211,245.5,228.2,322.8,10.7,28.3,0.825,메모-0041: 응답자가 조사표 작성 기준을 확인함
HH-2025-000942,2025,2,ED-0442,R15,경상북도,동부,도시,ST-15-동,PSU-0055,2025-07-24,인터넷,완료,아파트,자가,25,부부+자녀,3,3~4인,여성,49,40대,5,대학교,자영업자,취업,제조업,Y,5,3,20,31.5,58.5,0.0,285,5,40,330.0,3960.0,34.6,295.4,107,54,0,7,29,52,249,46.4,98.5,170.5,18.3,31.9,1.19,"메모-0042: 생활비, 주거비 항목 재확인"
HH-2025-000943,2025,3,ED-0443,R01,서울특별시,동부,도시,ST-01-동,PSU-0092,2025-08-30,전화,완료,아파트,자가,2,1인가구,1,1인,남성,25,20대 이하,4,고등학교,실업자,실업,,Y,5,4,30,,,0.0,0.0,75,10,85.0,1020.0,4.7,80.3,48,49,0,13,12,9,131,-50.7,80.3,80.3,61.0,31.3,1.555,메모-0043: 가구원 수 변동 내용을 면접원이 확인
HH-2025-000944,2025,4,ED-0444,R09,경기도,읍부,농촌,ST-09-읍,PSU-0129,2025-04-09,인터넷,완료,오피스텔,보증부월세,0,부부+자녀,4,3~4인,남성,64,60대,4,고등학교,임시·일용근로자,취업,운수업,Y,3,3,5,23.5,55.0,75,0.0,15,0,90.0,1080.0,5.0,85.0,121,66,30,29,49,50,345,-185.0,21.2,42.5,77.6,33.3,1.92,메모-0044: 소득 항목은 월평균 금액으로 응답
HH-2025-000945,2025,1,ED-0445,R04,인천광역시,동부,도시,ST-04-동,PSU-0166,2025-05-16,인터넷,완료,아파트,무상,16,부부,2,2인,남성,49,40대,3,중학교,비경제활동,비경제활동,,Y,4,5,5,,,0.0,0.0,35,10,45.0,540.0,2.5,42.5,79,32,0,5,21,33,170,-127.5,21.2,30.1,75.3,31.8,0.78,메모-0045: 온라인 조사 후 전화로 일부 항목 보완
HH-2025-000946,2025,2,ED-0446,R01,서울특별시,동부,도시,ST-01-동,PSU-0203,2025-06-22,인터넷,완료,연립·다세대,자가,0,3세대,6,5인 이상,여성,58,50대,4,고등학교,임시·일용근로자,취업,제조업,Y,3,3,30,22.0,36.0,100,0.0,85,20,205.0,2460.0,11.3,193.7,137,94,86,10,28,49,404,-210.3,32.3,79.1,48.5,31.9,1.145,메모-0046: 교육비와 보건비 영수증을 참고해 응답
HH-2025-000947,2025,3,ED-0447,R01,서울특별시,동부,도시,ST-01-동,PSU-0240,2025-07-29,전화,완료,아파트,전세,30,부부+자녀,5,5인 이상,남성,65,60대,5,대학교,실업자,실업,,Y,4,4,15,,,0.0,0.0,30,0,30.0,360.0,1.6,28.4,125,62,8,36,11,70,312,-283.6,5.7,12.7,218.3,32.3,1.51,메모-0047: 응답자가 조사표 작성 기준을 확인함
HH-2025-000948,2025,4,ED-0448,R09,경기도,면부,농촌,ST-09-면,PSU-0277,2025-09-04,방문면접,완료,아파트,전세,7,부부,2,2인,여성,38,40대,4,고등학교,임시·일용근로자,취업,도소매·숙박,N,5,4,5,12.0,38.5,70,0.0,5,45,120.0,1440.0,6.6,113.4,69,60,3,2,37,45,216,-102.6,56.7,80.2,52.9,31.5,1.875,"메모-0048: 생활비, 주거비 항목 재확인"
HH-2025-000949,2025,1,ED-0449,R01,서울특별시,동부,도시,ST-01-동,PSU-0014,2025-04-14,인터넷,부분응답,단독주택,자가,0,1인가구,1,1인,여성,44,40대,6,무학,자영업자,취업,도소매·숙박,Y,4,2,40,59.0,41.5,0.0,380,25,100,505.0,6060.0,53.0,452.0,46,72,23,17,34,20,212,240.0,452.0,452.0,35.9,37.4,0.735,메모-0049: 가구원 수 변동 내용을 면접원이 확인
HH-2025-000950,2025,2,ED-0450,R01,서울특별시,동부,도시,ST-01-동,PSU-0051,2025-05-21,인터넷,완료,아파트,자가,21,1인가구,1,1인,여성,39,30대,5,대학교,비경제활동,비경제활동,,Y,4,5,5,,,0.0,0.0,30,95,125.0,1500.0,6.9,118.1,42,45,0,9,8,33,137,-18.9,118.1,118.1,38.1,30.9,1.1,메모-0050: 소득 항목은 월평균 금액으로 응답
HH-2025-000951,2025,3,ED-0451,R04,인천광역시,동부,도시,ST-04-동,PSU-0088,2025-06-27,인터넷,완료,아파트,자가,28,부부+자녀,3,3~4인,여성,85,70대 이상,4,고등학교,비경제활동,비경제활동,,Y,1,3,10,,,0.0,0.0,95,55,150.0,1800.0,8.2,141.8,102,72,0,33,20,46,273,-131.2,47.3,81.9,50.8,30.8,1.465,메모-0051: 온라인 조사 후 전화로 일부 항목 보완
HH-2025-000952,2025,4,ED-0452,R04,인천광역시,동부,도시,ST-04-동,PSU-0125,2025-08-03,방문면접,부분응답,단독주택,자가,0,1인가구,1,1인,남성,27,20대 이하,5,대학교,상용근로자,취업,농림어업,N,5,3,15,63.0,46.0,380,0.0,10,5,395.0,4740.0,41.5,353.5,68,42,0,2,30,32,174,179.5,353.5,353.5,11.9,40.0,1.83,메모-0052: 교육비와 보건비 영수증을 참고해 응답
HH-2025-000953,2025,1,ED-0453,R01,서울특별시,동부,도시,ST-01-동,PSU-0162,2025-09-09,인터넷,완료,연립·다세대,보증부월세,0,부부+자녀,3,3~4인,여성,24,20대 이하,4,고등학교,임시·일용근로자,취업,농림어업,Y,5,2,20,49.5,43.5,220,0.0,20,0,240.0,2880.0,13.2,226.8,77,55,11,2,41,32,218,8.8,75.6,130.9,24.3,37.1,0.69,메모-0053: 응답자가 조사표 작성 기준을 확인함
HH-2025-000954,2025,2,ED-0454,R07,울산광역시,동부,도시,ST-07-동,PSU-0199,2025-04-19,방문면접,완료,연립·다세대,보증부월세,0,부부,2,2인,남성,46,40대,5,대학교,상용근로자,취업,보건·복지,Y,3,4,25,73.5,32.0,480,0.0,35,10,525.0,6300.0,55.1,469.9,88,102,0,5,11,34,390,79.9,234.9,332.3,21.7,43.3,1.055,"메모-0054: 생활비, 주거비 항목 재확인"
HH-2025-000955,2025,3,ED-0455,R01,서울특별시,동부,도시,ST-01-동,PSU-0236,2025-05-26,인터넷,완료,아파트,자가,26,한부모,3,3~4인,남성,47,40대,5,대학교,무급가족종사자,취업,제조업,Y,4,1,10,60.0,57.5,0.0,85,15,85,185.0,2220.0,10.2,174.8,87,48,16,22,23,51,247,-72.2,58.3,100.9,27.5,41.2,1.42,메모-0055: 가구원 수 변동 내용을 면접원이 확인
HH-2025-000956,2025,4,ED-0456,R09,경기도,면부,농촌,ST-09-면,PSU-0273,2025-07-02,전화,완료,단독주택,자가,0,1인가구,1,1인,남성,63,60대,5,대학교,자영업자,취업,도소매·숙박,Y,3,3,10,34.0,41.0,0.0,475,10,40,525.0,6300.0,55.1,469.9,56,30,0,21,41,29,177,292.9,469.9,469.9,6.4,30.2,1.785,메모-0056: 소득 항목은 월평균 금액으로 응답
HH-2025-000957,2025,1,ED-0457,R09,경기도,읍부,농촌,ST-09-읍,PSU-0010,2025-08-08,방문면접,완료,단독주택,전세,0,부부,2,2인,여성,54,50대,5,대학교,상용근로자,취업,금융·전문서비스,Y,4,4,10,59.0,40.5,505,0.0,25,25,555.0,6660.0,58.3,496.7,90,34,16,5,30,36,211,285.7,248.3,351.2,6.8,36.9,0.645,메모-0057: 온라인 조사 후 전화로 일부 항목 보완
HH-2025-000958,2025,2,ED-0458,R01,서울특별시,동부,도시,ST-01-동,PSU-0047,2025-09-14,방문면접,완료,오피스텔,자가,0,부부+자녀,3,3~4인,여성,62,60대,4,고등학교,자영업자,취업,기타서비스,Y,3,3,5,60.5,54.5,0.0,230,55,20,305.0,3660.0,32.0,273.0,97,87,25,16,32,45,302,-29.0,91.0,157.6,31.9,40.3,1.01,메모-0058: 교육비와 보건비 영수증을 참고해 응답
HH-2025-000959,2025,3,ED-0459,R04,인천광역시,동부,도시,ST-04-동,PSU-0084,2025-04-24,전화,완료,오피스텔,자가,0,부부,2,2인,남성,31,30대,4,고등학교,자영업자,취업,농림어업,Y,4,3,10,59.5,54.5,0.0,195,5,35,235.0,2820.0,12.9,222.1,88,61,2,2,30,31,214,8.1,111.0,157.0,27.5,40.4,1.375,메모-0059: 응답자가 조사표 작성 기준을 확인함
HH-2025-000960,2025,4,ED-0460,R04,인천광역시,동부,도시,ST-04-동,PSU-0121,2025-05-31,방문면접,완료,오피스텔,자가,0,부부+자녀,4,3~4인,여성,42,40대,4,고등학교,상용근로자,취업,제조업,N,5,4,5,36.0,47.0,370,0.0,50,0,420.0,5040.0,44.1,375.9,106,36,57,12,37,37,285,90.9,94.0,187.9,9.6,31.9,1.74,"메모-0060: 생활비, 주거비 항목 재확인"
HH-2025-000961,2025,1,ED-0461,R01,서울특별시,동부,도시,ST-01-동,PSU-0158,2025-07-07,방문면접,완료,아파트,자가,8,1인가구,1,1인,여성,27,20대 이하,5,대학교,상용근로자,취업,도소매·숙박,Y,5,3,5,53.0,34.0,470,0.0,5,30,505.0,6060.0,53.0,452.0,37,61,0,9,42,29,178,274.0,452.0,452.0,13.5,35.4,0.6,
HH-2025-000962,2025,2,ED-0462,R04,인천광역시,동부,도시,ST-04-동,PSU-0195,2025-08-13,전화,완료,연립·다세대,월세,0,부부,2,2인,남성,39,30대,5,대학교,상용근로자,취업,도소매·숙박,Y,4,2,30,61.5,34.5,365,0.0,45,65,475.0,5700.0,49.9,425.1,76,92,5,18,32,46,269,156.1,212.6,300.6,21.6,38.8,0.965,메모-0062: 소득 항목은 월평균 금액으로 응답
HH-2025-000963,2025,3,ED-0463,R01,서울특별시,동부,도시,ST-01-동,PSU-0232,2025-09-19,인터넷,완료,아파트,자가,22,부부,2,2인,남성,46,40대,5,대학교,상용근로자,취업,제조업,Y,3,5,5,39.0,31.5,220,0.0,15,120,355.0,4260.0,37.3,317.7,70,33,0,16,38,27,184,133.7,158.8,224.6,10.4,33.1,1.33,메모-0063: 온라인 조사 후 전화로 일부 항목 보완
HH-2025-000964,2025,4,ED-0464,R01,서울특별시,면부,농촌,ST-01-면,PSU-0269,2025-04-29,인터넷,완료,연립·다세대,보증부월세,0,부부+자녀,4,3~4인,여성,37,30대,5,대학교,임시·일용근로자,취업,보건·복지,Y,5,3,10,43.0,44.5,175,0.0,35,35,245.0,2940.0,13.5,231.5,114,102,29,8,31,37,321,-89.5,57.9,115.8,44.1,35.4,1.695,메모-0064: 교육비와 보건비 영수증을 참고해 응답
HH-2025-000965,2025,1,ED-0465,R01,서울특별시,동부,도시,ST-01-동,PSU-0006,2025-06-05,전화,완료,아파트,보증부월세,6,부부,2,2인,여성,55,50대,4,고등학교,상용근로자,취업,보건·복지,Y,5,4,5,40.0,42.5,320,0.0,30,40,390.0,4680.0,40.9,349.1,74,90,17,2,28,27,238,111.1,174.6,246.9,25.8,33.1,0.555,메모-0065: 응답자가 조사표 작성 기준을 확인함
HH-2025-000966,2025,2,ED-0466,R09,경기도,읍부,농촌,ST-09-읍,PSU-0043,2025-07-12,전화,완료,단독주택,자가,0,부부+자녀,4,3~4인,여성,50,50대,2,초등학교,비경제활동,비경제활동,,Y,4,3,10,,,0.0,0.0,50,75,125.0,1500.0,6.9,118.1,126,23,43,9,11,50,262,-143.9,29.5,59.0,19.5,31.1,0.92,"메모-0066: 생활비, 주거비 항목 재확인"
HH-2025-000967,2025,3,ED-0467,R01,서울특별시,읍부,농촌,ST-01-읍,PSU-0080,2025-08-18,인터넷,완료,단독주택,자가,0,부부,2,2인,여성,45,40대,5,대학교,비경제활동,비경제활동,,Y,4,3,10,,,0.0,0.0,0,40,40.0,480.0,2.2,37.8,66,43,10,8,10,41,178,-140.2,18.9,26.7,113.8,31.9,1.285,메모-0067: 가구원 수 변동 내용을 면접원이 확인
HH-2025-000968,2025,4,ED-0468,R09,경기도,읍부,농촌,ST-09-읍,PSU-0117,2025-09-24,방문면접,완료,기타,자가,0,1인가구,1,1인,여성,44,40대,4,고등학교,임시·일용근로자,취업,건설업,Y,5,3,5,35.0,40.5,35,0.0,5,10,50.0,600.0,2.8,47.2,48,56,19,7,38,34,202,-154.8,47.2,47.2,118.6,35.5,1.65,메모-0068: 소득 항목은 월평균 금액으로 응답
HH-2025-000969,2025,1,ED-0469,R16,경상남도,동부,도시,ST-16-동,PSU-0154,2025-05-04,방문면접,완료,단독주택,무상,0,기타,3,3~4인,남성,67,60대,3,중학교,비경제활동,비경제활동,,Y,3,3,40,,,0.0,0.0,20,105,125.0,1500.0,6.9,118.1,72,56,0,33,12,38,211,-92.9,39.4,68.2,47.4,31.0,0.51,메모-0069: 온라인 조사 후 전화로 일부 항목 보완
HH-2025-000970,2025,2,ED-0470,R01,서울특별시,동부,도시,ST-01-동,PSU-0191,2025-06-10,인터넷,완료,아파트,전세,11,부부,2,2인,여성,34,30대,5,대학교,임시·일용근로자,취업,도소매·숙박,Y,5,3,25,62.0,30.5,175,0.0,40,10,225.0,2700.0,12.4,212.6,66,59,0,7,22,34,188,24.6,106.3,150.3,27.8,41.4,0.875,메모-0070: 교육비와 보건비 영수증을 참고해 응답
HH-2025-000971,2025,3,ED-0471,R01,서울특별시,동부,도시,ST-01-동,PSU-0228,2025-07-17,인터넷,완료,연립·다세대,자가,0,부부,2,2인,여성,57,50대,5,대학교,상용근로자,취업,공공·교육,Y,3,3,10,59.0,34.5,370,0.0,50,20,440.0,5280.0,46.2,393.8,70,44,0,21,31,42,208,185.8,196.9,278.5,11.2,38.1,1.24,메모-0071: 응답자가 조사표 작성 기준을 확인함
HH-2025-000972,2025,4,ED-0472,R02,부산광역시,동부,도시,ST-02-동,PSU-0265,2025-08-23,방문면접,완료,아파트,자가,25,부부,2,2인,여성,84,70대 이상,2,초등학교,비경제활동,비경제활동,,N,2,3,10,,,0.0,0.0,80,60,140.0,1680.0,7.7,132.3,46,67,0,44,3,23,183,-50.7,66.2,93.6,50.6,30.8,1.605,"메모-0072: 생활비, 주거비 항목 재확인"
HH-2025-000973,2025,1,ED-0473,R04,인천광역시,동부,도시,ST-04-동,PSU-0002,2025-04-02,인터넷,완료,아파트,전세,2,부부,2,2인,여성,71,70대 이상,2,초등학교,임시·일용근로자,취업,농림어업,Y,3,3,5,32.5,52.5,115,0.0,45,5,165.0,1980.0,9.1,155.9,64,74,9,20,37,23,227,-71.1,78.0,110.2,47.5,33.8,1.97,메모-0073: 가구원 수 변동 내용을 면접원이 확인
HH-2025-000974,2025,2,ED-0474,R06,대전광역시,동부,도시,ST-06-동,PSU-0039,2025-05-09,인터넷,대리응답,단독주택,자가,0,부부+자녀,3,3~4인,여성,58,50대,5,대학교,상용근로자,취업,금융·전문서비스,Y,3,4,5,36.0,43.5,345,0.0,0,75,420.0,5040.0,44.1,375.9,113,72,25,27,41,40,318,57.9,125.3,217.0,19.2,32.0,0.83,메모-0074: 소득 항목은 월평균 금액으로 응답
HH-2025-000975,2025,3,ED-0475,R09,경기도,동부,도시,ST-09-동,PSU-0076,2025-06-15,방문면접,부분응답,아파트,자가,16,한부모,2,2인,여성,62,60대,4,고등학교,자영업자,취업,보건·복지,Y,3,4,15,15.5,45.0,0.0,490,10,35,535.0,6420.0,56.2,478.8,71,46,0,19,38,27,201,277.8,239.4,338.6,9.6,27.4,1.195,메모-0075: 온라인 조사 후 전화로 일부 항목 보완
HH-2025-000976,2025,4,ED-0476,R03,대구광역시,면부,농촌,ST-03-면,PSU-0113,2025-07-22,전화,완료,오피스텔,자가,0,1인가구,1,1인,여성,70,70대 이상,1,무학,비경제활동,비경제활동,,N,3,2,10,,,0.0,0.0,30,25,55.0,1860.0,3.0,52.0,53,51,0,36,11,33,184,-132.0,52.0,52.0,98.1,31.7,1.56,메모-0076: 교육비와 보건비 영수증을 참고해 응답
HH-2025-000977,2025,1,ED-0477,R04,인천광역시,동부,도시,ST-04-동,PSU-0150,2025-08-28,인터넷,완료,아파트,보증부월세,30,부부,2,2인,남성,44,40대,5,대학교,상용근로자,취업,기타서비스,Y,4,4,10,26.0,50.0,450,0.0,0,110,560.0,6720.0,58.8,501.2,71,87,8,23,37,40,266,235.2,250.6,354.4,17.4,28.5,1.925,메모-0077: 응답자가 조사표 작성 기준을 확인함
HH-2025-000978,2025,2,ED-0478,R09,경기도,면부,농촌,ST-09-면,PSU-0187,2025-04-07,인터넷,완료,연립·다세대,자가,0,1인가구,1,1인,여성,30,30대,5,대학교,상용근로자,취업,보건·복지,Y,5,3,10,32.0,33.0,440,0.0,5,150,595.0,7140.0,62.5,532.5,54,54,0,9,38,19,174,358.5,532.5,532.5,10.1,29.0,0.785,"메모-0078: 생활비, 주거비 항목 재확인"
HH-2025-000979,2025,3,ED-0479,R01,서울특별시,동부,도시,ST-01-동,PSU-0224,2025-05-14,인터넷,완료,아파트,월세,14,부부,2,2인,남성,40,40대,5,대학교,상용근로자,실업,기타서비스,Y,5,3,5,48.5,41.5,505,0.0,50,50,605.0,7260.0,102.9,502.1,56,94,4,14,30,41,239,263.1,251.1,355.0,18.7,33.5,1.15,메모-0079: 가구원 수 변동 내용을 면접원이 확인
HH-2025-000980,2025,4,ED-0480,R01,서울특별시,동부,도시,ST-01-동,PSU-0261,2025-06-20,방문면접,완료,단독주택,자가,0,부부+자녀,4,3~4인,여성,69,60대,2,초등학교,비경제활동,비경제활동,,N,3,3,5,,,0.0,0.0,60,0,60.0,720.0,3.3,56.7,120,39,21,14,3,25,222,-165.3,14.2,28.4,68.8,31.8,1.515,메모-0080: 소득 항목은 월평균 금액으로 응답
HH-2025-000981,2025,1,ED-0481,R02,부산광역시,면부,농촌,ST-02-면,PSU-0298,2025-07-27,방문면접,완료,단독주택,자가,0,1인가구,1,1인,남성,55,50대,4,고등학교,임시·일용근로자,취업,도소매·숙박,Y,5,4,10,5.0,47.5,75,0.0,0,75,150.0,1800.0,8.2,141.8,59,8,5,11,33,37,153,-11.2,141.8,141.8,5.6,30.7,1.88,메모-0081: 온라인 조사 후 전화로 일부 항목 보완
HH-2025-000982,2025,2,ED-0482,R05,광주광역시,동부,도시,ST-05-동,PSU-0035,2025-09-02,전화,완료,연립·다세대,무상,0,한부모,2,2인,여성,50,50대,3,중학교,상용근로자,취업,도소매·숙박,Y,4,2,25,42.5,44.5,340,0.0,10,50,400.0,4800.0,42.0,358.0,71,56,0,2,24,36,189,169.0,179.0,253.1,15.6,33.5,0.74,메모-0082: 교육비와 보건비 영수증을 참고해 응답
HH-2025-000983,2025,3,ED-0483,R05,광주광역시,동부,도시,ST-05-동,PSU-0072,2025-04-12,전화,완료,오피스텔,자가,0,1인가구,1,1인,여성,26,20대 이하,5,대학교,임시·일용근로자,취업,공공·교육,Y,5,5,5,39.0,48.0,175,0.0,10,30,215.0,2580.0,11.8,203.2,34,57,2,8,42,35,178,25.2,203.2,203.2,28.1,34.5,1.105,메모-0083: 응답자가 조사표 작성 기준을 확인함
HH-2025-000984,2025,4,ED-0484,R01,서울특별시,동부,도시,ST-01-동,PSU-0109,2025-05-19,인터넷,완료,아파트,자가,19,부부+자녀,5,5인 이상,여성,46,40대,5,대학교,자영업자,취업,운수업,Y,5,4,5,28.5,62.0,0.0,135,45,10,190.0,2280.0,10.4,179.6,130,50,78,21,36,55,370,-190.4,35.9,80.3,27.8,33.0,1.47,"메모-0084: 생활비, 주거비 항목 재확인"
HH-2025-000985,2025,1,ED-0485,R09,경기도,동부,도시,ST-09-동,PSU-0146,2025-06-25,인터넷,완료,아파트,전세,26,3세대,5,5인 이상,여성,25,20대 이하,5,대학교,비경제활동,비경제활동,,Y,5,4,5,,,0.0,0.0,30,70,100.0,1200.0,5.5,94.5,134,70,26,2,15,68,315,-220.5,18.9,42.3,74.1,31.5,1.835,메모-0085: 가구원 수 변동 내용을 면접원이 확인
HH-2025-000986,2025,2,ED-0486,R09,경기도,면부,농촌,ST-09-면,PSU-0183,2025-08-01,전화,대리응답,연립·다세대,자가,0,부부+자녀,4,3~4인,남성,40,40대,5,대학교,임시·일용근로자,취업,금융·전문서비스,N,5,3,5,21.0,52.0,145,0.0,40,35,220.0,2640.0,12.1,207.9,121,30,45,2,46,53,297,-89.1,52.0,104.0,14.4,31.4,0.695,메모-0086: 소득 항목은 월평균 금액으로 응답
HH-2025-000987,2025,3,ED-0487,R09,경기도,동부,도시,ST-09-동,PSU-0220,2025-09-07,방문면접,완료,아파트,자가,10,부부+자녀,4,3~4인,남성,66,60대,1,무학,임시·일용근로자,취업,공공·교육,N,3,3,5,42.0,42.0,60,0.0,50,35,195.0,2340.0,8.0,137.0,117,27,0,17,38,49,248,-111.0,34.2,68.5,19.7,36.1,1.06,메모-0087: 온라인 조사 후 전화로 일부 항목 보완
HH-2025-000988,2025,4,ED-0488,R10,강원특별자치도,동부,도시,ST-10-동,PSU-0257,2025-04-17,전화,완료,기타,전세,0,1인가구,1,1인,남성,78,70대 이상,1,무학,비경제활동,비경제활동,,N,3,3,10,,,0.0,0.0,40,5,45.0,540.0,2.5,42.5,74,65,0,21,15,27,202,-159.5,42.5,42.5,152.9,31.9,1.425,메모-0088: 교육비와 보건비 영수증을 참고해 응답
HH-2025-000989,2025,1,ED-0489,R10,강원특별자치도,동부,도시,ST-10-동,PSU-0294,2025-05-24,인터넷,완료,아파트,전세,24,1인가구,1,1인,남성,34,30대,5,대학교,상용근로자,취업,금융·전문서비스,Y,5,3,15,57.5,45.0,550,0.0,35,110,695.0,8340.0,118.2,576.8,66,72,6,14,19,31,208,368.8,576.8,576.8,12.5,35.4,1.79,메모-0089: 응답자가 조사표 작성 기준을 확인함
HH-2025-000990,2025,2,ED-0490,R16,경상남도,읍부,농촌,ST-16-읍,PSU-0031,2025-06-30,전화,완료,아파트,자가,1,1인가구,1,1인,남성,42,40대,5,대학교,실업자,실업,,Y,5,3,20,,,0.0,0.0,35,15,50.0,600.0,2.8,47.2,57,31,16,11,3,35,153,-105.8,47.2,47.2,65.7,31.7,0.65,"메모-0090: 생활비, 주거비 항목 재확인"
HH-2025-000991,2025,3,ED-0491,R01,서울특별시,동부,도시,ST-01-동,PSU-0068,2025-08-06,인터넷,완료,연립·다세대,월세,0,부부,2,2인,여성,50,50대,5,대학교,임시·일용근로자,취업,도소매·숙박,Y,5,5,20,21.0,44.5,90,0.0,40,10,140.0,1680.0,7.7,132.3,75,99,7,11,28,44,264,-131.7,66.2,93.6,74.8,32.3,1.015,메모-0091: 가구원 수 변동 내용을 면접원이 확인
HH-2025-000992,2025,4,ED-0492,R09,경기도,동부,도시,ST-09-동,PSU-0105,2025-09-12,방문면접,완료,아파트,자가,15,부부,2,2인,남성,51,50대,5,대학교,임시·일용근로자,취업,금융·전문서비스,Y,4,3,25,73.0,33.5,165,0.0,30,15,210.0,2520.0,11.6,198.4,97,45,0,13,33,47,235,-36.6,99.2,140.3,22.7,46.1,1.38,
HH-2025-000993,2025,1,ED-0493,R03,대구광역시,동부,도시,ST-03-동,PSU-0142,2025-04-22,인터넷,완료,연립·다세대,자가,0,1인가구,1,1인,남성,18,20대 이하,6,대학원,비경제활동,비경제활동,,Y,4,4,15,,,0.0,0.0,15,55,70.0,840.0,3.9,66.1,50,67,6,2,18,33,176,-109.9,66.1,66.1,101.4,31.6,1.745,메모-0093: 온라인 조사 후 전화로 일부 항목 보완
HH-2025-000994,2025,2,ED-0494,R09,강원특별자치도,면부,농촌,ST-09-면,PSU-0179,2025-05-29,인터넷,완료,아파트,보증부월세,29,기타,5,5인 이상,남성,59,50대,5,대학교,임시·일용근로자,취업,도소매·숙박,Y,3,5,5,27.5,36.5,230,0.0,45,25,300.0,3600.0,31.5,268.5,146,95,85,2,31,68,427,-158.5,53.7,370.1,35.4,31.9,0.605,메모-0094: 교육비와 보건비 영수증을 참고해 응답
HH-2025-000995,2025,3,ED-0495,R07,울산광역시,동부,도시,ST-07-동,PSU-0216,2025-07-05,인터넷,완료,아파트,자가,6,한부모,3,3~4인,여성,89,70대 이상,4,고등학교,비경제활동,비경제활동,,Y,2,4,15,,,0.0,0.0,105,80,185.0,2220.0,10.2,174.8,95,47,4,37,10,53,246,-71.2,58.3,100.9,26.9,30.4,0.97,메모-0095: 응답자가 조사표 작성 기준을 확인함
HH-2025-000996,2025,4,ED-0496,R11,충청북도,면부,도시,ST-11-면,PSU-0253,2025-08-11,인터넷,완료,단독주택,자가,0,부부,2,2인,남성,53,50대,6,대학원,상용근로자,취업,금융·전문서비스,Y,3,5,5,19.0,47.5,385,0.0,40,40,465.0,5580.0,48.8,416.2,51,8,0,14,32,47,152,264.2,208.1,294.3,1.9,28.4,1.335,"메모-0096: 생활비, 주거비 항목 재확인"
HH-2025-000997,2025,1,ED-0497,R15,경상북도,동부,도시,ST-15-동,PSU-0290,2025-09-17,방문면접,완료,단독주택,전세,0,3세대,4,3~4인,남성,58,50대,3,중학교,상용근로자,취업,제조업,N,4,3,5,53.5,45.5,280,0.0,45,30,355.0,4260.0,37.3,317.7,105,69,20,16,34,58,302,15.7,79.4,158.8,21.7,37.4,1.7,메모-0097: 가구원 수 변동 내용을 면접원이 확인
HH-2025-000998,2025,2,ED-0498,R15,경상북도,면부,농촌,ST-15-면,PSU-0027,2025-04-27,인터넷,완료,단독주택,자가,0,1인가구,1,1인,여성,67,60대,4,고등학교,무급가족종사자,취업,기타서비스,Y,3,3,25,64.5,39.5,0.0,85,30,20,135.0,1620.0,7.4,127.6,56,33,0,18,42,13,162,-34.4,127.6,127.6,25.9,43.3,0.56,메모-0098: 소득 항목은 월평균 금액으로 응답
HH-2025-000999,2025,3,ED-0499,R15,경상북도,동부,도시,ST-15-동,PSU-0064,2025-06-03,인터넷,완료,아파트,전세,4,부부+자녀,3,3~4인,남성,31,30대,5,대학교,실업자,실업,,Y,5,4,5,,,0.0,0.0,10,5,15.0,180.0,0.8,14.2,109,81,22,2,6,37,257,-242.8,4.7,8.2,570.4,32.3,0.925,메모-0099: 온라인 조사 후 전화로 일부 항목 보완
HH-2025-001000,2025,4,ED-0500,R14,전라남도,읍부,농촌,ST-14-읍,PSU-0101,2025-07-10,인터넷,완료,아파트,자가,11,부부+자녀,3,3~4인,남성,43,40대,4,고등학교,상용근로자,취업,건설업,Y,3,4,5,52.5,46.0,285,0.0,25,95,405.0,4860.0,42.5,362.5,105,20,8,9,22,36,200,162.5,120.8,209.3,5.5,36.3,1.29,메모-0100: 교육비와 보건비 영수증을 참고해 응답
HH-2025-001001,2025,1,ED-0001,R13,전북특별자치도,동부,도시,ST-13-동,PSU-0138,2025-08-16,인터넷,완료,연립·다세대,전세,0,1인가구,1,1인,여성,18,20대 이하,4,고등학교,비경제활동,비경제활동,,Y,5,4,10,,,0.0,0.0,25,40,65.0,780.0,3.6,61.4,42,76,0,15,27,37,197,-135.6,61.4,61.4,123.8,31.7,1.655,메모-0101: 응답자가 조사표 작성 기준을 확인함
HH-2025-001002,2025,2,ED-0002,R15,경상북도,동부,도시,ST-15-동,PSU-0175,2025-09-22,인터넷,완료,연립·다세대,월세,0,한부모,3,3~4인,여성,53,50대,5,대학교,임시·일용근로자,취업,건설업,Y,4,4,45,15.0,37.0,60,0.0,60,25,145.0,1740.0,8.0,137.0,69,102,2,5,33,49,260,-123.0,45.7,79.1,74.5,31.6,0.515,"메모-0102: 생활비, 주거비 항목 재확인"
HH-2025-001003,2025,3,ED-0003,R10,강원특별자치도,동부,도시,ST-10-동,PSU-0212,2025-05-02,인터넷,완료,오피스텔,자가,0,3세대,6,5인 이상,여성,23,20대 이하,5,대학교,실업자,실업,,Y,4,4,5,,,0.0,0.0,45,45,90.0,1080.0,5.0,85.0,162,56,28,3,26,84,359,-199.0,14.2,34.7,65.9,31.7,0.88,메모-0103: 가구원 수 변동 내용을 면접원이 확인
HH-2025-001004,2025,4,ED-0004,R11,충청북도,동부,도시,ST-11-동,PSU-0249,2025-06-08,인터넷,완료,아파트,무상,9,한부모,3,3~4인,여성,47,40대,4,고등학교,비경제활동,비경제활동,,Y,3,4,5,,,0.0,0.0,10,20,30.0,360.0,1.6,28.4,96,35,18,2,19,32,202,-173.6,9.5,16.4,123.2,32.1,1.245,메모-0104: 소득 항목은 월평균 금액으로 응답
HH-2025-001005,2025,1,ED-0005,R02,부산광역시,동부,도시,ST-02-동,PSU-0286,2025-07-15,방문면접,완료,아파트,보증부월세,16,부부+자녀,4,5인 이상,여성,65,60대,2,초등학교,상용근로자,취업,공공·교육,N,3,2,5,31.5,27.5,275,0.0,40,30,345.0,4140.0,36.2,308.8,115,73,18,24,31,47,308,0.8,77.2,154.4,23.6,56.9,1.61,메모-0105: 온라인 조사 후 전화로 일부 항목 보완
HH-2025-001006,2025,2,ED-0006,R05,광주광역시,면부,농촌,ST-05-면,PSU-0023,2025-08-21,인터넷,완료,단독주택,자가,0,부부,2,2인,남성,34,30대,4,고등학교,상용근로자,취업,제조업,Y,5,3,5,27.5,43.0,380,0.0,0,15,395.0,4740.0,41.5,353.5,66,52,0,21,42,11,192,161.5,176.8,250.0,14.7,30.4,1.975,메모-0106: 교육비와 보건비 영수증을 참고해 응답
HH-2025-001007,2025,3,ED-0007,R09,경기도,동부,도시,ST-09-동,PSU-0060,2025-09-27,전화,완료,아파트,자가,30,3세대,4,3~4인,남성,58,50대,4,고등학교,자영업자,취업,공공·교육,Y,3,3,5,50.5,32.0,0.0,475,50,45,570.0,6840.0,59.8,510.2,105,86,34,3,22,47,447,63.2,127.5,255.1,16.9,34.4,0.835,메모-0107: 응답자가 조사표 작성 기준을 확인함
HH-2025-001008,2025,4,ED-0008,R09,경기도,동부,도시,ST-09-동,PSU-0097,2025-05-07,인터넷,완료,아파트,자가,7,부부,2,2인,남성,49,40대,5,대학교,상용근로자,취업,도소매·숙박,Y,5,2,5,56.5,33.0,315,0.0,0,20,335.0,4020.0,35.2,299.8,80,43,4,2,32,23,184,115.8,149.9,212.0,14.3,38.3,1.2,"메모-0108: 생활비, 주거비 항목 재확인"
HH-2025-001009,2025,1,ED-0009,R15,경상북도,동부,도시,ST-15-동,PSU-0134,2025-06-13,전화,완료,오피스텔,보증부월세,0,부부+자녀,4,3~4인,여성,68,60대,3,중학교,상용근로자,취업,보건·복지,N,3,3,5,40.0,47.0,300,0.0,85,120,505.0,6060.0,53.0,452.0,125,105,4,21,20,49,324,128.0,113.0,226.0,23.2,32.0,1.565,메모-0109: 가구원 수 변동 내용을 면접원이 확인
HH-2025-001010,2025,2,ED-0010,R09,경기도,면부,농촌,ST-09-면,PSU-0171,2025-07-20,방문면접,완료,오피스텔,자가,0,부부,2,2인,여성,56,50대,5,대학교,상용근로자,취업,건설업,N,3,3,30,26.5,33.5,595,0.0,25,65,685.0,8220.0,116.5,568.5,79,32,0,15,39,39,204,364.5,284.2,402.0,5.6,27.7,1.93,메모-0110: 소득 항목은 월평균 금액으로 응답
HH-2025-001011,2025,3,ED-0011,R01,서울특별시,동부,도시,ST-01-동,PSU-0208,2025-08-26,인터넷,완료,단독주택,전세,0,한부모,3,3~4인,남성,76,70대 이상,3,중학교,자영업자,취업,공공·교육,Y,3,4,5,54.0,54.0,0.0,170,60,15,245.0,2940.0,13.5,231.5,102,67,30,30,39,64,332,-100.5,77.2,133.7,28.9,38.6,0.79,메모-0111: 온라인 조사 후 전화로 일부 항목 보완
HH-2025-001012,2025,4,ED-0012,R13,전북특별자치도,동부,도시,ST-13-동,PSU-0245,2025-04-05,인터넷,완료,단독주택,자가,0,부부+자녀,5,5인 이상,남성,25,20대 이하,4,고등학교,비경제활동,비경제활동,,Y,5,4,10,,,0.0,0.0,45,20,65.0,780.0,3.6,61.4,139,63,7,2,30,37,278,-216.6,12.3,27.5,102.6,31.8,1.155,메모-0112: 교육비와 보건비 영수증을 참고해 응답
HH-2025-001013,2025,1,ED-0013,R15,경상북도,동부,도시,ST-15-동,PSU-0282,2025-05-12,방문면접,완료,오피스텔,자가,0,부부+자녀,5,5인 이상,여성,54,50대,4,고등학교,상용근로자,취업,보건·복지,Y,5,5,5,10.5,40.5,390,0.0,25,0,415.0,4980.0,43.6,371.4,112,36,49,17,29,51,294,77.4,74.3,166.1,9.7,28.5,1.52,메모-0113: 응답자가 조사표 작성 기준을 확인함
HH-2025-001014,2025,2,ED-0014,R12,충청남도,면부,농촌,ST-12-면,PSU-0019,2025-06-18,인터넷,완료,단독주택,전세,0,부부,2,2인,남성,44,40대,4,고등학교,비경제활동,비경제활동,,Y,3,4,25,,,0.0,0.0,15,10,25.0,300.0,1.4,23.6,67,34,20,12,29,35,197,-173.4,11.8,16.7,144.1,32.1,1.885,"메모-0114: 생활비, 주거비 항목 재확인"
HH-2025-001015,2025,3,ED-0015,R12,충청남도,동부,도시,ST-12-동,PSU-0056,2025-07-25,인터넷,완료,단독주택,월세,0,3세대,4,3~4인,남성,32,30대,3,중학교,자영업자,취업,건설업,Y,5,4,15,27.0,43.5,0.0,280,35,130,445.0,5340.0,46.7,398.3,107,125,33,19,51,39,374,24.3,99.6,199.2,31.4,30.2,0.745,메모-0115: 가구원 수 변동 내용을 면접원이 확인
HH-2025-001016,2025,4,ED-0016,R16,경상남도,면부,농촌,ST-16-면,PSU-0093,2025-08-31,인터넷,완료,연립·다세대,자가,0,1인가구,1,1인,남성,21,20대 이하,5,대학교,임시·일용근로자,취업,운수업,Y,5,4,20,9.5,32.5,240,0.0,15,60,315.0,3780.0,33.1,281.9,54,46,0,12,37,29,178,103.9,281.9,281.9,16.3,29.2,1.11,메모-0116: 소득 항목은 월평균 금액으로 응답
HH-2025-001017,2025,1,ED-0017,R01,서울특별시,동부,도시,ST-01-동,PSU-0130,2025-04-10,인터넷,완료,아파트,자가,10,1인가구,1,1인,여성,68,60대,3,중학교,임시·일용근로자,취업,운수업,N,3,2,5,26.0,41.0,155,0.0,55,105,315.0,3780.0,33.1,281.9,57,56,6,15,28,14,176,105.9,281.9,281.9,19.9,31.0,1.475,메모-0117: 온라인 조사 후 전화로 일부 항목 보완
HH-2025-001018,2025,2,ED-0018,R09,경기도,동부,도시,ST-09-동,PSU-0167,2025-05-17,방문면접,완료,오피스텔,보증부월세,0,한부모,2,2인,남성,45,40대,5,대학교,상용근로자,취업,공공·교육,Y,3,3,30,36.0,36.0,385,0.0,60,5,450.0,5400.0,47.2,402.8,64,98,0,13,33,50,258,144.8,201.4,284.8,24.3,31.6,1.84,메모-0118: 교육비와 보건비 영수증을 참고해 응답
HH-2025-001019,2025,3,ED-0019,R09,경기도,면부,농촌,ST-09-면,PSU-0204,2025-06-23,인터넷,완료,단독주택,보증부월세,0,부부,2,2인,여성,60,60대,3,중학교,상용근로자,취업,운수업,Y,4,3,10,24.5,45.0,295,0.0,30,85,410.0,4920.0,43.0,367.0,53,95,0,23,51,9,231,136.0,183.5,259.5,25.9,29.9,0.7,메모-0119: 응답자가 조사표 작성 기준을 확인함
HH-2025-001020,2025,4,ED-0020,R09,경기도,면부,농촌,ST-09-면,PSU-0241,2025-07-30,인터넷,완료,아파트,월세,1,1인가구,1,1인,여성,58,50대,4,고등학교,상용근로자,취업,건설업,Y,5,5,10,49.0,52.0,260,0.0,45,95,400.0,4800.0,42.0,358.0,52,118,19,17,41,18,265,93.0,358.0,358.0,33.0,35.4,1.065,"메모-0120: 생활비, 주거비 항목 재확인"
HH-2025-001021,2025,1,ED-0021,R01,서울특별시,동부,도시,ST-01-동,PSU-0278,2025-09-05,인터넷,완료,아파트,자가,8,부부+자녀,4,3~4인,여성,49,40대,4,고등학교,자영업자,취업,공공·교육,Y,4,4,10,60.5,47.5,0.0,320,20,140,480.0,5760.0,50.4,429.6,88,67,46,17,28,52,298,131.6,107.4,214.8,15.6,38.4,1.43,메모-0121: 가구원 수 변동 내용을 면접원이 확인
HH-2025-001022,2025,2,ED-0022,R13,전북특별자치도,동부,도시,ST-13-동,PSU-0015,2025-04-15,전화,완료,아파트,자가,15,1인가구,1,1인,남성,41,40대,6,무학,임시·일용근로자,취업,제조업,Y,4,3,40,47.5,32.0,235,0.0,0,30,265.0,3180.0,14.6,250.4,65,35,0,7,27,8,142,108.4,250.4,250.4,34.0,36.0,1.795,메모-0122: 소득 항목은 월평균 금액으로 응답
HH-2025-001023,2025,3,ED-0023,R09,경기도,면부,농촌,ST-09-면,PSU-0052,2025-05-22,인터넷,완료,아파트,자가,22,부부,2,2인,남성,34,30대,6,대학원,무급가족종사자,취업,기타서비스,Y,5,3,5,41.5,41.0,0.0,85,15,20,120.0,1440.0,6.6,113.4,80,51,0,13,45,34,223,-109.6,56.7,80.2,45.0,36.3,0.655,
HH-2025-001024,2025,4,ED-0024,R06,대전광역시,읍부,농촌,ST-06-읍,PSU-0089,2025-06-28,방문면접,완료,아파트,보증부월세,29,1인가구,1,1인,남성,59,50대,4,고등학교,상용근로자,취업,금융·전문서비스,Y,4,2,5,5.0,52.5,470,0.0,30,20,520.0,6240.0,54.6,465.4,36,80,0,9,45,26,196,269.4,465.4,465.4,17.2,26.9,1.02,메모-0124: 교육비와 보건비 영수증을 참고해 응답
HH-2025-001025,2025,1,ED-0025,R03,대구광역시,동부,도시,ST-03-동,PSU-0126,2025-08-04,인터넷,완료,아파트,자가,6,1인가구,1,1인,여성,33,30대,4,고등학교,임시·일용근로자,취업,제조업,Y,5,3,5,61.0,47.0,195,0.0,0,50,245.0,2940.0,13.5,231.5,61,39,22,2,35,14,173,58.5,231.5,231.5,16.8,40.7,1.385,메모-0125: 응답자가 조사표 작성 기준을 확인함
HH-2025-001026,2025,2,ED-0026,R09,경기도,동부,도시,ST-09-동,PSU-0163,2025-09-10,인터넷,완료,아파트,자가,13,부부+자녀,3,3~4인,여성,43,40대,4,고등학교,상용근로자,취업,건설업,Y,4,4,10,28.5,33.0,450,0.0,50,10,510.0,6120.0,53.5,456.5,90,52,33,21,41,31,268,188.5,152.2,263.6,11.4,29.5,1.75,"메모-0126: 생활비, 주거비 항목 재확인"
HH-2025-001027,2025,3,ED-0027,R01,서울특별시,동부,도시,ST-01-동,PSU-0200,2025-04-20,인터넷,완료,연립·다세대,보증부월세,0,1인가구,1,1인,남성,69,70대 이상,4,고등학교,비경제활동,비경제활동,,Y,3,3,35,,,0.0,0.0,75,40,115.0,1380.0,6.3,108.7,72,103,0,18,30,23,246,-137.3,108.7,108.7,94.8,31.2,0.61,메모-0127: 가구원 수 변동 내용을 면접원이 확인
HH-2025-001028,2025,4,ED-0028,R09,경기도,면부,농촌,ST-09-면,PSU-0237,2025-05-27,방문면접,완료,단독주택,월세,0,부부+자녀,4,3~4인,여성,73,70대 이상,2,초등학교,비경제활동,비경제활동,,N,3,3,25,,,0.0,0.0,125,105,230.0,2760.0,12.7,217.3,99,107,18,25,19,26,294,-76.7,54.3,108.7,49.2,30.0,0.975,메모-0128: 소득 항목은 월평균 금액으로 응답
HH-2025-001029,2025,1,ED-0029,R13,전북특별자치도,동부,도시,ST-13-동,PSU-0274,2025-07-03,전화,완료,단독주택,자가,0,부부+자녀,3,3~4인,남성,69,60대,4,고등학교,자영업자,취업,건설업,N,3,4,10,36.5,49.0,0.0,460,35,125,620.0,7440.0,105.4,514.6,89,36,4,33,24,38,224,290.6,171.5,297.1,7.0,30.3,1.34,메모-0129: 온라인 조사 후 전화로 일부 항목 보완
HH-2025-001030,2025,2,ED-0030,R12,충청남도,면부,농촌,ST-12-면,PSU-0011,2025-08-09,인터넷,완료,단독주택,자가,0,부부+자녀,5,5인 이상,남성,42,40대,5,대학교,자영업자,취업,농림어업,Y,5,4,5,10.5,40.5,0.0,375,30,40,445.0,5340.0,46.7,398.3,145,20,41,12,50,46,314,84.3,79.7,178.1,5.0,28.2,1.705,메모-0130: 교육비와 보건비 영수증을 참고해 응답
HH-2025-001031,2025,3,ED-0031,R07,울산광역시,동부,도시,ST-07-동,PSU-0048,2025-09-15,전화,완료,연립·다세대,보증부월세,0,부부+자녀,3,3~4인,여성,19,20대 이하,5,대학교,학생,비경제활동,,Y,5,4,20,,,0.0,0.0,20,75,95.0,1140.0,5.2,89.8,96,100,0,13,15,57,281,-191.2,29.9,51.8,111.4,31.5,0.565,메모-0131: 응답자가 조사표 작성 기준을 확인함
HH-2025-001032,2025,4,ED-0032,R12,충청남도,동부,도시,ST-12-동,PSU-0085,2025-04-25,인터넷,완료,아파트,전세,25,부부,2,2인,여성,54,50대,5,대학교,자영업자,취업,기타서비스,Y,2,4,10,31.0,48.0,0.0,195,5,135,335.0,4020.0,35.2,299.8,77,78,0,15,51,34,255,44.8,149.9,212.0,26.0,31.8,0.93,"메모-0132: 생활비, 주거비 항목 재확인"
HH-2025-001033,2025,1,ED-0033,R02,부산광역시,동부,도시,ST-02-동,PSU-0122,2025-06-01,방문면접,완료,아파트,월세,2,부부+자녀,4,3~4인,여성,72,70대 이상,1,무학,비경제활동,비경제활동,,N,4,3,5,,,0.0,0.0,85,55,140.0,1680.0,7.7,132.3,121,83,0,32,9,33,278,-145.7,33.1,66.2,62.7,31.0,1.295,메모-0133: 가구원 수 변동 내용을 면접원이 확인
HH-2025-001034,2025,2,ED-0034,R10,강원특별자치도,동부,도시,ST-10-동,PSU-0159,2025-07-08,전화,완료,아파트,월세,9,부부+자녀,4,3~4인,남성,51,50대,4,고등학교,자영업자,취업,도소매·숙박,Y,5,4,5,55.5,43.5,0.0,380,75,25,530.0,6360.0,50.4,429.6,103,124,6,16,27,35,311,118.6,107.4,214.8,28.9,36.7,1.66,메모-0134: 소득 항목은 월평균 금액으로 응답
HH-2025-001035,2025,3,ED-0035,R02,부산광역시,동부,도시,ST-02-동,PSU-0196,2025-08-14,방문면접,대리응답,아파트,자가,16,3세대,5,5인 이상,여성,56,50대,5,대학교,임시·일용근로자,취업,건설업,N,4,3,10,37.0,45.0,70,0.0,70,15,155.0,1860.0,8.5,146.5,162,30,62,15,32,54,355,-208.5,29.3,65.5,20.5,35.1,0.52,메모-0135: 온라인 조사 후 전화로 일부 항목 보완
HH-2025-001036,2025,4,ED-0036,R15,경상북도,면부,농촌,ST-15-면,PSU-0233,2025-09-20,인터넷,완료,단독주택,전세,0,1인가구,1,1인,남성,50,50대,4,고등학교,상용근로자,취업,도소매·숙박,Y,5,5,5,22.5,37.5,445,0.0,55,25,525.0,6300.0,55.1,469.9,54,59,0,2,44,39,198,271.9,469.9,469.9,12.6,28.3,0.885,메모-0136: 교육비와 보건비 영수증을 참고해 응답
HH-2025-001037,2025,1,ED-0037,R12,충청남도,동부,도시,ST-12-동,PSU-0270,2025-04-30,인터넷,완료,아파트,전세,30,부부+자녀,3,3~4인,여성,50,50대,5,대학교,상용근로자,취업,도소매·숙박,Y,5,3,5,56.0,33.5,315,0.0,10,35,360.0,5520.0,37.8,322.2,83,49,20,2,18,29,201,121.2,107.4,186.0,15.2,37.9,1.25,메모-0137: 응답자가 조사표 작성 기준을 확인함
HH-2025-001038,2025,2,ED-0038,R16,경상남도,면부,농촌,ST-16-면,PSU-0007,2025-06-06,방문면접,완료,연립·다세대,자가,0,1인가구,1,1인,남성,23,20대 이하,5,대학교,임시·일용근로자,취업,제조업,N,5,4,5,20.0,41.5,140,0.0,5,40,185.0,2220.0,10.2,174.8,57,42,0,6,51,21,177,-2.2,174.8,174.8,24.0,31.5,1.615,"메모-0138: 생활비, 주거비 항목 재확인"
HH-2025-001039,2025,3,ED-0039,R09,경기도,읍부,농촌,ST-09-읍,PSU-0044,2025-07-13,방문면접,완료,단독주택,월세,0,부부+자녀,4,3~4인,남성,69,60대,5,대학교,비경제활동,비경제활동,,N,4,3,5,,,0.0,0.0,65,65,130.0,1560.0,7.2,122.8,118,68,4,25,28,55,298,-175.2,30.7,61.4,55.4,31.1,1.98,메모-0139: 가구원 수 변동 내용을 면접원이 확인
HH-2025-001040,2025,4,ED-0040,R09,경기도,동부,도시,ST-09-동,PSU-0081,2025-08-19,방문면접,완료,단독주택,자가,0,1인가구,1,1인,남성,53,50대,4,고등학교,자영업자,취업,도소매·숙박,Y,5,4,5,31.5,45.5,0.0,400,50,55,505.0,6060.0,53.0,452.0,77,32,0,11,28,15,163,289.0,452.0,452.0,7.1,29.9,0.84,메모-0140: 소득 항목은 월평균 금액으로 응답
HH-2025-001041,2025,1,ED-0041,R15,경상북도,면부,농촌,ST-15-면,PSU-0118,2025-09-25,인터넷,완료,연립·다세대,자가,0,부부,2,2인,남성,64,60대,2,초등학교,자영업자,취업,제조업,Y,3,5,10,20.0,46.5,0.0,170,30,130,330.0,3960.0,34.6,295.4,65,35,6,5,26,59,196,99.4,147.7,208.9,11.8,30.0,1.205,메모-0141: 온라인 조사 후 전화로 일부 항목 보완
HH-2025-001042,2025,2,ED-0042,R09,경기도,읍부,농촌,ST-09-읍,PSU-0155,2025-05-05,전화,완료,단독주택,보증부월세,0,부부+자녀,3,3~4인,여성,48,40대,4,고등학교,상용근로자,취업,도소매·숙박,Y,4,3,5,28.0,40.5,385,0.0,45,15,445.0,5340.0,46.7,398.3,104,86,28,6,34,34,292,106.3,132.8,230.0,21.6,30.2,1.57,메모-0142: 교육비와 보건비 영수증을 참고해 응답
HH-2025-001043,2025,3,ED-0043,R16,경상남도,동부,도시,ST-16-동,PSU-0192,2025-06-11,방문면접,대리응답,단독주택,자가,0,부부,2,2인,여성,50,50대,3,중학교,비경제활동,비경제활동,,N,3,3,40,,,0.0,0.0,10,30,40.0,480.0,2.2,37.8,77,58,0,6,12,27,180,-142.2,18.9,26.7,153.4,31.9,1.935,메모-0143: 응답자가 조사표 작성 기준을 확인함
HH-2025-001044,2025,4,ED-0044,R01,서울특별시,동부,도시,ST-01-동,PSU-0229,2025-07-18,방문면접,완료,아파트,월세,19,부부+자녀,5,5인 이상,여성,35,30대,5,대학교,임시·일용근로자,취업,도소매·숙박,N,5,4,5,40.5,49.5,165,0.0,75,0,240.0,2880.0,13.2,226.8,119,125,42,27,19,65,397,-170.2,45.4,101.4,55.1,35.0,0.795,"메모-0144: 생활비, 주거비 항목 재확인"
HH-2025-001045,2025,1,ED-0045,R02,부산광역시,읍부,농촌,ST-02-읍,PSU-0266,2025-08-24,인터넷,완료,아파트,전세,26,부부,2,2인,남성,28,20대 이하,6,대학원,자영업자,취업,보건·복지,Y,4,4,5,37.0,47.0,0.0,260,15,90,365.0,4380.0,38.3,326.7,93,62,0,12,26,22,215,111.7,163.3,231.0,19.0,32.6,1.16,메모-0145: 가구원 수 변동 내용을 면접원이 확인
HH-2025-001046,2025,2,ED-0046,R15,경상북도,동부,도시,ST-15-동,PSU-0003,2025-04-03,전화,완료,단독주택,보증부월세,0,부부+자녀,4,3~4인,남성,33,30대,5,대학교,상용근로자,취업,제조업,Y,5,3,5,22.5,43.5,245,0.0,25,0,270.0,3240.0,14.8,255.2,117,85,55,2,37,49,345,-89.8,63.8,127.6,33.3,31.1,1.525,메모-0146: 소득 항목은 월평균 금액으로 응답
HH-2025-001047,2025,3,ED-0047,R09,경기도,동부,도시,ST-09-동,PSU-0040,2025-05-10,인터넷,완료,아파트,자가,10,1인가구,1,1인,여성,49,40대,4,고등학교,임시·일용근로자,취업,농림어업,Y,4,3,5,40.0,43.5,220,0.0,35,40,295.0,3540.0,16.2,278.8,63,60,20,15,32,15,205,73.8,278.8,278.8,21.5,33.9,1.89,메모-0147: 온라인 조사 후 전화로 일부 항목 보완
HH-2025-001048,2025,4,ED-0048,R09,경기도,동부,도시,ST-09-동,PSU-0077,2025-06-16,인터넷,완료,아파트,자가,17,부부+자녀,3,3~4인,여성,35,30대,4,고등학교,임시·일용근로자,취업,도소매·숙박,Y,5,3,10,49.0,40.0,115,0.0,25,85,225.0,2700.0,12.4,212.6,95,56,1,3,36,37,228,-15.4,70.9,122.7,26.3,37.1,0.75,메모-0148: 교육비와 보건비 영수증을 참고해 응답
HH-2025-001049,2025,1,ED-0049,R10,강원특별자치도,면부,농촌,ST-10-면,PSU-0114,2025-07-23,방문면접,완료,단독주택,보증부월세,0,부부+자녀,5,5인 이상,남성,60,60대,2,초등학교,임시·일용근로자,취업,운수업,Y,4,3,20,26.5,36.0,150,0.0,35,25,210.0,2520.0,11.6,198.4,151,102,15,21,40,54,383,-184.6,39.7,88.7,51.4,32.5,1.115,메모-0149: 응답자가 조사표 작성 기준을 확인함
HH-2025-001050,2025,2,ED-0050,R14,전라남도,동부,도시,ST-14-동,PSU-0151,2025-08-29,인터넷,대리응답,연립·다세대,자가,0,부부,2,2인,여성,51,50대,5,대학교,임시·일용근로자,취업,제조업,Y,4,3,25,34.0,29.5,175,0.0,10,0,185.0,2220.0,10.2,174.8,68,45,20,12,29,31,205,-30.2,87.4,123.6,25.7,33.8,1.48,"메모-0150: 생활비, 주거비 항목 재확인"
HH-2025-001051,2025,3,ED-0051,R07,울산광역시,읍부,농촌,ST-07-읍,PSU-0188,2025-04-08,전화,완료,연립·다세대,보증부월세,0,부부,2,2인,남성,68,60대,5,대학교,상용근로자,취업,공공·교육,N,3,3,5,54.0,36.0,255,0.0,50,50,355.0,4260.0,37.3,317.7,81,76,8,10,31,24,230,87.7,158.8,224.6,23.9,37.4,1.845,메모-0151: 가구원 수 변동 내용을 면접원이 확인
HH-2025-001052,2025,4,ED-0052,R14,전라남도,면부,농촌,ST-14-면,PSU-0225,2025-05-15,인터넷,완료,단독주택,자가,0,부부+자녀,4,3~4인,남성,56,50대,4,고등학교,상용근로자,취업,제조업,Y,4,3,10,22.5,42.0,370,0.0,50,105,525.0,6300.0,55.1,469.9,124,55,55,18,27,38,317,152.9,117.5,234.9,11.7,28.5,0.705,메모-0152: 소득 항목은 월평균 금액으로 응답
HH-2025-001053,2025,1,ED-0053,R07,울산광역시,동부,도시,ST-07-동,PSU-0262,2025-06-21,방문면접,완료,단독주택,자가,0,부부+자녀,4,3~4인,남성,61,60대,2,초등학교,비경제활동,비경제활동,,N,4,4,5,,,0.0,0.0,110,15,125.0,1500.0,6.9,118.1,117,48,12,26,28,45,276,-157.9,29.5,59.0,40.6,31.1,1.07,메모-0153: 온라인 조사 후 전화로 일부 항목 보완
HH-2025-001054,2025,2,ED-0054,R01,서울특별시,동부,도시,ST-01-동,PSU-0299,2025-07-28,방문면접,완료,아파트,보증부월세,29,부부+자녀,5,5인 이상,남성,56,50대,6,대학원,임시·일용근로자,취업,도소매·숙박,N,2,3,15,35.5,42.5,150,0.0,50,65,265.0,3180.0,14.6,250.4,120,90,61,31,26,64,392,-141.6,50.1,112.0,35.9,33.6,1.435,
HH-2025-001055,2025,3,ED-0055,R12,충청남도,동부,도시,ST-12-동,PSU-0036,2025-09-03,인터넷,완료,아파트,자가,6,기타,4,3~4인,남성,42,40대,6,대학원,상용근로자,취업,도소매·숙박,Y,5,4,15,53.0,32.0,445,0.0,55,0,500.0,6000.0,52.5,447.5,107,73,43,2,23,41,289,158.5,111.9,223.8,16.3,35.6,1.8,메모-0155: 응답자가 조사표 작성 기준을 확인함
HH-2025-001056,2025,4,ED-0056,R09,경기도,면부,농촌,ST-09-면,PSU-0073,2025-04-13,인터넷,완료,아파트,자가,13,부부,2,2인,남성,18,20대 이하,5,대학교,학생,비경제활동,,Y,5,5,25,,,0.0,0.0,0,110,110.0,1320.0,6.0,104.0,68,35,7,14,23,27,174,-70.0,52.0,73.5,33.7,31.1,0.66,"메모-0156: 생활비, 주거비 항목 재확인"
HH-2025-001057,2025,1,ED-0057,R01,서울특별시,동부,도시,ST-01-동,PSU-0110,2025-05-20,방문면접,완료,아파트,보증부월세,20,부부+자녀,3,3~4인,남성,53,50대,4,고등학교,상용근로자,취업,공공·교육,N,4,4,25,71.5,28.0,395,0.0,35,70,500.0,6000.0,52.5,447.5,101,94,21,22,24,32,294,153.5,149.2,258.4,21.0,42.6,1.025,메모-0157: 가구원 수 변동 내용을 면접원이 확인
HH-2025-001058,2025,2,ED-0058,R01,서울특별시,동부,도시,ST-01-동,PSU-0147,2025-06-26,인터넷,완료,연립·다세대,무상,0,부부+자녀,4,3~4인,남성,34,30대,6,대학원,자영업자,취업,제조업,Y,5,3,10,67.0,30.0,0.0,270,30,20,320.0,3840.0,33.6,286.4,99,15,26,13,54,51,258,28.4,71.6,143.2,5.2,42.5,1.39,메모-0158: 소득 항목은 월평균 금액으로 응답
HH-2025-001059,2025,3,ED-0059,R02,부산광역시,동부,도시,ST-02-동,PSU-0184,2025-08-02,인터넷,부분응답,아파트,월세,4,3세대,4,3~4인,여성,47,40대,5,대학교,상용근로자,취업,도소매·숙박,Y,4,3,5,75.5,36.5,150,0.0,60,65,275.0,3300.0,15.1,259.9,116,101,15,15,28,62,337,-77.1,65.0,129.9,38.9,46.7,1.755,메모-0159: 온라인 조사 후 전화로 일부 항목 보완
HH-2025-001060,2025,4,ED-0060,R09,경기도,동부,도시,ST-09-동,PSU-0221,2025-09-08,전화,완료,아파트,자가,11,부부,2,2인,남성,62,60대,5,대학교,임시·일용근로자,취업,기타서비스,Y,3,4,20,5.0,47.0,185,0.0,55,0,240.0,2880.0,13.2,226.8,70,77,1,29,31,29,387,-160.2,113.4,160.4,34.0,30.1,0.615,메모-0160: 교육비와 보건비 영수증을 참고해 응답
HH-2025-001061,2025,1,ED-0061,R03,대구광역시,면부,농촌,ST-03-면,PSU-0258,2025-04-18,전화,완료,기타,자가,0,1인가구,1,1인,여성,64,60대,4,고등학교,자영업자,취업,제조업,Y,3,3,15,24.5,43.5,0.0,305,5,30,340.0,4080.0,35.7,304.3,32,26,17,19,38,15,147,157.3,304.3,304.3,8.5,30.4,0.98,메모-0161: 응답자가 조사표 작성 기준을 확인함
HH-2025-001062,2025,2,ED-0062,R09,경기도,면부,농촌,ST-09-면,PSU-0295,2025-05-25,인터넷,완료,아파트,자가,25,부부+자녀,4,3~4인,여성,41,40대,4,고등학교,비경제활동,비경제활동,,Y,4,3,15,,,0.0,0.0,65,115,180.0,2160.0,9.9,170.1,112,40,31,2,10,49,244,1.0999999999999943,42.5,85.0,23.5,30.4,1.345,"메모-0162: 생활비, 주거비 항목 재확인"
HH-2025-001063,2025,3,ED-0063,R07,울산광역시,동부,도시,ST-07-동,PSU-0032,2025-07-01,인터넷,완료,아파트,자가,2,1인가구,1,1인,여성,49,40대,3,중학교,상용근로자,취업,기타서비스,Y,5,4,10,44.0,24.0,520,0.0,10,50,580.0,6960.0,60.9,519.1,67,41,15,13,22,18,176,343.1,519.1,519.1,7.9,31.9,1.71,메모-0163: 가구원 수 변동 내용을 면접원이 확인
HH-2025-001064,2025,4,ED-0064,R16,경상남도,동부,도시,ST-16-동,PSU-0069,2025-08-07,방문면접,완료,아파트,전세,9,부부+자녀,3,3~4인,남성,44,40대,5,대학교,비경제활동,비경제활동,,Y,4,4,10,,,0.0,0.0,65,25,90.0,1080.0,5.0,85.0,126,78,27,11,21,15,278,-193.0,28.3,49.1,91.8,31.5,0.57,메모-0164: 소득 항목은 월평균 금액으로 응답
HH-2025-001065,2025,1,ED-0065,R09,강원특별자치도,동부,도시,ST-09-동,PSU-0106,2025-09-13,인터넷,완료,연립·다세대,자가,0,3세대,6,5인 이상,여성,39,30대,5,대학교,비경제활동,비경제활동,,Y,3,4,5,,,0.0,0.0,15,75,90.0,1080.0,5.0,85.0,122,67,71,9,17,76,362,-277.0,14.2,284.7,78.8,31.7,0.935,메모-0165: 온라인 조사 후 전화로 일부 항목 보완
HH-2025-001066,2025,2,ED-0066,R14,전라남도,동부,도시,ST-14-동,PSU-0143,2025-04-23,방문면접,완료,아파트,자가,23,부부+자녀,5,5인 이상,남성,73,70대 이상,2,초등학교,비경제활동,비경제활동,,Y,4,3,15,,,0.0,0.0,85,100,185.0,2220.0,10.2,174.8,148,57,28,27,13,58,331,-156.2,35.0,78.2,32.6,30.6,1.3,메모-0166: 교육비와 보건비 영수증을 참고해 응답
HH-2025-001067,2025,3,ED-0067,R07,울산광역시,동부,도시,ST-07-동,PSU-0180,2025-05-30,방문면접,완료,아파트,자가,30,부부,2,2인,여성,77,70대 이상,3,중학교,비경제활동,비경제활동,,Y,2,3,15,,,0.0,0.0,85,80,165.0,1980.0,9.1,155.9,59,49,0,20,20,31,179,-23.1,78.0,110.2,31.4,30.5,1.665,메모-0167: 응답자가 조사표 작성 기준을 확인함
HH-2025-001068,2025,4,ED-0068,R01,서울특별시,동부,도시,ST-01-동,PSU-0217,2025-07-06,방문면접,완료,단독주택,자가,0,1인가구,1,1인,남성,54,50대,3,중학교,비경제활동,취업,,N,5,3,5,,,0.0,0.0,25,100,125.0,1500.0,6.9,118.1,69,45,6,8,17,19,164,-45.9,118.1,118.1,38.1,30.9,0.525,"메모-0168: 생활비, 주거비 항목 재확인"
HH-2025-001069,2025,1,ED-0069,R12,충청남도,동부,도시,ST-12-동,PSU-0254,2025-08-12,인터넷,완료,아파트,자가,14,부부+자녀,4,3~4인,여성,77,70대 이상,2,초등학교,무급가족종사자,취업,제조업,Y,3,3,5,72.0,36.0,0.0,105,55,55,215.0,2580.0,11.8,203.2,109,64,0,17,28,45,263,-59.8,50.8,101.6,31.5,45.6,0.89,메모-0169: 가구원 수 변동 내용을 면접원이 확인
HH-2025-001070,2025,2,ED-0070,R15,경상북도,동부,도시,ST-15-동,PSU-0291,2025-09-18,인터넷,완료,아파트,전세,21,부부,2,2인,여성,58,50대,4,고등학교,상용근로자,취업,제조업,Y,3,3,15,28.5,58.0,410,0.0,5,55,470.0,5640.0,49.4,420.6,91,79,22,29,36,36,293,127.6,210.3,297.4,18.8,30.0,1.255,메모-0170: 소득 항목은 월평균 금액으로 응답
HH-2025-001071,2025,3,ED-0071,R09,경기도,동부,도시,ST-09-동,PSU-0028,2025-04-28,인터넷,완료,연립·다세대,자가,0,부부+자녀,3,3~4인,여성,36,30대,5,대학교,상용근로자,취업,운수업,Y,5,2,35,70.0,38.5,455,0.0,0,5,460.0,5520.0,48.3,411.7,92,38,9,25,37,31,232,179.7,137.2,237.7,9.2,42.2,1.62,메모-0171: 온라인 조사 후 전화로 일부 항목 보완
HH-2025-001072,2025,4,ED-0072,R09,경기도,면부,농촌,ST-09-면,PSU-0065,2025-06-04,인터넷,완료,단독주택,자가,0,1인가구,1,2인,여성,55,50대,4,고등학교,임시·일용근로자,취업,도소매·숙박,Y,3,1,5,42.5,39.0,185,0.0,0,50,235.0,2820.0,12.9,222.1,70,52,0,10,26,12,170,52.1,222.1,222.1,23.4,60.1,1.985,메모-0172: 교육비와 보건비 영수증을 참고해 응답
HH-2025-001073,2025,1,ED-0073,R02,부산광역시,동부,도시,ST-02-동,PSU-0102,2025-07-11,방문면접,완료,오피스텔,보증부월세,0,부부+자녀,4,3~4인,여성,26,20대 이하,4,고등학교,상용근로자,취업,제조업,Y,4,5,5,36.0,33.0,360,0.0,70,0,430.0,5160.0,45.1,384.9,112,112,35,3,56,56,374,10.9,96.2,192.4,29.1,32.0,0.845,메모-0173: 응답자가 조사표 작성 기준을 확인함
HH-2025-001074,2025,2,ED-0074,R14,전라남도,동부,도시,ST-14-동,PSU-0139,2025-08-17,인터넷,완료,아파트,자가,19,부부,2,2인,남성,51,50대,5,대학교,자영업자,취업,정보통신,Y,4,3,10,44.5,41.0,0.0,270,20,110,400.0,4800.0,42.0,358.0,90,47,4,21,26,15,203,155.0,179.0,253.1,13.1,34.1,1.21,"메모-0174: 생활비, 주거비 항목 재확인"
HH-2025-001075,2025,3,ED-0075,R09,경기도,면부,농촌,ST-09-면,PSU-0176,2025-09-23,방문면접,완료,연립·다세대,자가,0,기타,3,3~4인,남성,19,20대 이하,5,대학교,비경제활동,비경제활동,,Y,5,4,10,,,0.0,0.0,10,80,90.0,1080.0,5.0,85.0,103,30,1,12,22,35,203,-118.0,28.3,49.1,35.3,31.4,1.575,메모-0175: 가구원 수 변동 내용을 면접원이 확인
HH-2025-001076,2025,4,ED-0076,R04,인천광역시,동부,도시,ST-04-동,PSU-0213,2025-05-03,인터넷,완료,아파트,자가,3,부부,2,2인,남성,43,40대,4,고등학교,상용근로자,취업,제조업,Y,5,4,5,58.0,37.5,420,0.0,10,105,535.0,6420.0,56.2,478.8,61,49,0,8,40,50,208,270.8,239.4,338.6,10.2,36.8,1.94,메모-0176: 소득 항목은 월평균 금액으로 응답
HH-2025-001077,2025,1,ED-0077,R02,부산광역시,동부,도시,ST-02-동,PSU-0250,2025-06-09,인터넷,완료,아파트,자가,10,부부,2,2인,여성,84,70대 이상,2,초등학교,비경제활동,비경제활동,,Y,1,3,5,,,0.0,0.0,15,95,110.0,1320.0,6.0,104.0,99,31,0,33,9,51,223,-119.0,52.0,73.5,29.8,31.2,0.8,메모-0177: 온라인 조사 후 전화로 일부 항목 보완
HH-2025-001078,2025,2,ED-0078,R12,충청남도,동부,도시,ST-12-동,PSU-0287,2025-07-16,인터넷,완료,아파트,월세,17,1인가구,1,1인,여성,49,40대,4,고등학교,상용근로자,취업,제조업,Y,3,3,55,24.5,46.0,165,0.0,5,40,210.0,2520.0,11.6,198.4,42,94,5,16,27,34,218,-19.6,198.4,198.4,47.4,31.9,1.165,메모-0178: 교육비와 보건비 영수증을 참고해 응답
HH-2025-001079,2025,3,ED-0079,R09,경기도,동부,농촌,ST-09-동,PSU-0024,2025-08-22,전화,완료,아파트,자가,24,1인가구,1,1인,남성,80,70대 이상,2,초등학교,비경제활동,비경제활동,,N,1,3,20,,,0.0,0.0,50,15,65.0,780.0,3.6,61.4,38,79,0,28,16,35,196,-134.6,61.4,61.4,128.7,31.7,1.53,메모-0179: 응답자가 조사표 작성 기준을 확인함
HH-2025-001080,2025,4,ED-0080,R01,서울특별시,동부,도시,ST-01-동,PSU-0061,2025-04-01,전화,완료,아파트,자가,1,1인가구,1,1인,남성,80,70대 이상,4,고등학교,비경제활동,비경제활동,,N,2,3,5,,,0.0,0.0,30,130,160.0,1920.0,8.8,151.2,55,23,0,41,20,20,159,-7.8,151.2,151.2,15.2,30.5,1.895,"메모-0180: 생활비, 주거비 항목 재확인"
HH-2025-001081,2025,1,ED-0081,R09,경기도,동부,도시,ST-09-동,PSU-0098,2025-05-08,인터넷,완료,아파트,자가,8,부부,2,2인,남성,38,30대,4,고등학교,상용근로자,취업,도소매·숙박,Y,4,3,10,46.5,28.0,230,0.0,0,80,360.0,4320.0,32.5,277.5,77,40,2,3,26,42,190,87.5,138.8,196.2,14.4,35.5,0.755,메모-0181: 가구원 수 변동 내용을 면접원이 확인
HH-2025-001082,2025,2,ED-0082,R04,인천광역시,동부,도시,ST-04-동,PSU-0135,2025-06-14,방문면접,완료,오피스텔,보증부월세,0,부부,2,2인,여성,52,50대,4,고등학교,상용근로자,취업,정보통신,Y,5,2,5,24.5,46.0,340,0.0,0,10,350.0,4200.0,36.8,313.2,81,115,16,19,23,62,316,-2.8,156.6,221.5,36.7,30.7,1.12,메모-0182: 소득 항목은 월평균 금액으로 응답
HH-2025-001083,2025,3,ED-0083,R01,서울특별시,동부,도시,ST-01-동,PSU-0172,2025-07-21,인터넷,완료,아파트,자가,22,한부모,4,3~4인,남성,80,70대 이상,2,초등학교,비경제활동,비경제활동,,Y,3,3,5,,,0.0,0.0,80,50,130.0,1560.0,7.2,122.8,117,85,31,36,21,39,329,-206.2,30.7,61.4,69.2,31.2,1.485,메모-0183: 온라인 조사 후 전화로 일부 항목 보완
HH-2025-001084,2025,4,ED-0084,R04,인천광역시,동부,도시,ST-04-동,PSU-0209,2025-08-27,인터넷,완료,아파트,자가,29,부부+자녀,5,5인 이상,남성,59,50대,5,대학교,상용근로자,취업,금융·전문서비스,Y,4,5,15,37.5,35.5,475,0.0,25,125,625.0,7500.0,106.3,518.7,138,79,62,15,18,71,383,135.7,103.7,232.0,15.2,30.8,1.85,메모-0184: 교육비와 보건비 영수증을 참고해 응답
HH-2025-001085,2025,1,ED-0085,R08,세종특별자치시,동부,도시,ST-08-동,PSU-0246,2025-04-06,방문면접,완료,연립·다세대,전세,0,부부+자녀,5,5인 이상,남성,36,30대,5,대학교,실업자,실업,,Y,4,4,5,,,0.0,0.0,15,80,95.0,1140.0,5.2,89.8,125,52,55,2,24,59,317,-227.2,18.0,40.2,57.9,31.6,0.71,
HH-2025-001086,2025,2,ED-0086,R11,충청북도,면부,농촌,ST-11-면,PSU-0283,2025-05-13,인터넷,완료,기타,전세,0,부부,2,2인,남성,49,40대,5,대학교,상용근로자,취업,운수업,Y,4,5,10,45.5,28.0,490,0.0,15,130,635.0,7620.0,108.0,527.0,99,46,2,8,27,48,230,297.0,263.5,372.6,8.7,32.3,1.075,"메모-0186: 생활비, 주거비 항목 재확인"
HH-2025-001087,2025,3,ED-0087,R09,경기도,동부,도시,ST-09-동,PSU-0020,2025-06-19,인터넷,완료,아파트,보증부월세,20,부부+자녀,4,3~4인,남성,43,40대,5,대학교,자영업자,취업,건설업,Y,4,4,10,43.5,51.0,0.0,445,50,50,545.0,6540.0,57.2,487.8,115,97,31,2,33,50,328,159.8,122.0,243.9,19.9,32.5,1.44,메모-0187: 가구원 수 변동 내용을 면접원이 확인
HH-2025-001088,2025,4,ED-0088,R09,경기도,면부,농촌,ST-09-면,PSU-0057,2025-07-26,인터넷,완료,아파트,자가,27,부부+자녀,4,3~4인,여성,52,50대,5,대학교,임시·일용근로자,취업,보건·복지,Y,4,3,15,20.0,50.0,185,0.0,5,75,265.0,3180.0,14.6,250.4,115,52,6,17,32,63,285,-34.6,62.6,125.2,20.8,30.8,1.805,메모-0188: 소득 항목은 월평균 금액으로 응답
HH-2025-001089,2025,1,ED-0089,R09,경기도,동부,도시,ST-09-동,PSU-0094,2025-09-01,인터넷,완료,아파트,보증부월세,4,한부모,2,2인,남성,38,30대,5,대학교,비경제활동,비경제활동,,Y,5,3,10,,,0.0,0.0,0,85,85.0,1020.0,4.7,80.3,70,81,0,13,4,25,193,-112.7,40.1,56.8,100.9,31.4,0.665,메모-0189: 온라인 조사 후 전화로 일부 항목 보완
HH-2025-001090,2025,2,ED-0090,R01,서울특별시,동부,도시,ST-01-동,PSU-0131,2025-04-11,인터넷,완료,아파트,자가,11,부부+자녀,4,3~4인,남성,41,40대,5,대학교,임시·일용근로자,취업,제조업,Y,4,4,15,27.0,47.5,140,0.0,55,25,220.0,2640.0,12.1,207.9,104,63,38,8,30,52,295,-87.1,52.0,104.0,30.3,32.3,1.03,메모-0190: 교육비와 보건비 영수증을 참고해 응답
HH-2025-001091,2025,3,ED-0091,R04,인천광역시,동부,도시,ST-04-동,PSU-0168,2025-05-18,전화,완료,아파트,전세,18,3세대,5,5인 이상,남성,18,20대 이하,5,대학교,실업자,실업,,Y,5,4,25,,,0.0,0.0,70,5,75.0,900.0,4.1,70.9,132,78,37,13,24,43,327,-256.1,14.2,31.7,110.0,31.8,1.395,메모-0191: 응답자가 조사표 작성 기준을 확인함
HH-2025-001092,2025,4,ED-0092,R01,서울특별시,동부,도시,ST-01-동,PSU-0205,2025-06-24,인터넷,완료,단독주택,전세,0,1인가구,1,1인,여성,45,40대,4,고등학교,상용근로자,취업,제조업,Y,4,3,10,67.0,36.5,305,0.0,0,25,330.0,3960.0,34.6,295.4,53,73,15,4,21,14,180,115.4,295.4,295.4,24.7,42.3,1.76,"메모-0192: 생활비, 주거비 항목 재확인"
HH-2025-001093,2025,1,ED-0093,R03,대구광역시,동부,도시,ST-03-동,PSU-0242,2025-07-31,전화,부분응답,아파트,자가,2,기타,2,2인,여성,50,50대,4,고등학교,상용근로자,취업,제조업,N,3,4,65,27.5,38.5,440,0.0,55,0,495.0,5940.0,52.0,443.0,77,60,5,4,38,43,227,216.0,221.5,313.2,13.5,29.4,0.62,메모-0193: 가구원 수 변동 내용을 면접원이 확인
HH-2025-001094,2025,2,ED-0094,R02,부산광역시,면부,농촌,ST-02-면,PSU-0279,2025-09-06,인터넷,완료,연립·다세대,자가,0,1인가구,1,1인,남성,71,70대 이상,2,초등학교,비경제활동,비경제활동,,Y,3,5,5,,,0.0,0.0,60,85,145.0,1740.0,8.0,137.0,52,39,0,26,27,12,156,-19.0,137.0,137.0,28.5,30.7,0.985,메모-0194: 소득 항목은 월평균 금액으로 응답
HH-2025-001095,2025,3,ED-0095,R02,부산광역시,동부,도시,ST-02-동,PSU-0016,2025-04-16,인터넷,완료,아파트,보증부월세,16,1인가구,1,1인,여성,49,40대,4,대학교,임시·일용근로자,취업,농림어업,Y,4,3,5,31.5,35.5,220,0.0,15,85,320.0,3840.0,33.6,286.4,49,133,7,2,29,19,239,47.4,286.4,286.4,66.4,32.0,1.35,메모-0195: 온라인 조사 후 전화로 일부 항목 보완
HH-2025-001096,2025,4,ED-0096,R04,인천광역시,읍부,농촌,ST-04-읍,PSU-0053,2025-05-23,전화,완료,아파트,전세,23,부부,2,2인,남성,40,40대,5,대학교,비경제활동,비경제활동,,Y,4,4,5,,,0.0,0.0,30,20,50.0,600.0,2.8,47.2,53,36,16,11,19,27,162,-114.8,23.6,33.4,76.3,31.8,1.715,메모-0196: 교육비와 보건비 영수증을 참고해 응답
HH-2025-001097,2025,1,ED-0097,R11,충청북도,면부,농촌,ST-11-면,PSU-0090,2025-06-29,인터넷,완료,단독주택,보증부월세,0,한부모,3,3~4인,여성,52,50대,3,중학교,비경제활동,비경제활동,,N,4,5,5,,,0.0,0.0,35,80,115.0,1380.0,6.3,108.7,86,76,20,9,24,60,275,-166.3,36.2,62.8,69.9,31.2,0.575,메모-0197: 응답자가 조사표 작성 기준을 확인함
HH-2025-001098,2025,2,ED-0098,R16,경상남도,읍부,농촌,ST-16-읍,PSU-0127,2025-08-05,인터넷,완료,아파트,보증부월세,7,한부모,2,2인,남성,46,40대,3,중학교,실업자,실업,,Y,5,4,5,,,0.0,0.0,35,0,35.0,1620.0,1.9,33.1,50,104,0,10,20,45,229,-195.9,16.6,23.4,314.2,32.1,0.94,"메모-0198: 생활비, 주거비 항목 재확인"
HH-2025-001099,2025,3,ED-0099,R16,경상남도,동부,도시,ST-16-동,PSU-0164,2025-09-11,방문면접,완료,아파트,자가,14,1인가구,1,1인,남성,48,40대,4,고등학교,상용근로자,취업,기타서비스,Y,4,3,5,77.0,40.0,150,0.0,45,25,220.0,2640.0,12.1,207.9,51,47,19,12,29,19,177,30.9,207.9,207.9,22.6,47.6,1.305,메모-0199: 가구원 수 변동 내용을 면접원이 확인
HH-2025-001100,2025,4,ED-0100,R01,서울특별시,동부,도시,ST-01-동,PSU-0201,2025-04-21,인터넷,완료,오피스텔,전세,0,1인가구,1,1인,남성,52,50대,4,고등학교,임시·일용근로자,취업,제조업,Y,5,3,10,55.5,42.0,270,0.0,0,0,270.0,3240.0,14.8,255.2,76,51,9,7,39,21,203,52.2,255.2,255.2,20.0,38.6,1.67,메모-0200: 소득 항목은 월평균 금액으로 응답
HH-2025-001101,2025,1,ED-0101,R09,경기도,읍부,농촌,ST-09-읍,PSU-0238,2025-05-28,방문면접,완료,아파트,보증부월세,28,부부,2,2인,남성,46,40대,4,고등학교,임시·일용근로자,취업,공공·교육,Y,4,3,5,5.0,34.5,160,0.0,0,45,205.0,2460.0,11.3,193.7,65,75,3,2,45,26,216,-22.3,96.8,137.0,38.7,30.2,0.53,메모-0201: 온라인 조사 후 전화로 일부 항목 보완
HH-2025-001102,2025,2,ED-0102,R03,대구광역시,동부,도시,ST-03-동,PSU-0275,2025-07-04,인터넷,완료,단독주택,자가,0,부부,2,2인,남성,35,30대,4,고등학교,임시·일용근로자,취업,공공·교육,Y,5,4,5,22.0,46.5,200,0.0,10,115,325.0,3900.0,34.1,290.9,79,46,0,6,31,34,196,94.9,145.4,205.7,15.8,30.4,0.895,메모-0202: 교육비와 보건비 영수증을 참고해 응답
HH-2025-001103,2025,3,ED-0103,R09,경기도,동부,도시,ST-09-동,PSU-0012,2025-08-10,전화,부분응답,아파트,보증부월세,12,1인가구,1,1인,여성,66,60대,4,고등학교,임시·일용근로자,취업,보건·복지,N,3,4,5,22.5,43.5,120,0.0,0,30,150.0,1800.0,8.2,141.8,45,108,3,12,17,32,217,-75.2,141.8,141.8,76.2,32.3,1.26,메모-0203: 응답자가 조사표 작성 기준을 확인함
HH-2025-001104,2025,4,ED-0104,R09,경기도,동부,도시,ST-09-동,PSU-0049,2025-09-16,전화,완료,아파트,월세,19,1인가구,1,1인,여성,48,40대,5,대학교,임시·일용근로자,취업,공공·교육,Y,4,3,5,36.5,42.0,115,0.0,30,80,225.0,2700.0,12.4,212.6,51,98,9,20,5,35,218,-5.4,212.6,212.6,46.1,33.9,1.625,"메모-0204: 생활비, 주거비 항목 재확인"
HH-2025-001105,2025,1,ED-0105,R10,강원특별자치도,동부,도시,ST-10-동,PSU-0086,2025-04-26,방문면접,완료,연립·다세대,자가,0,1인가구,1,1인,여성,56,50대,5,대학교,상용근로자,취업,건설업,N,4,4,5,44.0,52.5,515,0.0,20,20,555.0,6660.0,58.3,496.7,49,23,0,2,28,20,122,374.7,496.7,496.7,4.6,32.1,1.99,메모-0205: 가구원 수 변동 내용을 면접원이 확인
HH-2025-001106,2025,2,ED-0106,R11,충청북도,면부,농촌,ST-11-면,PSU-0123,2025-06-02,인터넷,완료,단독주택,자가,0,부부,2,2인,여성,44,50대,4,고등학교,상용근로자,취업,공공·교육,Y,4,3,5,16.5,41.5,490,0.0,5,35,530.0,6360.0,55.6,474.4,71,36,0,4,27,23,161,313.4,237.2,335.5,7.6,27.4,0.85,메모-0206: 소득 항목은 월평균 금액으로 응답
HH-2025-001107,2025,3,ED-0107,R10,강원특별자치도,읍부,농촌,ST-10-읍,PSU-0160,2025-07-09,인터넷,완료,연립·다세대,전세,0,1인가구,1,1인,여성,25,20대 이하,4,고등학교,임시·일용근로자,취업,도소매·숙박,Y,5,4,10,31.0,47.5,125,0.0,35,55,215.0,2580.0,11.8,203.2,52,36,9,10,50,24,181,22.2,203.2,203.2,17.7,32.8,1.215,메모-0207: 온라인 조사 후 전화로 일부 항목 보완
HH-2025-001108,2025,4,ED-0108,R09,경기도,읍부,농촌,ST-09-읍,PSU-0197,2025-08-15,전화,완료,단독주택,자가,0,1인가구,1,1인,여성,69,60대,4,고등학교,비경제활동,비경제활동,,Y,4,3,5,,,0.0,0.0,15,120,135.0,1620.0,7.4,127.6,52,42,16,21,27,22,180,-52.4,127.6,127.6,32.9,30.8,1.58,메모-0208: 교육비와 보건비 영수증을 참고해 응답
HH-2025-001109,2025,1,ED-0109,R09,경기도,면부,농촌,ST-09-면,PSU-0234,2025-09-21,인터넷,완료,단독주택,자가,0,부부,2,2인,남성,46,40대,5,대학교,상용근로자,취업,보건·복지,Y,3,3,5,13.0,47.5,375,0.0,30,95,500.0,6000.0,52.5,447.5,62,37,4,13,46,37,199,248.5,223.8,316.4,8.3,27.5,1.945,메모-0209: 응답자가 조사표 작성 기준을 확인함
HH-2025-001110,2025,2,ED-0110,R10,강원특별자치도,동부,도시,ST-10-동,PSU-0271,2025-05-01,인터넷,완료,아파트,자가,1,3세대,6,5인 이상,남성,64,60대,5,대학교,실업자,실업,,Y,3,4,5,,,0.0,0.0,60,120,180.0,2160.0,9.9,170.1,139,60,35,40,18,58,350,-179.9,28.3,69.4,35.3,30.7,0.805,"메모-0210: 생활비, 주거비 항목 재확인"
HH-2025-001111,2025,3,ED-0111,R02,부산광역시,동부,도시,ST-02-동,PSU-0008,2025-06-07,방문면접,대리응답,오피스텔,보증부월세,0,부부,2,2인,남성,89,70대 이상,1,무학,비경제활동,비경제활동,,N,2,3,5,,,0.0,0.0,75,5,80.0,960.0,4.4,75.6,64,113,7,40,4,51,279,-203.4,37.8,53.5,149.5,31.7,1.17,메모-0211: 가구원 수 변동 내용을 면접원이 확인
HH-2025-001112,2025,4,ED-0112,R01,서울특별시,동부,도시,ST-01-동,PSU-0045,2025-07-14,전화,완료,아파트,자가,15,부부+자녀,5,5인 이상,여성,39,30대,6,대학원,상용근로자,취업,금융·전문서비스,Y,5,5,15,37.0,52.5,615,0.0,40,40,695.0,8340.0,118.2,576.8,120,74,59,12,33,43,341,235.8,115.4,258.0,12.8,29.9,1.535,메모-0212: 소득 항목은 월평균 금액으로 응답
HH-2025-001113,2025,1,ED-0113,R09,경기도,동부,도시,ST-09-동,PSU-0082,2025-08-20,방문면접,완료,연립·다세대,자가,0,부부+자녀,4,3~4인,남성,45,40대,5,대학교,임시·일용근로자,취업,농림어업,N,4,5,5,22.5,35.0,95,0.0,65,0,160.0,1920.0,8.8,151.2,122,46,22,13,35,37,425,-273.8,37.8,75.6,30.4,32.6,1.9,메모-0213: 온라인 조사 후 전화로 일부 항목 보완
HH-2025-001114,2025,2,ED-0114,R04,인천광역시,동부,도시,ST-04-동,PSU-0119,2025-09-26,인터넷,완료,단독주택,보증부월세,0,기타,4,3~4인,남성,68,60대,4,고등학교,비경제활동,비경제활동,,Y,4,4,5,,,0.0,0.0,115,15,130.0,1560.0,7.2,122.8,116,87,0,29,14,67,313,-190.2,30.7,61.4,70.8,31.2,0.76,메모-0214: 교육비와 보건비 영수증을 참고해 응답
HH-2025-001115,2025,3,ED-0115,R09,경기도,면부,농촌,ST-09-면,PSU-0156,2025-05-06,인터넷,완료,아파트,자가,6,1인가구,1,1인,여성,62,60대,3,중학교,임시·일용근로자,취업,건설업,Y,4,3,10,24.5,44.0,125,0.0,0,85,210.0,2520.0,11.6,198.4,41,41,7,44,41,31,205,-6.6,198.4,198.4,20.7,31.8,1.125,메모-0215: 응답자가 조사표 작성 기준을 확인함
HH-2025-001116,2025,4,ED-0116,R01,서울특별시,동부,도시,ST-01-동,PSU-0193,2025-06-12,전화,부분응답,아파트,전세,13,부부+자녀,4,3~4인,여성,36,30대,4,고등학교,상용근로자,취업,공공·교육,Y,4,4,10,33.0,47.0,480,0.0,30,50,560.0,6720.0,58.8,501.2,92,96,50,4,38,49,329,172.2,125.3,250.6,19.2,29.9,1.49,
HH-2025-001117,2025,1,ED-0117,R12,충청남도,동부,도시,ST-12-동,PSU-0230,2025-07-19,인터넷,완료,연립·다세대,자가,0,부부+자녀,3,3~4인,남성,43,40대,3,중학교,무급가족종사자,취업,정보통신,Y,5,3,20,42.5,34.5,0.0,155,5,0,160.0,1920.0,8.8,151.2,93,41,59,23,34,46,296,-144.8,50.4,87.3,27.1,36.2,1.855,메모-0217: 가구원 수 변동 내용을 면접원이 확인
HH-2025-001118,2025,2,ED-0118,R09,경기도,읍부,농촌,ST-09-읍,PSU-0267,2025-08-25,인터넷,완료,연립·다세대,자가,0,부부+자녀,4,3~4인,남성,74,70대 이상,4,고등학교,비경제활동,비경제활동,,Y,3,4,5,,,0.0,0.0,105,85,190.0,2280.0,10.4,179.6,127,59,13,27,14,32,272,-92.4,44.9,89.8,32.9,30.4,0.715,메모-0218: 소득 항목은 월평균 금액으로 응답
HH-2025-001119,2025,3,ED-0119,R17,제주특별자치도,읍부,농촌,ST-17-읍,PSU-0004,2025-04-04,전화,완료,단독주택,보증부월세,0,부부,2,2인,여성,64,60대,5,대학교,비경제활동,비경제활동,,Y,4,3,5,,,0.0,0.0,50,80,130.0,1560.0,7.2,122.8,72,68,0,17,27,36,220,-97.2,61.4,86.8,55.4,31.0,1.08,메모-0219: 온라인 조사 후 전화로 일부 항목 보완
HH-2025-001120,2025,4,ED-0120,R09,경기도,동부,도시,ST-09-동,PSU-0041,2025-05-11,인터넷,완료,연립·다세대,전세,0,한부모,4,3~4인,남성,50,50대,5,대학교,비경제활동,비경제활동,,Y,4,3,10,,,0.0,0.0,60,70,130.0,1560.0,7.2,122.8,122,60,39,7,20,63,311,-188.2,30.7,61.4,48.9,31.1,1.445,메모-0220: 교육비와 보건비 영수증을 참고해 응답
HH-2025-001121,2025,1,ED-0121,R01,서울특별시,동부,도시,ST-01-동,PSU-0078,2025-06-17,인터넷,완료,단독주택,전세,0,1인가구,1,1인,여성,37,30대,6,대학원,상용근로자,취업,건설업,Y,4,3,5,33.5,41.5,480,0.0,30,145,655.0,7860.0,111.4,543.6,45,57,0,25,36,50,213,405.6,543.6,543.6,10.5,29.3,1.81,메모-0221: 응답자가 조사표 작성 기준을 확인함
HH-2025-001122,2025,2,ED-0122,R01,서울특별시,동부,도시,ST-01-동,PSU-0115,2025-07-24,인터넷,완료,아파트,자가,25,부부+자녀,4,3~4인,여성,88,70대 이상,5,대학교,비경제활동,비경제활동,,Y,1,3,5,,,0.0,0.0,90,100,190.0,2280.0,10.4,179.6,101,70,15,37,17,40,280,-100.4,44.9,89.8,39.0,30.4,0.67,"메모-0222: 생활비, 주거비 항목 재확인"
HH-2025-001123,2025,3,ED-0123,R09,경기도,읍부,농촌,ST-09-읍,PSU-0152,2025-08-30,인터넷,완료,단독주택,전세,0,1인가구,1,1인,남성,55,50대,5,대학교,상용근로자,취업,제조업,N,4,4,5,33.0,36.0,525,0.0,30,5,560.0,6720.0,58.8,501.2,62,53,9,17,40,41,222,279.2,501.2,501.2,10.6,29.7,1.035,메모-0223: 가구원 수 변동 내용을 면접원이 확인
HH-2025-001124,2025,4,ED-0124,R09,경기도,면부,농촌,ST-09-면,PSU-0189,2025-04-09,방문면접,완료,단독주택,보증부월세,0,1인가구,1,1인,남성,37,30대,6,대학원,상용근로자,취업,제조업,Y,5,4,5,45.5,36.0,390,0.0,0,30,420.0,5040.0,44.1,375.9,33,66,0,9,39,20,167,208.9,375.9,375.9,17.6,34.0,1.4,메모-0224: 소득 항목은 월평균 금액으로 응답
HH-2025-001125,2025,1,ED-0125,R16,경상남도,읍부,농촌,ST-16-읍,PSU-0226,2025-05-16,인터넷,완료,단독주택,자가,0,1인가구,1,1인,여성,30,30대,5,대학교,임시·일용근로자,취업,도소매·숙박,Y,4,3,5,5.0,31.5,250,0.0,25,0,275.0,3300.0,15.1,259.9,64,26,0,11,24,41,166,93.9,259.9,259.9,10.0,29.3,1.765,메모-0225: 온라인 조사 후 전화로 일부 항목 보완
HH-2025-001126,2025,2,ED-0126,R01,서울특별시,동부,도시,ST-01-동,PSU-0263,2025-06-22,인터넷,완료,아파트,전세,23,1인가구,1,1인,남성,58,50대,4,고등학교,상용근로자,취업,도소매·숙박,Y,3,4,5,27.5,35.0,365,0.0,10,150,525.0,6300.0,55.1,469.9,73,48,0,15,32,17,185,284.9,469.9,469.9,10.2,29.0,0.625,메모-0226: 교육비와 보건비 영수증을 참고해 응답
HH-2025-001127,2025,3,ED-0127,R09,경기도,면부,농촌,ST-09-면,PSU-0300,2025-07-29,전화,완료,단독주택,자가,0,부부+자녀,4,3~4인,남성,25,20대 이하,5,대학교,자영업자,취업,농림어업,Y,5,4,5,37.5,30.5,0.0,255,35,125,415.0,4980.0,43.6,371.4,123,24,9,10,37,58,261,110.4,92.8,185.7,6.5,32.3,0.99,메모-0227: 응답자가 조사표 작성 기준을 확인함
HH-2025-001128,2025,4,ED-0128,R15,경상북도,동부,도시,ST-15-동,PSU-0037,2025-09-04,방문면접,완료,아파트,자가,7,1인가구,1,1인,남성,79,70대 이상,2,초등학교,임시·일용근로자,취업,운수업,N,3,3,15,46.0,50.5,135,0.0,90,95,370.0,4440.0,33.6,286.4,51,36,0,41,28,23,179,107.4,286.4,286.4,12.6,35.3,1.355,"메모-0228: 생활비, 주거비 항목 재확인"
HH-2025-001129,2025,1,ED-0129,R11,충청북도,면부,농촌,ST-11-면,PSU-0074,2025-04-14,전화,대리응답,아파트,전세,14,3세대,7,5인 이상,남성,36,30대,5,대학교,상용근로자,취업,농림어업,Y,4,4,30,21.5,44.0,370,0.0,25,140,535.0,6420.0,56.2,478.8,197,23,97,15,41,61,434,44.8,68.4,181.0,4.8,28.5,1.72,메모-0229: 가구원 수 변동 내용을 면접원이 확인
HH-2025-001130,2025,2,ED-0130,R04,인천광역시,동부,도시,ST-04-동,PSU-0111,2025-05-21,인터넷,완료,아파트,보증부월세,21,부부,2,2인,여성,47,40대,4,고등학교,상용근로자,취업,기타서비스,Y,4,5,5,39.5,35.0,405,0.0,50,15,470.0,5640.0,49.4,420.6,93,78,34,9,38,52,304,116.6,210.3,297.4,18.5,32.2,0.58,메모-0230: 소득 항목은 월평균 금액으로 응답
HH-2025-001131,2025,3,ED-0131,R05,광주광역시,동부,도시,ST-05-동,PSU-0148,2025-06-27,전화,완료,아파트,자가,28,부부,2,2인,여성,48,40대,4,고등학교,상용근로자,취업,도소매·숙박,Y,4,3,5,29.5,38.0,445,0.0,15,110,570.0,6840.0,59.8,510.2,81,29,13,2,38,36,199,311.2,255.1,360.8,5.7,28.9,0.945,메모-0231: 온라인 조사 후 전화로 일부 항목 보완
HH-2025-001132,2025,4,ED-0132,R15,경상북도,면부,농촌,ST-15-면,PSU-0185,2025-08-03,전화,완료,단독주택,자가,0,부부,2,2인,남성,71,70대 이상,2,초등학교,비경제활동,비경제활동,,N,2,4,5,,,0.0,0.0,70,0,70.0,840.0,3.9,66.1,71,17,0,19,37,12,156,-89.9,33.0,46.7,25.7,31.5,1.31,메모-0232: 교육비와 보건비 영수증을 참고해 응답
HH-2025-001133,2025,1,ED-0133,R12,충청남도,읍부,농촌,ST-12-읍,PSU-0222,2025-09-09,방문면접,완료,연립·다세대,자가,0,부부+자녀,3,3~4인,여성,39,30대,5,대학교,상용근로자,취업,도소매·숙박,Y,5,3,25,22.0,44.5,390,0.0,0,75,465.0,5580.0,48.8,416.2,99,42,13,26,31,34,245,171.2,138.7,240.3,10.1,28.9,1.675,메모-0233: 응답자가 조사표 작성 기준을 확인함
HH-2025-001134,2025,2,ED-0134,R07,울산광역시,동부,도시,ST-07-동,PSU-0259,2025-04-19,인터넷,대리응답,아파트,전세,19,한부모,3,3~4인,여성,36,30대,4,고등학교,자영업자,취업,운수업,Y,5,2,10,59.0,38.5,0.0,175,25,100,300.0,3600.0,31.5,268.5,82,45,16,14,34,56,247,21.5,89.5,155.0,16.8,39.7,0.535,"메모-0234: 생활비, 주거비 항목 재확인"
HH-2025-001135,2025,3,ED-0135,R01,서울특별시,동부,도시,ST-01-동,PSU-0296,2025-05-26,인터넷,완료,아파트,전세,26,부부+자녀,5,5인 이상,남성,44,40대,4,고등학교,자영업자,취업,금융·전문서비스,Y,4,3,5,39.5,54.0,0.0,385,20,140,545.0,6540.0,57.2,487.8,138,59,45,10,40,57,349,138.8,97.6,218.2,12.1,31.5,0.9,메모-0235: 가구원 수 변동 내용을 면접원이 확인
HH-2025-001136,2025,4,ED-0136,R08,경기도,동부,도시,ST-08-동,PSU-0033,2025-07-02,방문면접,완료,아파트,자가,3,한부모,4,3~4인,여성,61,60대,5,대학교,비경제활동,비경제활동,,N,4,4,30,,,0.0,0.0,85,75,160.0,1920.0,8.8,151.2,118,76,3,13,20,59,289,-137.8,37.8,325.6,50.3,30.8,1.265,메모-0236: 소득 항목은 월평균 금액으로 응답
HH-2025-001137,2025,1,ED-0137,R15,경상북도,읍부,농촌,ST-15-읍,PSU-0070,2025-08-08,인터넷,완료,연립·다세대,보증부월세,0,부부,2,2인,남성,30,30대,4,고등학교,상용근로자,취업,운수업,Y,5,4,5,21.0,36.5,310,0.0,25,10,345.0,4140.0,36.2,308.8,83,100,0,11,39,21,254,54.8,154.4,218.4,32.4,30.1,1.63,메모-0237: 온라인 조사 후 전화로 일부 항목 보완
HH-2025-001138,2025,2,ED-0138,R01,서울특별시,동부,도시,ST-01-동,PSU-0107,2025-09-14,방문면접,완료,연립·다세대,전세,0,부부,2,2인,남성,54,50대,5,대학교,상용근로자,취업,보건·복지,N,3,3,10,64.0,38.5,270,0.0,30,40,340.0,4080.0,35.7,304.3,68,64,7,18,33,26,216,88.3,152.2,215.2,21.0,41.1,1.995,메모-0238: 교육비와 보건비 영수증을 참고해 응답
HH-2025-001139,2025,3,ED-0139,R09,경기도,동부,도시,ST-09-동,PSU-0144,2025-04-24,인터넷,완료,아파트,보증부월세,24,기타,2,3~4인,남성,30,30대,4,고등학교,상용근로자,취업,도소매·숙박,Y,5,2,5,11.0,36.0,285,0.0,0,0,285.0,3420.0,15.7,269.3,99,74,5,17,41,24,260,9.3,134.7,190.4,27.5,54.7,0.855,메모-0239: 응답자가 조사표 작성 기준을 확인함
HH-2025-001140,2025,4,ED-0140,R06,대전광역시,동부,도시,ST-06-동,PSU-0181,2025-05-31,인터넷,완료,아파트,자가,1,부부+자녀,4,3~4인,남성,59,50대,5,대학교,비경제활동,비경제활동,,Y,3,3,25,,,0.0,0.0,55,30,85.0,1020.0,4.7,80.3,123,39,46,21,19,42,290,-209.7,20.1,40.1,48.6,31.6,1.22,"메모-0240: 생활비, 주거비 항목 재확인"
HH-2025-001141,2025,1,ED-0141,R09,경기도,면부,농촌,ST-09-면,PSU-0218,2025-07-07,인터넷,완료,단독주택,자가,0,부부,2,2인,여성,18,20대 이하,4,고등학교,상용근로자,취업,공공·교육,Y,4,4,10,14.5,30.0,455,0.0,45,30,530.0,6360.0,55.6,474.4,75,48,9,3,36,30,201,273.4,237.2,335.5,10.1,27.3,1.585,메모-0241: 가구원 수 변동 내용을 면접원이 확인
HH-2025-001142,2025,2,ED-0142,R01,서울특별시,동부,도시,ST-01-동,PSU-0255,2025-08-13,인터넷,완료,아파트,무상,15,부부+자녀,5,5인 이상,남성,46,40대,4,고등학교,상용근로자,취업,금융·전문서비스,Y,4,3,25,56.5,44.5,155,0.0,50,40,245.0,2940.0,13.5,231.5,139,31,51,20,26,41,308,-76.5,46.3,103.5,13.4,39.4,1.95,메모-0242: 소득 항목은 월평균 금액으로 응답
HH-2025-001143,2025,3,ED-0143,R09,경기도,동부,도시,ST-09-동,PSU-0292,2025-09-19,전화,완료,아파트,자가,22,한부모,3,3~4인,남성,56,50대,5,대학교,상용근로자,취업,건설업,N,3,4,5,47.5,33.5,675,0.0,15,50,740.0,8880.0,125.8,614.2,94,48,20,8,31,47,248,366.2,204.7,354.6,7.8,31.9,0.81,메모-0243: 온라인 조사 후 전화로 일부 항목 보완
HH-2025-001144,2025,4,ED-0144,R16,경상남도,동부,도시,ST-16-동,PSU-0029,2025-04-29,인터넷,완료,아파트,자가,29,부부+자녀,4,3~4인,여성,70,70대 이상,2,초등학교,자영업자,취업,도소매·숙박,Y,2,4,20,25.5,47.5,0.0,300,60,20,380.0,4560.0,39.9,340.1,118,41,21,24,44,46,294,46.1,85.0,170.1,12.1,30.5,1.175,메모-0244: 교육비와 보건비 영수증을 참고해 응답
HH-2025-001145,2025,1,ED-0145,R09,경기도,동부,도시,ST-09-동,PSU-0066,2025-06-05,인터넷,대리응답,단독주택,자가,0,부부+자녀,3,3~4인,남성,74,70대 이상,4,고등학교,비경제활동,비경제활동,,Y,3,2,20,,,0.0,0.0,5,0,5.0,60.0,0.3,4.7,104,43,34,25,5,49,260,-255.3,1.6,2.7,914.9,32.5,1.54,메모-0245: 응답자가 조사표 작성 기준을 확인함
HH-2025-001146,2025,2,ED-0146,R03,대구광역시,동부,도시,ST-03-동,PSU-0103,2025-07-12,전화,완료,오피스텔,전세,0,부부+자녀,4,3~4인,여성,30,30대,4,고등학교,임시·일용근로자,취업,정보통신,Y,5,3,5,70.5,45.0,130,0.0,45,15,190.0,2280.0,10.4,179.6,121,69,35,22,32,38,317,-137.4,44.9,89.8,38.4,45.4,1.905,"메모-0246: 생활비, 주거비 항목 재확인"
HH-2025-001147,2025,3,ED-0147,R09,경기도,면부,농촌,ST-09-면,PSU-0140,2025-08-18,전화,부분응답,단독주택,자가,0,1인가구,1,1인,남성,61,60대,5,대학교,자영업자,취업,금융·전문서비스,Y,2,3,10,15.0,29.0,0.0,415,50,30,495.0,5940.0,52.0,443.0,52,30,0,17,38,36,173,270.0,443.0,443.0,6.8,27.7,0.765,
HH-2025-001148,2025,4,ED-0148,R09,경기도,동부,도시,ST-09-동,PSU-0177,2025-09-24,인터넷,완료,아파트,전세,27,1인가구,1,1인,남성,48,40대,6,대학원,상용근로자,취업,보건·복지,Y,4,5,10,5.0,40.0,420,0.0,55,25,500.0,6000.0,52.5,447.5,44,85,0,6,24,21,180,267.5,447.5,447.5,19.0,27.1,1.13,메모-0248: 소득 항목은 월평균 금액으로 응답
HH-2025-001149,2025,1,ED-0149,R09,경기도,동부,도시,ST-09-동,PSU-0214,2025-05-04,방문면접,완료,아파트,무상,4,1인가구,1,1인,여성,45,40대,5,대학교,임시·일용근로자,취업,건설업,Y,5,4,10,23.0,43.5,235,0.0,15,90,340.0,4080.0,35.7,304.3,50,49,8,6,40,35,188,116.3,304.3,304.3,16.1,30.3,1.495,메모-0249: 온라인 조사 후 전화로 일부 항목 보완
HH-2025-001150,2025,2,ED-0150,R12,충청남도,면부,농촌,ST-12-면,PSU-0251,2025-06-10,인터넷,완료,단독주택,자가,0,부부+자녀,5,5인 이상,남성,61,60대,4,고등학교,임시·일용근로자,취업,건설업,Y,4,3,10,24.5,49.5,65,0.0,50,50,165.0,1980.0,9.1,155.9,133,42,11,14,38,71,309,-153.1,31.2,69.7,26.9,32.5,1.86,메모-0250: 교육비와 보건비 영수증을 참고해 응답
HH-2025-001151,2025,3,ED-0151,R01,서울특별시,동부,도시,ST-01-동,PSU-0288,2025-07-17,인터넷,완료,아파트,자가,18,1인가구,1,1인,여성,42,40대,5,대학교,임시·일용근로자,취업,공공·교육,Y,4,3,5,40.0,43.5,175,0.0,25,100,300.0,3600.0,31.5,268.5,43,36,2,11,29,26,147,121.5,268.5,268.5,13.4,33.9,0.72,메모-0251: 응답자가 조사표 작성 기준을 확인함
HH-2025-001152,2025,4,ED-0152,R16,경상남도,동부,도시,ST-16-동,PSU-0025,2025-08-23,방문면접,완료,아파트,자가,25,부부+자녀,4,3~4인,여성,45,40대,5,대학교,자영업자,취업,정보통신,Y,4,3,5,53.0,39.5,0.0,345,35,15,395.0,4740.0,41.5,353.5,103,73,34,7,49,50,316,37.5,88.4,176.8,20.7,36.8,1.085,"메모-0252: 생활비, 주거비 항목 재확인"
HH-2025-001153,2025,1,ED-0153,R09,경기도,동부,도시,ST-09-동,PSU-0062,2025-04-02,전화,완료,아파트,자가,2,부부+자녀,3,3~4인,여성,59,50대,3,중학교,자영업자,취업,농림어업,N,3,3,10,36.5,48.0,0.0,480,15,20,515.0,6180.0,54.1,460.9,96,57,22,18,33,42,268,192.9,153.6,266.1,12.4,31.0,1.45,메모-0253: 가구원 수 변동 내용을 면접원이 확인
HH-2025-001154,2025,2,ED-0154,R10,강원특별자치도,면부,농촌,ST-10-면,PSU-0099,2025-05-09,전화,완료,연립·다세대,보증부월세,0,부부,2,2인,남성,38,30대,5,대학교,임시·일용근로자,취업,금융·전문서비스,Y,5,3,5,62.0,40.0,185,0.0,40,55,280.0,3360.0,15.4,264.6,59,75,10,10,37,28,219,45.6,132.3,187.1,28.3,40.8,1.815,메모-0254: 소득 항목은 월평균 금액으로 응답
HH-2025-001155,2025,3,ED-0155,R16,경상남도,동부,도시,ST-16-동,PSU-0136,2025-06-15,인터넷,완료,아파트,자가,16,부부,2,2인,여성,35,30대,3,중학교,상용근로자,취업,정보통신,Y,4,3,5,55.0,52.0,395,0.0,0,90,485.0,5820.0,50.9,434.1,80,48,3,17,31,41,220,214.1,217.1,307.0,11.1,36.3,0.675,메모-0255: 온라인 조사 후 전화로 일부 항목 보완
HH-2025-001156,2025,4,ED-0156,R09,경기도,동부,도시,ST-09-동,PSU-0173,2025-07-22,전화,완료,연립·다세대,자가,0,1인가구,1,1인,여성,35,30대,6,대학원,자영업자,취업,도소매·숙박,Y,5,3,5,35.0,46.5,0.0,400,25,30,455.0,5460.0,47.8,407.2,53,73,8,2,39,28,203,204.2,407.2,407.2,17.9,31.2,1.04,메모-0256: 교육비와 보건비 영수증을 참고해 응답
HH-2025-001157,2025,1,ED-0157,R04,인천광역시,동부,도시,ST-04-동,PSU-0210,2025-08-28,인터넷,완료,단독주택,전세,0,부부,2,2인,남성,44,40대,5,대학교,상용근로자,실업,기타서비스,Y,4,4,15,35.0,34.0,195,0.0,10,80,285.0,3420.0,15.7,269.3,77,45,12,8,48,30,220,49.3,134.7,190.4,16.7,32.9,1.405,메모-0257: 응답자가 조사표 작성 기준을 확인함
HH-2025-001158,2025,2,ED-0158,R09,경기도,동부,도시,ST-09-동,PSU-0247,2025-04-07,인터넷,완료,연립·다세대,보증부월세,0,부부+자녀,5,5인 이상,남성,40,40대,4,고등학교,상용근로자,취업,제조업,Y,3,3,5,30.0,34.0,470,0.0,70,65,605.0,7260.0,102.9,502.1,136,98,14,18,24,54,344,158.1,100.4,224.5,19.5,29.4,1.77,"메모-0258: 생활비, 주거비 항목 재확인"
HH-2025-001159,2025,3,ED-0159,R11,충청북도,읍부,농촌,ST-11-읍,PSU-0284,2025-05-14,인터넷,완료,아파트,무상,14,부부+자녀,5,5인 이상,여성,42,40대,4,고등학교,상용근로자,취업,제조업,Y,5,4,20,13.5,36.5,240,0.0,40,55,335.0,5220.0,35.2,299.8,141,21,68,4,41,36,311,-11.2,60.0,134.1,7.0,29.6,0.63,메모-0259: 가구원 수 변동 내용을 면접원이 확인
HH-2025-001160,2025,4,ED-0160,R11,충청북도,동부,도시,ST-11-동,PSU-0021,2025-06-20,방문면접,완료,연립·다세대,보증부월세,0,3세대,7,5인 이상,남성,73,70대 이상,2,초등학교,자영업자,취업,보건·복지,Y,3,4,5,48.5,39.0,0.0,525,80,35,640.0,7680.0,108.8,531.2,168,95,32,2,24,74,395,136.2,75.9,200.8,17.9,33.5,0.995,메모-0260: 소득 항목은 월평균 금액으로 응답
HH-2025-001161,2025,1,ED-0161,R14,전라남도,동부,도시,ST-14-동,PSU-0058,2025-07-27,방문면접,완료,아파트,자가,28,부부+자녀,3,3~4인,여성,75,70대 이상,4,고등학교,비경제활동,비경제활동,,N,3,4,15,,,0.0,0.0,35,0,35.0,420.0,1.9,33.1,102,73,18,43,26,36,298,-264.9,11.0,19.1,220.5,32.2,1.36,메모-0261: 온라인 조사 후 전화로 일부 항목 보완
HH-2025-001162,2025,2,ED-0162,R09,경기도,면부,도시,ST-09-면,PSU-0095,2025-09-02,인터넷,완료,기타,전세,0,부부,2,2인,남성,44,40대,4,고등학교,상용근로자,취업,건설업,Y,4,4,5,28.0,40.5,610,0.0,10,60,680.0,8160.0,115.6,564.4,85,41,0,11,45,37,219,345.4,282.2,399.1,7.3,28.0,1.725,메모-0262: 교육비와 보건비 영수증을 참고해 응답
HH-2025-001163,2025,3,ED-0163,R13,전북특별자치도,동부,도시,ST-13-동,PSU-0132,2025-04-12,방문면접,완료,연립·다세대,보증부월세,0,한부모,3,3~4인,여성,60,60대,3,중학교,실업자,실업,,Y,4,3,15,,,0.0,0.0,15,50,65.0,780.0,3.6,61.4,96,119,0,21,17,33,286,-224.6,20.5,35.4,193.8,31.8,0.585,메모-0263: 응답자가 조사표 작성 기준을 확인함
HH-2025-001164,2025,4,ED-0164,R02,부산광역시,동부,도시,ST-02-동,PSU-0169,2025-05-19,전화,완료,아파트,자가,19,한부모,3,3~4인,여성,71,70대 이상,4,고등학교,비경제활동,비경제활동,,Y,4,4,10,,,0.0,0.0,45,15,60.0,720.0,3.3,56.7,78,33,0,9,13,43,176,-119.3,18.9,32.7,58.2,31.7,0.95,"메모-0264: 생활비, 주거비 항목 재확인"
HH-2025-001165,2025,1,ED-0165,R16,경상남도,동부,도시,ST-16-동,PSU-0206,2025-06-25,인터넷,완료,아파트,전세,26,부부,2,2인,남성,60,60대,4,고등학교,상용근로자,취업,농림어업,Y,3,3,5,14.5,40.0,275,0.0,5,130,410.0,4920.0,43.0,367.0,80,73,0,11,39,24,227,140.0,183.5,259.5,19.9,28.7,1.315,메모-0265: 가구원 수 변동 내용을 면접원이 확인
HH-2025-001166,2025,2,ED-0166,R09,경기도,면부,농촌,ST-09-면,PSU-0243,2025-08-01,전화,완료,연립·다세대,자가,0,부부,2,2인,남성,44,40대,5,대학교,임시·일용근로자,취업,제조업,N,3,2,5,12.0,34.5,150,0.0,5,0,155.0,1860.0,8.5,146.5,83,8,0,17,35,42,335,-188.5,73.2,103.6,5.5,31.3,1.68,메모-0266: 소득 항목은 월평균 금액으로 응답
HH-2025-001167,2025,3,ED-0167,R09,경기도,동부,도시,ST-09-동,PSU-0280,2025-09-07,인터넷,완료,아파트,보증부월세,10,1인가구,1,1인,남성,64,60대,5,대학교,자영업자,취업,기타서비스,Y,4,3,5,72.0,41.5,0.0,340,0,70,410.0,4920.0,43.0,367.0,43,61,12,16,26,30,188,179.0,367.0,367.0,16.6,43.5,0.54,메모-0267: 온라인 조사 후 전화로 일부 항목 보완
HH-2025-001168,2025,4,ED-0168,R09,경기도,읍부,농촌,ST-09-읍,PSU-0017,2025-04-17,방문면접,완료,단독주택,자가,0,1인가구,1,1인,남성,73,70대 이상,3,고등학교,비경제활동,비경제활동,,N,3,3,5,,,0.0,0.0,60,110,170.0,2040.0,9.3,160.7,61,21,0,18,24,19,143,17.7,160.7,160.7,33.1,30.4,0.905,메모-0268: 교육비와 보건비 영수증을 참고해 응답
HH-2025-001169,2025,1,ED-0169,R11,충청북도,면부,농촌,ST-11-면,PSU-0054,2025-05-24,인터넷,완료,연립·다세대,월세,0,1인가구,1,1인,여성,47,40대,5,대학교,실업자,실업,,Y,5,4,10,,,0.0,0.0,25,105,130.0,1560.0,7.2,122.8,51,88,0,2,24,23,188,-65.2,122.8,122.8,71.7,30.9,1.27,메모-0269: 응답자가 조사표 작성 기준을 확인함
HH-2025-001170,2025,2,ED-0170,R04,인천광역시,동부,도시,ST-04-동,PSU-0091,2025-06-30,방문면접,완료,아파트,자가,1,부부+자녀,5,5인 이상,남성,29,20대 이하,5,대학교,자영업자,취업,기타서비스,Y,5,4,5,32.5,48.0,0.0,620,35,5,660.0,7920.0,112.2,547.8,143,56,27,6,20,51,303,244.8,109.6,245.0,10.2,29.2,1.635,"메모-0270: 생활비, 주거비 항목 재확인"
HH-2025-001171,2025,3,ED-0171,R09,경기도,면부,농촌,ST-09-면,PSU-0128,2025-08-06,인터넷,완료,기타,자가,0,1인가구,1,1인,여성,58,50대,5,대학교,상용근로자,취업,금융·전문서비스,Y,4,5,15,39.0,43.0,450,0.0,50,5,505.0,6060.0,53.0,452.0,53,28,0,9,37,29,156,296.0,452.0,452.0,6.2,31.5,2.0,메모-0271: 가구원 수 변동 내용을 면접원이 확인
HH-2025-001172,2025,4,ED-0172,R11,충청북도,면부,농촌,ST-11-면,PSU-0165,2025-09-12,인터넷,완료,단독주택,자가,0,1인가구,1,1인,여성,48,40대,5,대학교,비경제활동,비경제활동,,Y,5,4,15,,,0.0,0.0,25,80,105.0,1260.0,5.8,99.2,58,24,0,15,32,31,160,-60.8,99.2,99.2,24.2,31.1,0.86,메모-0272: 소득 항목은 월평균 금액으로 응답
HH-2025-001173,2025,1,ED-0173,R01,서울특별시,동부,도시,ST-01-동,PSU-0202,2025-04-22,인터넷,대리응답,아파트,자가,22,기타,3,3~4인,여성,46,40대,5,대학교,자영업자,취업,기타서비스,Y,5,4,5,46.0,52.0,0.0,410,10,5,425.0,5100.0,44.6,380.4,119,82,15,15,22,51,304,76.4,126.8,219.6,21.6,34.4,1.225,메모-0273: 온라인 조사 후 전화로 일부 항목 보완
HH-2025-001174,2025,2,ED-0174,R15,경상북도,동부,도시,ST-15-동,PSU-0239,2025-05-29,전화,완료,아파트,보증부월세,29,한부모,4,3~4인,여성,65,60대,3,중학교,비경제활동,비경제활동,,Y,4,2,10,,,0.0,0.0,65,110,175.0,2100.0,9.6,165.4,130,89,11,30,10,47,317,-151.6,41.4,82.7,53.8,30.6,1.59,메모-0274: 교육비와 보건비 영수증을 참고해 응답
HH-2025-001175,2025,3,ED-0175,R09,경기도,동부,도시,ST-09-동,PSU-0276,2025-07-05,인터넷,완료,아파트,자가,6,부부+자녀,4,3~4인,남성,40,40대,5,대학교,상용근로자,취업,운수업,Y,5,3,60,61.5,46.0,400,0.0,40,30,520.0,6240.0,49.4,420.6,95,71,45,13,35,42,301,119.6,105.2,210.3,16.9,38.9,1.955,메모-0275: 응답자가 조사표 작성 기준을 확인함
HH-2025-001176,2025,4,ED-0176,R05,광주광역시,동부,도시,ST-05-동,PSU-0013,2025-08-11,전화,완료,아파트,자가,13,부부+자녀,4,3~4인,여성,74,70대 이상,5,대학교,비경제활동,비경제활동,,N,3,4,5,,,0.0,0.0,90,30,120.0,1440.0,6.6,113.4,119,42,18,29,15,50,273,-159.6,28.4,56.7,37.0,31.2,0.815,"메모-0276: 생활비, 주거비 항목 재확인"
HH-2025-001177,2025,1,ED-0177,R09,경기도,동부,도시,ST-09-동,PSU-0050,2025-09-17,인터넷,완료,아파트,자가,20,부부,2,2인,여성,51,50대,6,대학원,임시·일용근로자,취업,정보통신,Y,5,4,10,40.5,35.5,225,0.0,0,15,240.0,2880.0,13.2,226.8,64,53,0,13,34,49,213,13.8,113.4,160.4,23.4,34.6,1.18,메모-0277: 가구원 수 변동 내용을 면접원이 확인
HH-2025-001178,2025,2,ED-0178,R11,충청북도,읍부,농촌,ST-11-읍,PSU-0087,2025-04-27,인터넷,완료,연립·다세대,자가,0,3세대,4,3~4인,남성,35,30대,3,중학교,상용근로자,취업,기타서비스,Y,5,4,15,17.0,28.5,485,0.0,45,60,590.0,7080.0,61.9,528.1,105,35,37,4,41,31,253,275.1,132.0,264.1,6.6,27.0,1.545,
HH-2025-001179,2025,3,ED-0179,R09,경기도,동부,도시,ST-09-동,PSU-0124,2025-06-03,전화,완료,아파트,보증부월세,4,부부,2,2인,여성,36,30대,5,대학교,상용근로자,취업,도소매·숙박,Y,5,2,20,29.5,32.0,395,0.0,0,35,430.0,5160.0,45.1,384.9,70,95,14,6,35,32,252,132.9,192.4,272.2,24.7,30.5,1.91,메모-0279: 온라인 조사 후 전화로 일부 항목 보완
HH-2025-001180,2025,4,ED-0180,R03,대구광역시,동부,도시,ST-03-동,PSU-0161,2025-07-10,전화,완료,아파트,전세,11,부부+자녀,5,5인 이상,남성,50,50대,5,대학교,비경제활동,비경제활동,,Y,3,2,10,,,0.0,0.0,55,15,70.0,840.0,3.9,66.1,125,63,78,2,21,51,340,-198.89999999999998,13.2,29.6,95.3,31.9,0.77,메모-0280: 교육비와 보건비 영수증을 참고해 응답
HH-2025-001181,2025,1,ED-0181,R12,충청남도,동부,도시,ST-12-동,PSU-0198,2025-08-16,방문면접,완료,아파트,자가,18,부부+자녀,3,3~4인,여성,74,70대 이상,4,고등학교,비경제활동,비경제활동,,N,2,3,15,,,0.0,0.0,65,115,180.0,2160.0,9.9,170.1,68,64,1,47,34,52,266,-95.9,56.7,98.2,37.6,30.5,1.135,메모-0281: 응답자가 조사표 작성 기준을 확인함
HH-2025-001182,2025,2,ED-0182,R09,경기도,동부,도시,ST-09-동,PSU-0235,2025-09-22,방문면접,완료,아파트,자가,25,부부,2,2인,여성,67,60대,2,초등학교,비경제활동,비경제활동,,N,3,4,5,,,0.0,0.0,65,60,125.0,1500.0,6.9,118.1,54,46,3,17,9,49,178,-59.9,59.0,83.5,39.0,30.9,1.5,"메모-0282: 생활비, 주거비 항목 재확인"
HH-2025-001183,2025,3,ED-0183,R10,강원특별자치도,읍부,농촌,ST-10-읍,PSU-0272,2025-05-02,인터넷,부분응답,아파트,보증부월세,2,1인가구,1,1인,여성,18,20대 이하,5,대학교,임시·일용근로자,취업,건설업,Y,5,4,10,25.0,42.5,170,0.0,0,30,200.0,2400.0,11.0,189.0,62,77,14,2,38,25,218,-29.0,189.0,189.0,40.7,32.0,1.865,메모-0283: 가구원 수 변동 내용을 면접원이 확인
HH-2025-001184,2025,4,ED-0184,R02,부산광역시,동부,도시,ST-02-동,PSU-0009,2025-06-08,전화,완료,아파트,자가,9,부부,2,2인,남성,71,70대 이상,3,중학교,임시·일용근로자,취업,기타서비스,N,3,2,5,39.5,48.0,190,0.0,25,70,285.0,3420.0,15.7,269.3,79,45,0,15,28,27,194,75.3,134.7,190.4,16.7,33.8,0.725,메모-0284: 소득 항목은 월평균 금액으로 응답
HH-2025-001185,2025,1,ED-0185,R01,서울특별시,동부,도시,ST-01-동,PSU-0046,2025-07-15,전화,완료,아파트,자가,16,1인가구,1,1인,남성,65,70대 이상,3,중학교,비경제활동,비경제활동,,Y,4,3,10,,,0.0,0.0,65,30,95.0,1140.0,5.2,89.8,63,33,0,20,16,25,157,-67.2,89.8,89.8,36.7,31.2,1.09,메모-0285: 온라인 조사 후 전화로 일부 항목 보완
HH-2025-001186,2025,2,ED-0186,R09,경기도,읍부,농촌,ST-09-읍,PSU-0083,2025-08-21,방문면접,완료,연립·다세대,자가,0,기타,4,3~4인,여성,73,70대 이상,4,고등학교,무급가족종사자,취업,제조업,Y,3,3,35,27.5,33.0,0.0,160,75,130,365.0,4380.0,38.3,326.7,103,26,14,29,32,50,254,72.7,81.7,163.3,8.0,30.9,1.455,메모-0286: 교육비와 보건비 영수증을 참고해 응답
HH-2025-001187,2025,3,ED-0187,R09,경기도,동부,도시,ST-09-동,PSU-0120,2025-09-27,방문면접,완료,연립·다세대,자가,0,부부+자녀,4,3~4인,남성,41,40대,5,대학교,임시·일용근로자,취업,기타서비스,N,4,4,5,30.5,42.0,280,0.0,35,50,365.0,4380.0,38.3,326.7,125,40,25,2,32,46,270,56.7,81.7,163.3,12.2,31.4,1.82,메모-0287: 응답자가 조사표 작성 기준을 확인함
HH-2025-001188,2025,4,ED-0188,R14,전라남도,읍부,농촌,ST-14-읍,PSU-0157,2025-05-07,전화,완료,기타,자가,0,기타,4,3~4인,여성,41,40대,4,고등학교,상용근로자,취업,제조업,Y,4,4,5,62.0,37.5,335,0.0,25,50,410.0,4920.0,43.0,367.0,101,29,60,5,36,64,295,72.0,91.8,183.5,7.9,39.7,0.68,"메모-0288: 생활비, 주거비 항목 재확인"
HH-2025-001189,2025,1,ED-0189,R02,부산광역시,동부,도시,ST-02-동,PSU-0194,2025-06-13,전화,완료,아파트,자가,14,1인가구,1,1인,남성,77,70대 이상,4,고등학교,비경제활동,비경제활동,,Y,2,3,15,,,0.0,0.0,100,45,145.0,1740.0,8.0,137.0,38,56,1,25,18,42,180,-43.0,137.0,137.0,40.9,30.7,1.045,메모-0289: 가구원 수 변동 내용을 면접원이 확인
HH-2025-001190,2025,2,ED-0190,R03,대구광역시,동부,도시,ST-03-동,PSU-0231,2025-07-20,전화,완료,오피스텔,전세,0,부부+자녀,5,5인 이상,여성,51,50대,6,대학원,상용근로자,취업,건설업,Y,4,3,15,37.0,41.0,600,0.0,40,90,730.0,8760.0,124.1,605.9,114,72,54,2,25,59,326,279.9,121.2,271.0,11.9,29.5,1.41,메모-0290: 소득 항목은 월평균 금액으로 응답
HH-2025-001191,2025,3,ED-0191,R09,경기도,동부,도시,ST-09-동,PSU-0268,2025-08-26,전화,완료,아파트,보증부월세,28,1인가구,1,1인,여성,35,30대,5,대학교,자영업자,취업,보건·복지,Y,5,3,15,34.5,51.0,0.0,155,0,30,185.0,2220.0,10.2,174.8,61,95,23,12,27,25,243,-68.2,174.8,174.8,54.3,34.0,1.775,메모-0291: 온라인 조사 후 전화로 일부 항목 보완
HH-2025-001192,2025,4,ED-0192,R03,대구광역시,동부,도시,ST-03-동,PSU-0005,2025-04-05,인터넷,완료,아파트,보증부월세,5,부부+자녀,4,3~4인,여성,33,30대,5,대학교,상용근로자,취업,건설업,Y,4,4,10,25.5,41.5,485,0.0,35,50,570.0,6840.0,59.8,510.2,128,93,47,3,21,43,335,175.2,127.5,255.1,18.2,28.5,0.635,메모-0292: 교육비와 보건비 영수증을 참고해 응답
HH-2025-001193,2025,1,ED-0193,R10,강원특별자치도,동부,도시,ST-10-동,PSU-0042,2025-05-12,방문면접,완료,아파트,전세,12,기타,3,3~4인,여성,66,60대,4,고등학교,무급가족종사자,취업,도소매·숙박,N,3,3,15,5.0,44.5,0.0,55,50,85,190.0,2280.0,10.4,179.6,82,70,16,31,45,44,288,-108.4,59.9,103.7,39.0,30.5,1.0,메모-0293: 응답자가 조사표 작성 기준을 확인함
HH-2025-001194,2025,2,ED-0194,R11,충청북도,동부,도시,ST-11-동,PSU-0079,2025-06-18,전화,완료,아파트,자가,19,부부,2,2인,남성,48,40대,4,고등학교,상용근로자,취업,도소매·숙박,Y,5,4,5,38.0,38.5,295,0.0,45,85,425.0,5100.0,44.6,380.4,55,28,10,12,26,26,157,223.4,190.2,269.0,7.4,32.1,1.365,"메모-0294: 생활비, 주거비 항목 재확인"
HH-2025-001195,2025,3,ED-0195,R09,경기도,동부,도시,ST-09-동,PSU-0116,2025-07-25,방문면접,완료,아파트,자가,26,부부+자녀,4,3~4인,여성,34,30대,5,대학교,상용근로자,취업,농림어업,Y,5,4,15,32.0,41.0,395,0.0,45,110,550.0,6600.0,57.8,492.2,119,70,21,6,43,36,295,197.2,123.0,246.1,14.2,29.8,1.73,메모-0295: 가구원 수 변동 내용을 면접원이 확인
HH-2025-001196,2025,4,ED-0196,R03,대구광역시,동부,도시,ST-03-동,PSU-0153,2025-08-31,인터넷,완료,아파트,자가,3,한부모,4,3~4인,남성,53,50대,5,대학교,자영업자,취업,제조업,Y,3,3,10,15.0,36.5,0.0,480,60,120,660.0,7920.0,112.2,547.8,118,47,39,6,26,48,284,263.8,136.9,273.9,8.6,26.7,0.59,메모-0296: 소득 항목은 월평균 금액으로 응답
HH-2025-001197,2025,1,ED-0197,R01,서울특별시,동부,도시,ST-01-동,PSU-0190,2025-04-10,전화,대리응답,오피스텔,전세,0,한부모,2,2인,남성,61,60대,5,대학교,임시·일용근로자,취업,기타서비스,Y,3,4,5,32.0,37.0,130,0.0,40,145,315.0,3780.0,33.1,281.9,77,65,11,11,27,46,237,44.9,140.9,199.3,23.1,32.2,0.955,메모-0297: 온라인 조사 후 전화로 일부 항목 보완
HH-2025-001198,2025,2,ED-0198,R02,부산광역시,읍부,농촌,ST-02-읍,PSU-0227,2025-05-17,방문면접,완료,단독주택,자가,0,1인가구,1,1인,남성,60,60대,3,중학교,무급가족종사자,취업,운수업,Y,3,2,10,38.0,42.0,0.0,100,5,80,185.0,2220.0,10.2,174.8,22,35,0,26,24,33,140,34.8,174.8,174.8,20.0,34.5,1.32,메모-0298: 교육비와 보건비 영수증을 참고해 응답
HH-2025-001199,2025,3,ED-0199,R11,충청북도,면부,농촌,ST-11-면,PSU-0264,2025-06-23,인터넷,완료,단독주택,전세,0,부부,2,2인,여성,45,40대,4,고등학교,자영업자,취업,도소매·숙박,Y,4,4,15,8.0,36.5,0.0,50,10,35,95.0,1140.0,5.2,89.8,53,61,26,9,45,23,217,-127.2,44.9,63.5,67.9,31.5,1.685,메모-0299: 응답자가 조사표 작성 기준을 확인함
HH-2025-001200,2025,4,ED-0200,R09,경기도,면부,농촌,ST-09-면,PSU-0001,2025-07-30,인터넷,완료,아파트,보증부월세,1,기타,4,3~4인,여성,38,30대,6,대학원,상용근로자,취업,공공·교육,Y,5,4,10,5.0,34.0,500,0.0,35,15,550.0,6600.0,57.8,492.2,128,87,48,2,42,38,345,147.2,123.0,246.1,17.7,26.9,0.545,"메모-0300: 생활비, 주거비 항목 재확인"
HH-2025-001201,2025,1,ED-0201,R01,서울특별시,읍부,농촌,ST-01-읍,PSU-0038,2025-09-05,전화,완료,아파트,자가,8,한부모,3,3~4인,남성,62,60대,4,고등학교,상용근로자,취업,공공·교육,N,3,4,5,9.0,50.5,150,0.0,30,35,215.0,2580.0,11.8,203.2,73,10,0,20,56,50,209,-5.8,67.7,117.3,4.9,30.2,0.91,메모-0301: 가구원 수 변동 내용을 면접원이 확인
HH-2025-001202,2025,2,ED-0202,R12,충청남도,동부,도시,ST-12-동,PSU-0075,2025-04-15,인터넷,완료,아파트,전세,15,부부,2,2인,남성,57,50대,5,대학교,상용근로자,취업,보건·복지,Y,2,1,15,55.0,26.5,235,0.0,20,5,260.0,3120.0,14.3,245.7,73,80,6,14,39,23,235,10.7,122.8,173.7,32.6,38.6,1.275,메모-0302: 소득 항목은 월평균 금액으로 응답
HH-2025-001203,2025,3,ED-0203,R01,서울특별시,동부,도시,ST-01-동,PSU-0112,2025-05-22,인터넷,완료,아파트,자가,22,부부,2,2인,여성,54,50대,5,대학교,상용근로자,취업,기타서비스,Y,3,3,5,46.5,34.0,600,0.0,30,65,695.0,8340.0,118.2,576.8,96,64,0,11,37,30,238,338.8,288.4,407.9,11.1,32.0,1.64,메모-0303: 온라인 조사 후 전화로 일부 항목 보완
HH-2025-001204,2025,4,ED-0204,R06,대전광역시,면부,농촌,ST-06-면,PSU-0149,2025-06-28,인터넷,완료,아파트,보증부월세,29,부부+자녀,5,5인 이상,여성,32,30대,5,대학교,임시·일용근로자,취업,제조업,Y,4,4,15,38.5,31.0,160,0.0,30,120,310.0,3720.0,32.5,277.5,125,52,45,3,23,73,321,-43.5,55.5,124.1,18.7,33.8,0.5,메모-0304: 교육비와 보건비 영수증을 참고해 응답
HH-2025-001205,2025,1,ED-0205,R17,제주특별자치도,읍부,농촌,ST-17-읍,PSU-0186,2025-08-04,방문면접,완료,단독주택,자가,0,1인가구,1,1인,여성,32,30대,5,대학교,상용근로자,취업,운수업,Y,5,3,15,29.5,50.5,450,0.0,0,35,485.0,5820.0,50.9,434.1,54,39,0,2,36,22,153,281.1,434.1,434.1,9.0,29.7,0.865,메모-0305: 응답자가 조사표 작성 기준을 확인함
HH-2025-001206,2025,2,ED-0206,R09,경기도,동부,도시,ST-09-동,PSU-0223,2025-09-10,인터넷,완료,단독주택,자가,0,3세대,6,1인,남성,53,50대,3,중학교,상용근로자,취업,건설업,Y,4,1,10,31.5,30.5,395,0.0,40,15,450.0,5400.0,47.2,402.8,138,68,79,14,34,70,403,-0.2,67.1,164.4,16.9,55.9,1.23,"메모-0306: 생활비, 주거비 항목 재확인"
HH-2025-001207,2025,3,ED-0207,R03,인천광역시,동부,도시,ST-03-동,PSU-0260,2025-04-20,인터넷,완료,연립·다세대,자가,0,1인가구,1,1인,남성,22,20대 이하,6,대학원,비경제활동,비경제활동,,Y,5,4,5,,,0.0,0.0,15,140,155.0,1860.0,8.5,146.5,60,47,0,10,18,35,170,-23.5,146.5,396.5,32.1,30.6,1.595,메모-0307: 가구원 수 변동 내용을 면접원이 확인
HH-2025-001208,2025,4,ED-0208,R02,부산광역시,읍부,농촌,ST-02-읍,PSU-0297,2025-05-27,방문면접,완료,단독주택,전세,0,부부,2,2인,여성,48,40대,4,고등학교,비경제활동,비경제활동,,Y,4,3,5,,,0.0,0.0,25,30,55.0,660.0,3.0,52.0,91,82,0,17,24,29,243,-191.0,26.0,36.8,157.7,31.9,1.96,메모-0308: 소득 항목은 월평균 금액으로 응답
HH-2025-001209,2025,1,ED-0209,R17,제주특별자치도,동부,도시,ST-17-동,PSU-0034,2025-07-03,인터넷,완료,아파트,자가,4,1인가구,1,1인,여성,49,40대,6,대학원,자영업자,취업,도소매·숙박,Y,4,5,5,37.5,48.5,0.0,215,25,20,260.0,3120.0,14.3,245.7,60,58,7,9,13,16,163,82.7,245.7,245.7,23.6,33.6,0.82,
HH-2025-001210,2025,2,ED-0210,R01,서울특별시,동부,도시,ST-01-동,PSU-0071,2025-08-09,방문면접,완료,연립·다세대,자가,0,부부+자녀,3,3~4인,여성,61,60대,5,대학교,임시·일용근로자,취업,건설업,N,4,4,10,38.5,36.5,75,0.0,50,25,150.0,1800.0,8.2,141.8,89,32,0,13,52,41,227,-85.2,47.3,81.9,22.6,35.2,1.185,메모-0310: 교육비와 보건비 영수증을 참고해 응답
HH-2025-001211,2025,3,ED-0211,R09,경기도,동부,도시,ST-09-동,PSU-0108,2025-09-15,전화,완료,연립·다세대,자가,0,1인가구,1,1인,여성,50,50대,5,대학교,비경제활동,비경제활동,,Y,4,3,5,,,0.0,0.0,45,5,50.0,600.0,2.8,47.2,74,60,0,11,23,29,197,-149.8,47.2,47.2,127.1,31.8,1.55,메모-0311: 응답자가 조사표 작성 기준을 확인함
HH-2025-001212,2025,4,ED-0212,R01,서울특별시,동부,도시,ST-01-동,PSU-0145,2025-04-25,인터넷,완료,연립·다세대,자가,0,부부+자녀,4,3~4인,여성,42,40대,5,대학교,자영업자,취업,금융·전문서비스,Y,3,2,20,55.0,45.0,0.0,440,40,0,480.0,5760.0,50.4,429.6,86,47,30,2,42,41,248,181.6,107.4,214.8,10.9,36.4,1.915,"메모-0312: 생활비, 주거비 항목 재확인"
HH-2025-001213,2025,1,ED-0213,R01,서울특별시,동부,도시,ST-01-동,PSU-0182,2025-06-01,인터넷,완료,아파트,자가,2,1인가구,1,1인,남성,36,30대,4,고등학교,상용근로자,취업,보건·복지,Y,4,3,10,45.5,39.5,375,0.0,25,145,545.0,6540.0,57.2,487.8,56,88,5,17,45,25,236,251.8,487.8,487.8,18.0,32.8,0.775,메모-0313: 가구원 수 변동 내용을 면접원이 확인
HH-2025-001214,2025,2,ED-0214,R05,광주광역시,동부,도시,ST-05-동,PSU-0219,2025-07-08,전화,완료,아파트,월세,9,1인가구,1,1인,여성,46,40대,5,대학교,상용근로자,취업,도소매·숙박,N,3,4,10,42.0,41.0,500,0.0,70,10,580.0,6960.0,60.9,519.1,44,121,3,7,23,22,220,299.1,519.1,519.1,23.3,31.5,1.14,메모-0314: 소득 항목은 월평균 금액으로 응답
HH-2025-001215,2025,3,ED-0215,R15,경상북도,읍부,농촌,ST-15-읍,PSU-0256,2025-08-14,인터넷,완료,연립·다세대,월세,0,부부+자녀,3,3~4인,남성,62,60대,2,초등학교,비경제활동,비경제활동,,Y,4,4,5,,,0.0,0.0,15,60,75.0,900.0,4.1,70.9,100,90,14,30,18,58,310,-239.1,23.6,40.9,126.9,31.8,1.505,메모-0315: 온라인 조사 후 전화로 일부 항목 보완
HH-2025-001216,2025,4,ED-0216,R11,충청북도,면부,농촌,ST-11-면,PSU-0293,2025-09-20,전화,완료,단독주택,자가,0,부부+자녀,3,3~4인,여성,44,40대,6,대학원,자영업자,취업,도소매·숙박,Y,4,4,5,30.5,32.5,0.0,340,5,45,390.0,4680.0,40.9,349.1,108,34,18,4,30,39,233,116.1,116.4,201.6,9.7,31.1,1.87,메모-0316: 교육비와 보건비 영수증을 참고해 응답
HH-2025-001217,2025,1,ED-0217,R01,서울특별시,동부,도시,ST-01-동,PSU-0030,2025-04-30,방문면접,완료,아파트,자가,30,부부+자녀,3,3~4인,여성,46,40대,5,대학교,상용근로자,취업,보건·복지,Y,4,4,30,57.0,55.0,505,0.0,20,70,595.0,7140.0,62.5,532.5,93,66,26,5,27,31,248,284.5,177.5,307.4,12.4,35.9,0.73,메모-0317: 응답자가 조사표 작성 기준을 확인함
HH-2025-001218,2025,2,ED-0218,R02,부산광역시,동부,도시,ST-02-동,PSU-0067,2025-06-06,방문면접,완료,아파트,전세,7,1인가구,1,1인,여성,69,60대,5,대학교,상용근로자,취업,제조업,N,3,3,10,56.0,39.5,370,0.0,40,5,415.0,4980.0,43.6,371.4,59,73,29,22,27,20,230,141.4,371.4,371.4,19.7,37.4,1.095,"메모-0318: 생활비, 주거비 항목 재확인"
HH-2025-001219,2025,3,ED-0219,R01,서울특별시,읍부,농촌,ST-01-읍,PSU-0104,2025-07-13,인터넷,완료,단독주택,무상,0,1인가구,1,1인,남성,81,70대 이상,4,고등학교,자영업자,취업,도소매·숙박,Y,2,2,5,18.5,41.0,0.0,175,50,70,295.0,3540.0,16.2,278.8,80,31,29,26,35,21,372,-93.2,278.8,278.8,11.1,30.4,1.46,메모-0319: 가구원 수 변동 내용을 면접원이 확인
HH-2025-001220,2025,4,ED-0220,R09,경기도,동부,도시,ST-09-동,PSU-0141,2025-08-19,방문면접,완료,아파트,자가,21,한부모,2,2인,여성,89,70대 이상,2,초등학교,비경제활동,비경제활동,,N,1,3,50,,,0.0,0.0,100,15,115.0,2580.0,6.3,108.7,87,65,0,28,23,28,231,-122.3,54.4,76.9,59.8,31.2,1.825,메모-0320: 소득 항목은 월평균 금액으로 응답
HH-2025-001221,2025,1,ED-0221,R09,경기도,면부,농촌,ST-09-면,PSU-0178,2025-09-25,전화,완료,연립·다세대,자가,0,부부+자녀,4,3~4인,남성,41,40대,4,고등학교,임시·일용근로자,취업,공공·교육,Y,5,4,10,5.0,24.0,185,0.0,30,130,345.0,4140.0,36.2,308.8,120,28,47,2,33,64,294,14.8,77.2,154.4,9.1,29.0,0.685,메모-0321: 온라인 조사 후 전화로 일부 항목 보완
HH-2025-001222,2025,2,ED-0222,R16,경상남도,동부,도시,ST-16-동,PSU-0215,2025-05-05,전화,완료,연립·다세대,자가,0,1인가구,1,1인,여성,78,70대 이상,4,고등학교,비경제활동,비경제활동,,N,2,5,5,,,0.0,0.0,90,5,145.0,1740.0,5.2,89.8,48,36,0,40,3,22,149,-59.2,89.8,89.8,40.1,31.2,1.05,메모-0322: 교육비와 보건비 영수증을 참고해 응답
HH-2025-001223,2025,3,ED-0223,R01,서울특별시,동부,도시,ST-01-동,PSU-0252,2025-06-11,인터넷,완료,단독주택,자가,0,3세대,6,5인 이상,여성,45,40대,5,대학교,상용근로자,취업,운수업,Y,5,5,5,17.5,37.0,530,0.0,35,0,565.0,6780.0,59.3,505.7,151,30,81,13,24,68,367,138.7,84.3,206.5,5.9,27.6,1.415,메모-0323: 응답자가 조사표 작성 기준을 확인함
HH-2025-001224,2025,4,ED-0224,R06,대전광역시,동부,도시,ST-06-동,PSU-0289,2025-07-18,인터넷,완료,아파트,보증부월세,19,1인가구,1,1인,남성,54,50대,5,대학교,상용근로자,취업,도소매·숙박,Y,3,3,20,51.0,38.5,435,0.0,35,60,530.0,6360.0,55.6,474.4,50,86,0,16,20,14,186,288.4,474.4,474.4,18.1,34.5,1.78,"메모-0324: 생활비, 주거비 항목 재확인"
HH-2025-001225,2025,1,ED-0225,R01,서울특별시,동부,도시,ST-01-동,PSU-0026,2025-08-24,전화,부분응답,아파트,보증부월세,26,부부+자녀,5,5인 이상,남성,64,60대,4,고등학교,비경제활동,비경제활동,,Y,2,3,5,,,0.0,0.0,75,5,80.0,960.0,4.4,75.6,136,88,33,20,6,57,340,-264.4,15.1,33.8,116.4,31.8,0.64,메모-0325: 가구원 수 변동 내용을 면접원이 확인
HH-2025-001226,2025,2,ED-0226,R09,경기도,동부,도시,ST-09-동,PSU-0063,2025-04-03,인터넷,완료,오피스텔,전세,0,부부+자녀,4,3~4인,남성,30,30대,4,고등학교,상용근로자,취업,공공·교육,Y,5,5,5,47.5,41.0,200,0.0,55,70,325.0,3900.0,34.1,290.9,104,38,23,12,28,40,245,45.9,72.7,145.4,13.1,35.8,1.005,메모-0326: 소득 항목은 월평균 금액으로 응답
HH-2025-001227,2025,3,ED-0227,R15,경상북도,동부,도시,ST-15-동,PSU-0100,2025-05-10,인터넷,부분응답,아파트,자가,10,부부+자녀,4,3~4인,여성,49,40대,5,대학교,임시·일용근로자,취업,도소매·숙박,Y,4,5,10,44.0,52.0,175,0.0,25,75,275.0,3300.0,15.1,259.9,111,35,33,2,21,49,251,8.9,65.0,129.9,13.5,35.2,1.37,메모-0327: 온라인 조사 후 전화로 일부 항목 보완
HH-2025-001228,2025,4,ED-0228,R12,충청남도,동부,도시,ST-12-동,PSU-0137,2025-06-16,인터넷,완료,아파트,전세,17,1인가구,1,1인,남성,49,40대,5,대학교,비경제활동,비경제활동,,Y,4,4,5,,,0.0,0.0,25,0,25.0,300.0,1.4,23.6,60,90,0,14,26,20,210,-186.4,23.6,23.6,381.4,32.1,1.735,메모-0328: 교육비와 보건비 영수증을 참고해 응답
HH-2025-001229,2025,1,ED-0229,R01,서울특별시,동부,도시,ST-01-동,PSU-0174,2025-07-23,인터넷,완료,아파트,전세,24,1인가구,1,1인,여성,47,40대,4,고등학교,상용근로자,취업,보건·복지,Y,4,3,25,37.0,39.5,370,0.0,0,10,380.0,4560.0,39.9,340.1,44,72,0,13,23,33,185,155.1,340.1,340.1,21.2,32.4,0.595,메모-0329: 응답자가 조사표 작성 기준을 확인함
HH-2025-001230,2025,2,ED-0230,R09,경기도,읍부,농촌,ST-09-읍,PSU-0211,2025-08-29,인터넷,완료,단독주택,자가,0,부부+자녀,3,3~4인,남성,41,40대,4,고등학교,자영업자,취업,보건·복지,Y,5,4,15,27.5,35.0,0.0,40,5,40,85.0,1020.0,4.7,80.3,89,12,0,3,44,47,195,-114.7,26.8,46.4,14.9,33.7,0.96,"메모-0330: 생활비, 주거비 항목 재확인"
HH-2025-001231,2025,3,ED-0231,R09,경기도,동부,도시,ST-09-동,PSU-0248,2025-04-08,방문면접,완료,아파트,전세,8,부부+자녀,4,3~4인,여성,30,30대,5,대학교,자영업자,취업,제조업,Y,5,4,5,37.5,55.5,0.0,405,40,20,465.0,5580.0,48.8,416.2,105,65,32,2,23,45,272,144.2,104.0,208.1,15.6,31.8,1.325,메모-0331: 가구원 수 변동 내용을 면접원이 확인
HH-2025-001232,2025,4,ED-0232,R09,경기도,동부,도시,ST-09-동,PSU-0285,2025-05-15,방문면접,부분응답,아파트,보증부월세,15,1인가구,1,1인,남성,68,60대,3,중학교,자영업자,취업,도소매·숙박,N,3,3,5,31.0,37.0,0.0,290,0,65,355.0,4260.0,37.3,317.7,63,116,0,27,19,25,250,67.7,317.7,317.7,36.5,31.6,1.69,메모-0332: 소득 항목은 월평균 금액으로 응답
HH-2025-001233,2025,1,ED-0233,R09,경기도,읍부,농촌,ST-09-읍,PSU-0022,2025-06-21,인터넷,완료,연립·다세대,자가,0,기타,4,3~4인,여성,44,40대,4,고등학교,상용근로자,취업,정보통신,Y,5,4,5,5.0,50.5,395,0.0,50,15,460.0,5520.0,48.3,411.7,116,20,21,17,42,47,263,148.7,102.9,205.8,4.9,27.7,0.55,메모-0333: 온라인 조사 후 전화로 일부 항목 보완
HH-2025-001234,2025,2,ED-0234,R09,경기도,동부,도시,ST-09-동,PSU-0059,2025-07-28,방문면접,완료,아파트,자가,29,1인가구,1,1인,여성,56,50대,3,중학교,임시·일용근로자,취업,도소매·숙박,Y,4,2,10,77.0,49.0,145,0.0,5,95,245.0,2940.0,13.5,231.5,56,73,14,4,39,24,210,21.5,231.5,231.5,31.5,47.4,0.915,메모-0334: 교육비와 보건비 영수증을 참고해 응답
HH-2025-001235,2025,3,ED-0235,R09,경기도,동부,도시,ST-09-동,PSU-0096,2025-09-03,인터넷,완료,아파트,전세,6,1인가구,1,1인,여성,36,30대,5,대학교,비경제활동,비경제활동,,Y,5,4,15,,,0.0,0.0,40,115,155.0,1860.0,8.5,146.5,44,94,0,13,7,32,190,-43.5,146.5,146.5,64.2,30.6,1.28,메모-0335: 응답자가 조사표 작성 기준을 확인함
HH-2025-001236,2025,4,ED-0236,R01,서울특별시,동부,도시,ST-01-동,PSU-0133,2025-04-13,인터넷,완료,아파트,자가,13,3세대,7,5인 이상,여성,71,70대 이상,1,무학,비경제활동,비경제활동,,N,3,3,5,,,0.0,0.0,55,30,85.0,1020.0,4.7,80.3,168,56,58,29,22,57,390,-309.7,11.5,30.4,69.7,31.8,1.645,"메모-0336: 생활비, 주거비 항목 재확인"
HH-2025-001237,2025,1,ED-0237,R09,경기도,동부,도시,ST-09-동,PSU-0170,2025-05-20,인터넷,완료,연립·다세대,자가,0,부부+자녀,4,3~4인,남성,47,40대,3,중학교,임시·일용근로자,취업,건설업,Y,5,4,10,41.0,49.0,195,0.0,45,95,335.0,4020.0,35.2,299.8,121,41,36,15,34,53,300,-0.2,75.0,149.9,13.7,34.0,0.505,메모-0337: 가구원 수 변동 내용을 면접원이 확인
HH-2025-001238,2025,2,ED-0238,R09,경기도,동부,도시,ST-09-동,PSU-0207,2025-06-26,방문면접,완료,아파트,보증부월세,27,1인가구,1,1인,남성,36,30대,5,대학교,상용근로자,취업,제조업,Y,5,3,5,50.0,46.5,355,0.0,0,80,435.0,5220.0,45.7,389.3,42,86,9,12,27,18,194,195.3,389.3,389.3,22.1,35.2,0.87,메모-0338: 소득 항목은 월평균 금액으로 응답
HH-2025-001239,2025,3,ED-0239,R02,부산광역시,동부,도시,ST-02-동,PSU-0244,2025-08-02,인터넷,대리응답,아파트,전세,4,부부,2,2인,여성,34,30대,4,고등학교,비경제활동,비경제활동,,Y,4,2,5,,,0.0,0.0,40,55,95.0,1140.0,5.2,89.8,92,71,19,4,24,48,258,-93.19999999999999,44.9,63.5,79.1,31.4,1.235,메모-0339: 온라인 조사 후 전화로 일부 항목 보완
HH-2025-001240,2025,4,ED-0240,R16,경상남도,동부,도시,ST-16-동,PSU-0281,2025-09-08,인터넷,완료,아파트,자가,11,부부+자녀,4,3~4인,남성,43,40대,4,고등학교,상용근로자,취업,건설업,Y,5,4,5,39.5,39.5,455,0.0,45,0,500.0,6000.0,52.5,447.5,107,34,32,3,32,38,246,201.5,111.9,223.8,7.6,31.8,1.6,
HH-2025-001241,2025,1,ED-0241,R09,경기도,면부,농촌,ST-09-면,PSU-0018,2025-04-18,전화,완료,단독주택,전세,0,부부,2,2인,여성,61,60대,5,대학원,임시·일용근로자,취업,공공·교육,Y,3,4,5,8.5,50.5,245,0.0,0,40,285.0,3420.0,15.7,269.3,67,58,0,17,52,43,237,32.3,134.7,190.4,41.5,29.5,1.965,메모-0341: 응답자가 조사표 작성 기준을 확인함
HH-2025-001242,2025,2,ED-0242,R13,전북특별자치도,동부,도시,ST-13-동,PSU-0055,2025-05-25,인터넷,완료,아파트,자가,25,부부+자녀,5,5인 이상,여성,58,50대,4,고등학교,자영업자,취업,도소매·숙박,Y,4,4,5,72.0,42.0,0.0,300,45,70,415.0,4980.0,43.6,371.4,155,58,51,17,42,83,406,-34.6,74.3,166.1,15.6,43.9,0.825,"메모-0342: 생활비, 주거비 항목 재확인"
HH-2025-001243,2025,3,ED-0243,R09,경기도,동부,도시,ST-09-동,PSU-0092,2025-07-01,인터넷,완료,연립·다세대,전세,0,부부,2,2인,남성,56,50대,4,고등학교,상용근로자,취업,정보통신,Y,4,3,25,74.0,47.5,230,0.0,40,100,370.0,4440.0,38.9,331.1,67,69,5,19,31,30,221,110.1,165.6,234.1,20.8,44.9,1.19,메모-0343: 가구원 수 변동 내용을 면접원이 확인
HH-2025-001244,2025,4,ED-0244,R09,경기도,면부,농촌,ST-09-면,PSU-0129,2025-08-07,인터넷,완료,기타,자가,0,1인가구,1,1인,남성,38,30대,5,대학교,자영업자,취업,금융·전문서비스,Y,4,4,5,7.0,49.5,0.0,230,10,70,310.0,3720.0,32.5,277.5,61,21,2,5,47,34,170,107.5,277.5,277.5,7.6,29.2,1.555,메모-0344: 소득 항목은 월평균 금액으로 응답
HH-2025-001245,2025,1,ED-0245,R13,전북특별자치도,동부,농촌,ST-13-동,PSU-0166,2025-09-13,전화,완료,오피스텔,전세,0,1인가구,1,1인,남성,57,50대,4,고등학교,임시·일용근로자,취업,제조업,Y,3,3,5,64.0,55.0,245,0.0,0,5,250.0,3000.0,13.8,236.2,50,65,0,14,40,28,197,39.2,236.2,236.2,27.5,41.8,1.92,메모-0345: 온라인 조사 후 전화로 일부 항목 보완
HH-2025-001246,2025,2,ED-0246,R15,경상북도,읍부,농촌,ST-15-읍,PSU-0203,2025-04-23,인터넷,완료,단독주택,자가,0,부부+자녀,4,3~4인,남성,28,20대 이하,6,대학원,임시·일용근로자,실업,도소매·숙박,Y,5,4,5,5.0,42.5,205,0.0,20,105,330.0,3960.0,34.6,295.4,86,29,9,6,34,44,208,87.4,73.8,147.7,9.8,28.9,0.78,메모-0346: 교육비와 보건비 영수증을 참고해 응답
HH-2025-001247,2025,3,ED-0247,R02,부산광역시,동부,도시,ST-02-동,PSU-0240,2025-05-30,인터넷,완료,아파트,자가,30,부부+자녀,3,3~4인,남성,25,20대 이하,5,대학교,임시·일용근로자,취업,공공·교육,Y,5,4,20,51.0,41.0,175,0.0,10,0,185.0,2220.0,10.2,174.8,97,71,0,6,41,37,252,-77.2,58.3,100.9,40.6,38.2,1.145,메모-0347: 응답자가 조사표 작성 기준을 확인함
HH-2025-001248,2025,4,ED-0248,R16,경상남도,동부,도시,ST-16-동,PSU-0277,2025-07-06,전화,완료,아파트,무상,7,1인가구,1,1인,여성,57,50대,6,대학원,상용근로자,취업,제조업,Y,4,3,5,51.5,39.0,540,0.0,25,65,630.0,7560.0,107.1,522.9,69,36,0,2,25,28,160,362.9,522.9,522.9,6.9,34.0,1.51,"메모-0348: 생활비, 주거비 항목 재확인"
HH-2025-001249,2025,1,ED-0249,R04,인천광역시,동부,도시,ST-04-동,PSU-0014,2025-08-12,인터넷,완료,연립·다세대,자가,0,기타,5,5인 이상,여성,47,40대,4,고등학교,상용근로자,취업,금융·전문서비스,Y,5,3,5,66.0,43.0,290,0.0,40,55,385.0,4620.0,40.4,344.6,153,48,56,9,29,60,355,-10.4,68.9,154.1,13.9,41.6,1.875,메모-0349: 가구원 수 변동 내용을 면접원이 확인
HH-2025-001250,2025,2,ED-0250,R05,광주광역시,동부,도시,ST-05-동,PSU-0051,2025-09-18,인터넷,완료,단독주택,보증부월세,0,부부,2,2인,여성,74,70대 이상,2,초등학교,자영업자,취업,제조업,Y,3,4,5,53.5,48.5,0.0,45,0,50,95.0,1140.0,5.2,89.8,69,67,0,35,32,22,225,-135.2,44.9,63.5,74.6,40.0,0.735,메모-0350: 소득 항목은 월평균 금액으로 응답
HH-2025-001251,2025,3,ED-0251,R01,서울특별시,읍부,농촌,ST-01-읍,PSU-0088,2025-04-28,인터넷,완료,단독주택,보증부월세,0,부부+자녀,4,3~4인,남성,48,40대,6,대학원,자영업자,취업,건설업,Y,4,4,10,7.5,30.0,0.0,500,40,70,610.0,7320.0,103.7,506.3,132,92,33,4,35,39,335,171.3,126.6,253.2,18.2,26.8,1.1,메모-0351: 온라인 조사 후 전화로 일부 항목 보완
HH-2025-001252,2025,4,ED-0252,R01,서울특별시,동부,도시,ST-01-동,PSU-0125,2025-06-04,인터넷,완료,아파트,자가,5,부부+자녀,4,3~4인,여성,37,30대,5,대학교,비경제활동,비경제활동,,Y,4,3,5,,,0.0,0.0,15,35,50.0,600.0,2.8,47.2,115,55,1,2,26,47,246,-198.8,11.8,23.6,116.5,31.9,1.465,메모-0352: 교육비와 보건비 영수증을 참고해 응답
HH-2025-001253,2025,1,ED-0253,R17,제주특별자치도,동부,도시,ST-17-동,PSU-0162,2025-07-11,전화,완료,단독주택,자가,0,부부,2,2인,여성,65,60대,3,중학교,상용근로자,취업,건설업,N,3,3,10,70.0,47.0,415,0.0,90,95,600.0,7200.0,102.0,498.0,68,37,0,18,25,48,196,302.0,249.0,352.1,7.4,41.1,1.83,메모-0353: 응답자가 조사표 작성 기준을 확인함
HH-2025-001254,2025,2,ED-0254,R09,경기도,동부,도시,ST-09-동,PSU-0199,2025-08-17,전화,완료,연립·다세대,자가,0,부부+자녀,3,3~4인,여성,89,70대 이상,3,중학교,비경제활동,비경제활동,,Y,2,3,5,,,0.0,0.0,95,5,100.0,1200.0,5.5,94.5,91,20,8,52,25,45,241,-146.5,31.5,54.6,21.2,31.3,0.69,"메모-0354: 생활비, 주거비 항목 재확인"
HH-2025-001255,2025,3,ED-0255,R09,경기도,읍부,농촌,ST-09-읍,PSU-0236,2025-09-23,인터넷,완료,아파트,자가,26,부부+자녀,4,3~4인,남성,41,40대,4,고등학교,상용근로자,취업,제조업,Y,4,3,10,39.5,46.0,430,0.0,60,55,545.0,6540.0,57.2,487.8,105,56,36,20,27,59,303,184.8,122.0,243.9,11.5,31.4,1.055,메모-0355: 가구원 수 변동 내용을 면접원이 확인
HH-2025-001256,2025,4,ED-0256,R01,서울특별시,동부,도시,ST-01-동,PSU-0273,2025-05-03,방문면접,완료,아파트,자가,3,부부+자녀,4,3~4인,남성,19,20대 이하,5,대학교,임시·일용근로자,취업,기타서비스,Y,5,4,5,50.0,43.5,140,0.0,45,30,215.0,2580.0,11.8,203.2,101,81,17,17,31,58,305,-101.8,50.8,101.6,39.9,37.7,1.42,메모-0356: 소득 항목은 월평균 금액으로 응답
HH-2025-001257,2025,1,ED-0257,R04,인천광역시,동부,도시,ST-04-동,PSU-0010,2025-06-09,전화,완료,아파트,자가,10,1인가구,1,1인,여성,37,30대,5,대학교,상용근로자,취업,제조업,Y,5,5,10,19.0,51.5,235,0.0,10,25,270.0,3240.0,14.8,255.2,69,52,16,2,37,19,195,60.2,255.2,255.2,20.4,30.4,1.785,메모-0357: 온라인 조사 후 전화로 일부 항목 보완
HH-2025-001258,2025,2,ED-0258,R09,경기도,동부,도시,ST-09-동,PSU-0047,2025-07-16,인터넷,완료,아파트,월세,17,3세대,7,5인 이상,남성,50,50대,6,대학원,상용근로자,취업,제조업,Y,4,3,20,19.0,48.0,625,0.0,50,0,675.0,8100.0,114.8,560.2,176,119,110,4,29,66,504,56.2,80.0,211.7,21.2,27.4,0.645,메모-0358: 교육비와 보건비 영수증을 참고해 응답
HH-2025-001259,2025,3,ED-0259,R02,부산광역시,동부,도시,ST-02-동,PSU-0084,2025-08-22,인터넷,완료,아파트,보증부월세,24,한부모,2,2인,남성,72,70대 이상,2,초등학교,비경제활동,비경제활동,,Y,4,3,10,,,0.0,0.0,65,120,185.0,2220.0,10.2,174.8,64,114,7,36,12,48,281,-106.2,87.4,123.6,65.2,30.5,1.01,메모-0359: 응답자가 조사표 작성 기준을 확인함
HH-2025-001260,2025,4,ED-0260,R12,충청남도,동부,도시,ST-12-동,PSU-0121,2025-04-01,방문면접,완료,단독주택,전세,0,1인가구,1,1인,여성,40,40대,5,대학교,자영업자,취업,금융·전문서비스,Y,5,3,15,73.0,47.0,0.0,420,50,0,470.0,5640.0,49.4,420.6,58,67,0,13,27,19,184,236.6,420.6,420.6,15.9,43.3,1.375,"메모-0360: 생활비, 주거비 항목 재확인"
HH-2025-001261,2025,1,ED-0261,R01,서울특별시,면부,농촌,ST-01-면,PSU-0158,2025-05-08,방문면접,완료,기타,자가,0,부부+자녀,3,3~4인,남성,63,60대,5,대학교,상용근로자,취업,운수업,N,2,4,15,12.0,43.5,450,0.0,0,55,505.0,6060.0,53.0,452.0,91,49,1,21,34,39,235,217.0,150.7,261.0,10.8,27.5,1.74,메모-0361: 가구원 수 변동 내용을 면접원이 확인
HH-2025-001262,2025,2,ED-0262,R01,서울특별시,읍부,농촌,ST-01-읍,PSU-0195,2025-06-14,방문면접,완료,단독주택,전세,0,부부,2,2인,남성,43,40대,5,대학교,비경제활동,비경제활동,,N,5,4,5,,,0.0,0.0,30,115,145.0,1740.0,8.0,137.0,76,50,0,2,24,48,200,-63.0,68.5,96.9,36.5,30.8,0.6,메모-0362: 소득 항목은 월평균 금액으로 응답
HH-2025-001263,2025,3,ED-0263,R11,충청북도,면부,농촌,ST-11-면,PSU-0232,2025-07-21,방문면접,완료,아파트,전세,22,부부+자녀,4,3~4인,여성,18,20대 이하,4,고등학교,학생,비경제활동,,Y,5,3,10,,,0.0,0.0,50,20,70.0,840.0,3.9,66.1,121,40,0,12,19,49,241,-174.9,16.5,33.0,60.5,31.7,0.965,메모-0363: 온라인 조사 후 전화로 일부 항목 보완
HH-2025-001264,2025,4,ED-0264,R02,부산광역시,동부,도시,ST-02-동,PSU-0269,2025-08-27,인터넷,완료,단독주택,자가,0,부부+자녀,4,3~4인,남성,31,40대,5,대학교,상용근로자,취업,보건·복지,Y,5,3,5,76.5,46.5,325,0.0,55,25,405.0,4860.0,42.5,362.5,102,61,34,2,42,74,315,47.5,90.6,181.2,16.8,45.8,1.33,메모-0364: 교육비와 보건비 영수증을 참고해 응답
HH-2025-001265,2025,1,ED-0265,R15,경상북도,동부,도시,ST-15-동,PSU-0006,2025-04-06,인터넷,완료,오피스텔,자가,0,1인가구,1,1인,남성,54,50대,3,중학교,상용근로자,취업,제조업,Y,4,3,10,60.0,45.0,415,0.0,15,10,440.0,5280.0,46.2,393.8,29,83,0,27,20,31,190,203.8,393.8,393.8,21.1,38.5,1.695,메모-0365: 응답자가 조사표 작성 기준을 확인함
HH-2025-001266,2025,2,ED-0266,R17,제주특별자치도,동부,도시,ST-17-동,PSU-0043,2025-05-13,전화,완료,연립·다세대,자가,0,1인가구,1,1인,여성,29,20대 이하,5,대학교,실업자,실업,,Y,4,4,5,,,0.0,0.0,50,135,185.0,2220.0,10.2,174.8,53,28,0,2,10,33,126,48.8,174.8,174.8,16.0,30.2,0.555,"메모-0366: 생활비, 주거비 항목 재확인"
HH-2025-001267,2025,3,ED-0267,R16,경상남도,읍부,농촌,ST-16-읍,PSU-0080,2025-06-19,인터넷,완료,아파트,자가,20,1인가구,1,1인,남성,41,40대,4,고등학교,비경제활동,비경제활동,,Y,5,2,15,,,0.0,0.0,20,25,45.0,540.0,2.5,42.5,53,34,16,2,26,34,165,-122.5,42.5,42.5,80.0,31.8,0.92,메모-0367: 가구원 수 변동 내용을 면접원이 확인
HH-2025-001268,2025,4,ED-0268,R16,경상남도,면부,농촌,ST-16-면,PSU-0117,2025-07-26,인터넷,완료,단독주택,전세,0,3세대,5,5인 이상,여성,48,40대,5,대학교,상용근로자,취업,기타서비스,Y,4,4,10,5.0,43.0,295,0.0,60,80,435.0,5220.0,45.7,389.3,144,64,86,5,40,58,397,-7.7,77.9,174.1,16.4,28.2,1.285,메모-0368: 소득 항목은 월평균 금액으로 응답
HH-2025-001269,2025,1,ED-0269,R01,서울특별시,동부,도시,ST-01-동,PSU-0154,2025-09-01,방문면접,완료,오피스텔,보증부월세,0,부부+자녀,5,5인 이상,여성,65,60대,3,중학교,임시·일용근로자,취업,도소매·숙박,N,3,3,10,60.0,36.0,130,0.0,55,90,325.0,3900.0,15.1,259.9,122,77,8,30,32,66,335,-75.1,52.0,116.2,29.6,40.4,1.65,메모-0369: 온라인 조사 후 전화로 일부 항목 보완
HH-2025-001270,2025,2,ED-0270,R12,충청남도,동부,도시,ST-12-동,PSU-0191,2025-04-11,방문면접,완료,단독주택,자가,0,1인가구,1,1인,여성,73,70대 이상,3,중학교,비경제활동,비경제활동,,N,3,4,15,,,0.0,0.0,50,30,80.0,960.0,4.4,75.6,64,55,12,28,12,10,181,-105.4,75.6,75.6,72.8,31.5,0.51,메모-0370: 교육비와 보건비 영수증을 참고해 응답
HH-2025-001271,2025,3,ED-0271,R09,경기도,읍부,농촌,ST-09-읍,PSU-0228,2025-05-18,인터넷,완료,연립·다세대,보증부월세,0,1인가구,1,1인,남성,46,40대,3,중학교,임시·일용근로자,취업,농림어업,Y,5,1,10,61.0,40.5,80,0.0,35,0,115.0,1380.0,6.3,108.7,43,77,0,7,34,20,181,-72.3,108.7,108.7,70.8,42.2,0.875,
HH-2025-001272,2025,4,ED-0272,R06,대전광역시,동부,도시,ST-06-동,PSU-0265,2025-06-24,인터넷,완료,아파트,보증부월세,25,한부모,3,3~4인,여성,59,50대,5,대학교,비경제활동,비경제활동,,Y,5,3,5,,,0.0,0.0,0,55,55.0,660.0,3.0,52.0,100,94,14,18,13,55,444,-392.0,17.3,30.0,180.8,32.3,1.24,"메모-0372: 생활비, 주거비 항목 재확인"
HH-2025-001273,2025,1,ED-0273,R09,경기도,읍부,농촌,ST-09-읍,PSU-0002,2025-07-31,인터넷,완료,오피스텔,자가,0,기타,3,5인 이상,남성,46,40대,5,대학교,상용근로자,취업,기타서비스,Y,4,3,5,5.0,31.5,495,0.0,30,10,535.0,6420.0,56.2,478.8,88,69,14,7,44,53,275,203.8,159.6,276.4,14.4,51.9,1.605,메모-0373: 가구원 수 변동 내용을 면접원이 확인
HH-2025-001274,2025,2,ED-0274,R04,인천광역시,동부,도시,ST-04-동,PSU-0039,2025-09-06,방문면접,완료,아파트,보증부월세,9,부부,2,2인,여성,62,60대,5,대학교,무급가족종사자,취업,보건·복지,N,2,2,10,43.5,47.5,0.0,50,40,20,110.0,1320.0,6.0,104.0,76,111,9,28,34,38,296,-192.0,52.0,73.5,106.7,37.0,1.97,메모-0374: 소득 항목은 월평균 금액으로 응답
HH-2025-001275,2025,3,ED-0275,R16,경상남도,동부,도시,ST-16-동,PSU-0076,2025-04-16,인터넷,완료,아파트,보증부월세,16,부부+자녀,4,3~4인,남성,36,30대,5,대학교,자영업자,취업,공공·교육,Y,5,3,25,66.5,40.0,0.0,70,40,65,175.0,2100.0,9.6,165.4,124,88,40,5,31,46,334,-168.6,41.4,82.7,53.2,43.9,0.83,메모-0375: 온라인 조사 후 전화로 일부 항목 보완
HH-2025-001276,2025,4,ED-0276,R13,전북특별자치도,면부,농촌,ST-13-면,PSU-0113,2025-05-23,인터넷,완료,연립·다세대,보증부월세,0,1인가구,1,1인,남성,58,50대,3,중학교,상용근로자,취업,건설업,Y,4,4,10,17.0,44.0,375,0.0,25,0,400.0,4800.0,42.0,358.0,56,47,0,26,46,10,185,173.0,358.0,358.0,13.1,28.9,1.195,메모-0376: 교육비와 보건비 영수증을 참고해 응답
HH-2025-001277,2025,1,ED-0277,R09,경기도,읍부,농촌,ST-09-읍,PSU-0150,2025-06-29,인터넷,완료,기타,월세,0,부부+자녀,3,3~4인,여성,55,50대,5,대학교,임시·일용근로자,취업,도소매·숙박,Y,5,3,10,20.0,27.0,170,0.0,60,0,230.0,2760.0,12.7,217.3,78,82,16,17,33,47,273,-55.7,72.4,125.5,37.7,31.1,1.56,메모-0377: 응답자가 조사표 작성 기준을 확인함
HH-2025-001278,2025,2,ED-0278,R13,전라남도,동부,도시,ST-13-동,PSU-0187,2025-08-05,인터넷,완료,아파트,보증부월세,7,한부모,3,3~4인,여성,51,50대,5,대학교,상용근로자,취업,공공·교육,Y,4,4,5,29.0,34.5,290,0.0,30,65,385.0,4620.0,40.4,344.6,110,104,12,5,29,46,306,38.6,114.9,449.0,30.2,31.0,1.925,"메모-0378: 생활비, 주거비 항목 재확인"
HH-2025-001279,2025,3,ED-0279,R04,인천광역시,동부,도시,ST-04-동,PSU-0224,2025-09-11,인터넷,완료,아파트,보증부월세,14,한부모,2,2인,남성,49,40대,5,대학교,자영업자,취업,공공·교육,Y,4,4,15,32.0,61.5,0.0,525,0,10,535.0,6420.0,56.2,478.8,72,79,18,7,19,24,219,259.8,239.4,338.6,16.5,29.8,0.785,메모-0379: 가구원 수 변동 내용을 면접원이 확인
HH-2025-001280,2025,4,ED-0280,R01,서울특별시,동부,도시,ST-01-동,PSU-0261,2025-04-21,인터넷,완료,단독주택,자가,0,1인가구,1,1인,남성,42,40대,5,대학교,상용근로자,취업,도소매·숙박,Y,5,3,5,56.0,38.5,350,0.0,40,25,415.0,4980.0,43.6,371.4,70,51,3,2,30,25,181,190.4,371.4,371.4,13.7,37.3,1.15,메모-0380: 소득 항목은 월평균 금액으로 응답
HH-2025-001281,2025,1,ED-0281,R09,경기도,동부,도시,ST-09-동,PSU-0298,2025-05-28,인터넷,완료,연립·다세대,전세,0,1인가구,1,1인,남성,71,70대 이상,3,중학교,임시·일용근로자,취업,도소매·숙박,N,3,3,5,17.5,40.5,210,0.0,30,70,310.0,4920.0,32.5,277.5,64,55,2,30,41,22,214,63.5,277.5,277.5,19.8,30.0,1.515,메모-0381: 온라인 조사 후 전화로 일부 항목 보완
HH-2025-001282,2025,2,ED-0282,R09,경기도,동부,도시,ST-09-동,PSU-0035,2025-07-04,인터넷,완료,단독주택,전세,0,부부+자녀,4,3~4인,여성,75,70대 이상,2,초등학교,비경제활동,비경제활동,,Y,2,3,30,,,0.0,0.0,105,15,120.0,1440.0,6.6,113.4,128,68,21,21,9,66,313,-199.6,28.4,56.7,60.0,31.3,1.88,메모-0382: 교육비와 보건비 영수증을 참고해 응답
HH-2025-001283,2025,3,ED-0283,R06,대전광역시,동부,도시,ST-06-동,PSU-0072,2025-08-10,방문면접,완료,아파트,자가,12,부부,2,2인,남성,71,70대 이상,4,고등학교,비경제활동,비경제활동,,N,3,3,20,,,0.0,0.0,30,85,115.0,1380.0,6.3,108.7,90,29,0,23,19,39,200,-91.3,54.4,76.9,26.7,31.1,0.74,메모-0383: 응답자가 조사표 작성 기준을 확인함
HH-2025-001284,2025,4,ED-0284,R05,광주광역시,동부,도시,ST-05-동,PSU-0109,2025-09-16,전화,대리응답,아파트,자가,19,부부+자녀,4,3~4인,남성,47,40대,4,고등학교,상용근로자,취업,도소매·숙박,Y,5,3,5,46.5,45.0,260,0.0,15,120,395.0,4740.0,41.5,353.5,111,22,31,5,35,42,246,107.5,88.4,176.8,6.2,34.7,1.105,"메모-0384: 생활비, 주거비 항목 재확인"
HH-2025-001285,2025,1,ED-0285,R04,인천광역시,동부,도시,ST-04-동,PSU-0146,2025-04-26,인터넷,완료,아파트,전세,26,부부,2,2인,남성,86,70대 이상,3,중학교,비경제활동,비경제활동,,Y,1,4,5,,,0.0,0.0,95,0,95.0,1140.0,5.2,89.8,86,85,22,57,22,40,312,-222.2,44.9,63.5,94.7,31.5,1.47,메모-0385: 가구원 수 변동 내용을 면접원이 확인
HH-2025-001286,2025,2,ED-0286,R02,부산광역시,동부,도시,ST-02-동,PSU-0183,2025-06-02,인터넷,완료,연립·다세대,자가,0,1인가구,1,1인,여성,52,50대,5,대학교,임시·일용근로자,취업,공공·교육,Y,4,4,10,33.5,36.0,275,0.0,0,120,395.0,4740.0,41.5,353.5,62,64,0,2,20,10,158,195.5,353.5,353.5,18.1,31.4,1.835,메모-0386: 소득 항목은 월평균 금액으로 응답
HH-2025-001287,2025,3,ED-0287,R09,경기도,동부,도시,ST-09-동,PSU-0220,2025-07-09,인터넷,완료,아파트,전세,10,부부+자녀,4,3~4인,남성,52,50대,4,고등학교,비경제활동,비경제활동,,Y,4,4,25,,,0.0,0.0,25,20,45.0,540.0,2.5,42.5,135,74,36,16,14,57,332,-289.5,10.6,21.2,174.1,32.2,0.695,메모-0387: 온라인 조사 후 전화로 일부 항목 보완
HH-2025-001288,2025,4,ED-0288,R09,경기도,동부,도시,ST-09-동,PSU-0257,2025-08-15,방문면접,완료,아파트,보증부월세,17,부부+자녀,5,5인 이상,남성,32,30대,4,고등학교,자영업자,취업,공공·교육,Y,4,3,10,45.5,41.5,0.0,475,15,10,500.0,6000.0,52.5,447.5,114,93,32,13,38,48,338,109.5,89.5,200.1,20.8,33.5,1.06,메모-0388: 교육비와 보건비 영수증을 참고해 응답
HH-2025-001289,2025,1,ED-0289,R02,부산광역시,동부,도시,ST-02-동,PSU-0294,2025-09-21,인터넷,완료,연립·다세대,자가,0,부부+자녀,3,3~4인,남성,50,50대,6,대학원,자영업자,취업,기타서비스,N,5,4,30,28.0,51.0,0.0,475,0,65,540.0,6480.0,56.7,483.3,98,71,3,22,19,31,244,239.3,161.1,279.0,14.7,29.0,1.425,메모-0389: 응답자가 조사표 작성 기준을 확인함
HH-2025-001290,2025,2,ED-0290,R02,부산광역시,동부,도시,ST-02-동,PSU-0031,2025-05-01,인터넷,부분응답,아파트,자가,1,부부,2,2인,남성,25,20대 이하,6,대학원,상용근로자,취업,기타서비스,Y,4,2,20,48.0,52.0,480,0.0,45,20,545.0,6540.0,57.2,487.8,68,32,0,7,34,29,170,317.8,243.9,344.9,6.6,33.4,1.79,"메모-0390: 생활비, 주거비 항목 재확인"
HH-2025-001291,2025,3,ED-0291,R16,경상남도,동부,도시,ST-16-동,PSU-0068,2025-06-07,인터넷,완료,아파트,보증부월세,8,부부+자녀,5,5인 이상,여성,76,70대 이상,4,고등학교,임시·일용근로자,취업,공공·교육,Y,3,4,30,27.5,39.5,65,0.0,85,60,210.0,2520.0,11.6,198.4,143,93,15,22,37,54,364,-165.6,39.7,88.7,46.9,32.6,0.65,메모-0391: 가구원 수 변동 내용을 면접원이 확인
HH-2025-001292,2025,4,ED-0292,R09,경기도,면부,농촌,ST-09-면,PSU-0105,2025-07-14,전화,완료,연립·다세대,자가,0,기타,3,3~4인,여성,79,70대 이상,2,초등학교,비경제활동,비경제활동,,N,2,4,20,,,0.0,0.0,60,0,60.0,720.0,3.3,56.7,116,47,24,28,17,41,273,-216.3,18.9,32.7,82.9,31.9,1.015,메모-0392: 소득 항목은 월평균 금액으로 응답
HH-2025-001293,2025,1,ED-0293,R16,경상남도,동부,도시,ST-16-동,PSU-0142,2025-08-20,인터넷,완료,아파트,자가,22,부부+자녀,4,3~4인,여성,49,40대,6,대학원,상용근로자,취업,보건·복지,Y,4,3,10,78.5,47.0,410,0.0,35,115,560.0,6720.0,58.8,501.2,121,55,36,13,39,47,311,190.2,125.3,250.6,11.0,45.1,1.38,메모-0393: 온라인 조사 후 전화로 일부 항목 보완
HH-2025-001294,2025,2,ED-0294,R09,경기도,면부,농촌,ST-09-면,PSU-0179,2025-09-26,방문면접,완료,단독주택,자가,0,1인가구,1,1인,남성,63,60대,4,고등학교,상용근로자,취업,운수업,Y,4,4,10,40.5,47.5,450,0.0,20,50,520.0,6240.0,54.6,465.4,59,50,0,5,41,12,167,298.4,465.4,465.4,10.7,31.7,1.745,메모-0394: 교육비와 보건비 영수증을 참고해 응답
HH-2025-001295,2025,3,ED-0295,R04,인천광역시,동부,도시,ST-04-동,PSU-0216,2025-05-06,인터넷,완료,아파트,자가,6,1인가구,1,1인,남성,56,50대,5,대학교,비경제활동,비경제활동,,Y,3,2,5,,,0.0,0.0,25,75,100.0,1200.0,5.5,94.5,39,63,4,2,36,18,162,-67.5,94.5,94.5,66.7,31.2,0.605,메모-0395: 응답자가 조사표 작성 기준을 확인함
HH-2025-001296,2025,4,ED-0296,R10,강원특별자치도,동부,도시,ST-10-동,PSU-0253,2025-06-12,인터넷,완료,아파트,자가,13,부부,2,2인,남성,24,20대 이하,4,고등학교,학생,비경제활동,,Y,4,4,5,,,0.0,0.0,40,140,180.0,2160.0,9.9,170.1,85,62,0,5,27,37,216,-45.9,85.0,120.3,36.4,30.4,0.97,"메모-0396: 생활비, 주거비 항목 재확인"
HH-2025-001297,2025,1,ED-0297,R04,인천광역시,동부,도시,ST-04-동,PSU-0290,2025-07-19,방문면접,완료,단독주택,보증부월세,0,3세대,6,5인 이상,여성,64,60대,3,중학교,비경제활동,비경제활동,,Y,4,4,10,,,0.0,0.0,30,30,60.0,720.0,3.3,56.7,169,73,1,24,17,52,336,-279.3,9.5,23.1,128.7,32.0,1.335,메모-0397: 가구원 수 변동 내용을 면접원이 확인
HH-2025-001298,2025,2,ED-0298,R01,서울특별시,동부,도시,ST-01-동,PSU-0027,2025-08-25,인터넷,완료,아파트,보증부월세,27,1인가구,1,1인,남성,21,20대 이하,5,대학교,학생,비경제활동,,Y,4,3,5,,,0.0,0.0,70,0,70.0,840.0,3.9,66.1,41,73,19,2,11,32,178,-36.900000000000006,66.1,66.1,110.4,31.6,1.7,메모-0398: 소득 항목은 월평균 금액으로 응답
HH-2025-001299,2025,3,ED-0299,R03,대구광역시,동부,도시,ST-03-동,PSU-0064,2025-04-04,인터넷,완료,아파트,자가,4,부부+자녀,5,5인 이상,여성,37,30대,4,고등학교,임시·일용근로자,취업,공공·교육,Y,4,2,20,34.0,44.0,160,0.0,35,35,230.0,2760.0,12.7,217.3,106,56,48,10,38,66,324,-106.7,43.5,97.2,25.8,33.5,0.56,메모-0399: 온라인 조사 후 전화로 일부 항목 보완
HH-2025-001300,2025,4,ED-0300,R01,서울특별시,동부,도시,ST-01-동,PSU-0101,2025-05-11,인터넷,완료,단독주택,자가,0,부부+자녀,5,5인 이상,여성,63,60대,5,대학교,비경제활동,비경제활동,,Y,4,4,10,,,0.0,0.0,55,25,80.0,960.0,4.4,75.6,144,67,10,10,27,49,307,-231.4,15.1,33.8,88.6,31.7,0.925,메모-0400: 교육비와 보건비 영수증을 참고해 응답
HH-2025-001301,2025,1,ED-0301,R03,대구광역시,동부,도시,ST-03-동,PSU-0138,2025-06-17,인터넷,완료,아파트,무상,18,부부+자녀,3,3~4인,여성,44,40대,6,대학원,비경제활동,비경제활동,,Y,4,4,10,,,0.0,0.0,40,0,40.0,480.0,2.2,37.8,84,60,42,6,23,32,247,-209.2,12.6,21.8,158.7,32.0,1.29,메모-0401: 응답자가 조사표 작성 기준을 확인함
HH-2025-001302,2025,2,ED-0302,R06,대전광역시,동부,도시,ST-06-동,PSU-0175,2025-07-24,전화,완료,아파트,자가,25,부부+자녀,4,3~4인,남성,48,40대,4,고등학교,상용근로자,취업,금융·전문서비스,Y,3,2,5,85.5,43.0,215,0.0,15,110,340.0,4080.0,35.7,304.3,95,51,43,6,31,37,263,41.3,76.1,152.2,16.8,50.8,1.655,
HH-2025-001303,2025,3,ED-0303,R09,경기도,읍부,농촌,ST-09-읍,PSU-0212,2025-08-30,전화,완료,아파트,자가,2,1인가구,1,1인,여성,37,30대,4,고등학교,실업자,실업,,Y,5,4,5,,,0.0,0.0,40,75,115.0,1380.0,6.3,108.7,52,43,0,5,23,37,160,-51.3,108.7,108.7,39.6,31.0,0.515,메모-0403: 가구원 수 변동 내용을 면접원이 확인
HH-2025-001304,2025,4,ED-0304,R04,인천광역시,동부,도시,ST-04-동,PSU-0249,2025-04-09,전화,부분응답,아파트,자가,9,부부+자녀,4,3~4인,여성,63,60대,4,고등학교,비경제활동,비경제활동,,Y,3,4,5,,,0.0,0.0,70,15,85.0,1020.0,4.7,80.3,128,48,8,15,8,62,269,-188.7,20.1,40.1,59.8,31.6,0.88,메모-0404: 소득 항목은 월평균 금액으로 응답
HH-2025-001305,2025,1,ED-0305,R07,울산광역시,동부,도시,ST-07-동,PSU-0286,2025-05-16,인터넷,완료,아파트,전세,16,부부,2,2인,여성,32,30대,6,대학원,자영업자,취업,도소매·숙박,Y,5,4,5,48.0,46.5,0.0,320,40,10,370.0,4440.0,38.9,331.1,84,60,0,20,24,25,213,118.1,165.6,234.1,18.1,35.4,1.245,메모-0405: 온라인 조사 후 전화로 일부 항목 보완
HH-2025-001306,2025,2,ED-0306,R02,부산광역시,읍부,농촌,ST-02-읍,PSU-0023,2025-06-22,방문면접,완료,연립·다세대,자가,0,한부모,3,3~4인,여성,37,30대,3,중학교,비경제활동,비경제활동,,Y,5,3,10,,,0.0,0.0,25,30,55.0,660.0,3.0,52.0,93,51,5,4,24,50,227,-175.0,17.3,30.0,98.1,31.8,1.61,메모-0406: 교육비와 보건비 영수증을 참고해 응답
HH-2025-001307,2025,3,ED-0307,R11,충청북도,면부,농촌,ST-11-면,PSU-0060,2025-07-29,전화,완료,단독주택,전세,0,한부모,4,3~4인,여성,55,50대,2,초등학교,상용근로자,취업,공공·교육,Y,4,3,25,40.5,40.0,315,0.0,85,140,540.0,6480.0,56.7,483.3,102,43,35,7,36,69,292,191.3,120.8,241.7,8.9,31.7,1.975,메모-0407: 응답자가 조사표 작성 기준을 확인함
HH-2025-001308,2025,4,ED-0308,R06,대전광역시,동부,도시,ST-06-동,PSU-0097,2025-09-04,방문면접,완료,아파트,전세,7,기타,3,3~4인,여성,58,50대,4,고등학교,상용근로자,취업,제조업,N,3,4,10,21.5,43.0,430,0.0,0,45,475.0,5700.0,49.9,425.1,88,27,40,27,38,31,251,174.1,141.7,245.4,6.4,28.8,0.835,"메모-0408: 생활비, 주거비 항목 재확인"
HH-2025-001309,2025,1,ED-0309,R09,경기도,읍부,농촌,ST-09-읍,PSU-0134,2025-04-14,전화,완료,단독주택,자가,0,1인가구,1,1인,여성,65,60대,3,중학교,비경제활동,비경제활동,,Y,3,4,5,,,0.0,0.0,25,60,85.0,1020.0,4.7,80.3,52,27,8,11,23,30,151,-70.7,80.3,80.3,33.6,31.3,1.2,메모-0409: 가구원 수 변동 내용을 면접원이 확인
HH-2025-001310,2025,2,ED-0310,R04,인천광역시,동부,도시,ST-04-동,PSU-0171,2025-05-21,전화,완료,아파트,무상,21,부부,2,2인,남성,42,40대,4,고등학교,자영업자,취업,금융·전문서비스,Y,4,3,5,5.0,41.0,0.0,210,20,15,245.0,2940.0,13.5,231.5,73,8,0,15,29,33,158,73.5,115.8,163.7,3.5,29.6,1.565,메모-0410: 소득 항목은 월평균 금액으로 응답
HH-2025-001311,2025,3,ED-0311,R12,충청남도,동부,도시,ST-12-동,PSU-0208,2025-06-27,인터넷,완료,단독주택,보증부월세,0,기타,4,3~4인,남성,68,60대,4,고등학교,상용근로자,취업,제조업,Y,3,3,20,67.5,30.5,330,0.0,60,20,410.0,4920.0,43.0,367.0,138,103,23,25,31,53,373,-6.0,91.8,183.5,28.1,42.0,1.93,메모-0411: 온라인 조사 후 전화로 일부 항목 보완
HH-2025-001312,2025,4,ED-0312,R03,대구광역시,동부,도시,ST-03-동,PSU-0245,2025-08-03,인터넷,완료,오피스텔,자가,0,1인가구,1,1인,여성,51,50대,4,고등학교,상용근로자,취업,농림어업,Y,3,3,5,58.0,38.0,435,0.0,45,10,490.0,5880.0,51.4,438.6,42,72,1,26,41,31,213,225.6,438.6,438.6,16.4,37.3,0.79,메모-0412: 교육비와 보건비 영수증을 참고해 응답
HH-2025-001313,2025,1,ED-0313,R02,부산광역시,면부,농촌,ST-02-면,PSU-0282,2025-09-09,인터넷,완료,아파트,자가,12,1인가구,1,1인,여성,79,70대 이상,5,대학교,자영업자,취업,금융·전문서비스,Y,2,4,10,33.5,37.5,0.0,235,60,135,430.0,5160.0,45.1,384.9,57,34,0,31,40,23,185,199.9,384.9,384.9,8.8,31.1,1.155,메모-0413: 응답자가 조사표 작성 기준을 확인함
HH-2025-001314,2025,2,ED-0314,R14,전라남도,동부,도시,ST-14-동,PSU-0019,2025-04-19,인터넷,완료,오피스텔,보증부월세,0,부부,2,2인,여성,60,60대,4,대학교,자영업자,취업,기타서비스,Y,3,3,5,23.5,47.5,0.0,185,0,90,275.0,3300.0,15.1,259.9,84,95,0,18,32,37,266,-6.1,129.9,183.8,56.6,31.1,1.52,"메모-0414: 생활비, 주거비 항목 재확인"
HH-2025-001315,2025,3,ED-0315,R09,경기도,동부,도시,ST-09-동,PSU-0056,2025-05-26,전화,완료,아파트,자가,26,부부,2,2인,남성,37,30대,5,대학교,실업자,실업,,Y,4,4,10,,,0.0,0.0,30,30,60.0,720.0,3.3,56.7,79,43,0,2,17,32,173,-116.3,28.4,40.1,75.8,31.7,1.885,메모-0415: 가구원 수 변동 내용을 면접원이 확인
HH-2025-001316,2025,4,ED-0316,R09,경기도,동부,도시,ST-09-동,PSU-0093,2025-07-02,전화,완료,오피스텔,자가,0,1인가구,1,1인,여성,30,30대,5,대학교,상용근로자,취업,도소매·숙박,Y,5,3,5,43.5,37.0,310,0.0,45,30,435.0,5220.0,40.4,344.6,61,26,0,8,33,41,169,175.6,344.6,344.6,7.5,33.9,0.745,메모-0416: 소득 항목은 월평균 금액으로 응답
HH-2025-001317,2025,1,ED-0317,R01,서울특별시,동부,도시,ST-01-동,PSU-0130,2025-08-08,전화,부분응답,연립·다세대,자가,0,1인가구,1,1인,여성,43,40대,5,대학교,자영업자,취업,도소매·숙박,Y,5,3,35,57.0,47.0,0.0,265,20,15,300.0,3600.0,31.5,268.5,51,43,4,7,27,28,160,108.5,268.5,268.5,16.0,38.8,1.11,메모-0417: 온라인 조사 후 전화로 일부 항목 보완
HH-2025-001318,2025,2,ED-0318,R01,서울특별시,동부,도시,ST-01-동,PSU-0167,2025-09-14,인터넷,완료,아파트,보증부월세,17,1인가구,1,1인,여성,75,70대 이상,4,고등학교,비경제활동,비경제활동,,Y,3,4,15,,,0.0,0.0,35,60,95.0,1140.0,5.2,89.8,34,67,3,29,12,30,175,-85.2,89.8,89.8,74.6,31.3,1.475,메모-0418: 교육비와 보건비 영수증을 참고해 응답
HH-2025-001319,2025,3,ED-0319,R01,서울특별시,동부,도시,ST-01-동,PSU-0204,2025-04-24,전화,완료,단독주택,자가,0,한부모,3,3~4인,남성,75,70대 이상,4,고등학교,비경제활동,비경제활동,,N,3,4,5,,,0.0,0.0,30,65,95.0,1140.0,5.2,89.8,93,26,6,22,29,42,218,-128.2,29.9,51.8,29.0,31.4,1.84,메모-0419: 응답자가 조사표 작성 기준을 확인함
HH-2025-001320,2025,4,ED-0320,R17,제주특별자치도,읍부,농촌,ST-17-읍,PSU-0241,2025-05-31,전화,완료,연립·다세대,보증부월세,0,부부,2,2인,여성,48,40대,5,대학교,자영업자,취업,제조업,Y,4,4,5,52.0,41.5,0.0,675,55,25,755.0,9060.0,128.4,626.6,74,71,0,9,46,56,256,370.6,313.3,443.1,11.3,33.1,0.7,"메모-0420: 생활비, 주거비 항목 재확인"
HH-2025-001321,2025,1,ED-0321,R01,서울특별시,동부,도시,ST-01-동,PSU-0278,2025-07-07,전화,완료,아파트,자가,8,부부,2,2인,남성,44,40대,5,대학교,상용근로자,취업,보건·복지,Y,4,4,20,21.0,46.0,345,0.0,15,85,445.0,5340.0,46.7,398.3,59,62,4,2,21,30,178,220.3,199.2,281.6,15.6,28.9,1.065,메모-0421: 가구원 수 변동 내용을 면접원이 확인
HH-2025-001322,2025,2,ED-0322,R09,경기도,면부,농촌,ST-09-면,PSU-0015,2025-08-13,전화,완료,단독주택,자가,0,1인가구,1,1인,여성,74,70대 이상,2,초등학교,비경제활동,비경제활동,,N,3,4,20,,,0.0,0.0,25,65,90.0,1080.0,5.0,85.0,43,41,26,24,22,33,189,-104.0,85.0,85.0,48.2,31.4,1.43,메모-0422: 소득 항목은 월평균 금액으로 응답
HH-2025-001323,2025,3,ED-0323,R02,부산광역시,동부,도시,ST-02-동,PSU-0052,2025-09-19,인터넷,완료,연립·다세대,월세,0,1인가구,1,1인,남성,45,40대,3,중학교,자영업자,취업,공공·교육,Y,5,3,5,54.0,43.0,0.0,130,25,90,245.0,2940.0,13.5,231.5,26,71,0,10,33,34,174,57.5,231.5,231.5,30.7,38.3,1.795,메모-0423: 온라인 조사 후 전화로 일부 항목 보완
HH-2025-001324,2025,4,ED-0324,R01,서울특별시,동부,도시,ST-01-동,PSU-0089,2025-04-29,인터넷,완료,연립·다세대,전세,0,부부+자녀,4,3~4인,여성,46,40대,4,고등학교,실업자,실업,,Y,4,5,5,,,0.0,0.0,35,35,70.0,840.0,3.9,66.1,116,47,26,18,32,56,295,-228.9,16.5,33.0,71.1,31.8,0.655,메모-0424: 교육비와 보건비 영수증을 참고해 응답
HH-2025-001325,2025,1,ED-0325,R05,광주광역시,동부,도시,ST-05-동,PSU-0126,2025-06-05,방문면접,완료,아파트,자가,6,부부,2,2인,여성,60,60대,5,대학교,임시·일용근로자,취업,도소매·숙박,Y,2,3,10,44.0,38.0,155,0.0,5,15,175.0,2100.0,9.6,165.4,82,38,1,38,32,34,375,-209.6,82.7,117.0,23.0,36.6,1.02,메모-0425: 응답자가 조사표 작성 기준을 확인함
HH-2025-001326,2025,2,ED-0326,R02,부산광역시,동부,도시,ST-02-동,PSU-0163,2025-07-12,방문면접,완료,아파트,자가,13,3세대,7,5인 이상,여성,42,40대,5,대학교,비경제활동,비경제활동,,Y,4,4,30,,,0.0,0.0,30,40,70.0,840.0,3.9,66.1,179,43,69,5,17,64,377,-310.9,9.4,25.0,65.1,32.0,1.385,"메모-0426: 생활비, 주거비 항목 재확인"
HH-2025-001327,2025,3,ED-0327,R09,경기도,동부,도시,ST-09-동,PSU-0200,2025-08-18,전화,완료,연립·다세대,자가,0,부부+자녀,4,3~4인,남성,50,50대,5,대학교,비경제활동,비경제활동,,Y,4,4,10,,,0.0,0.0,35,105,140.0,1680.0,7.7,132.3,124,56,64,2,12,48,306,-173.7,33.1,66.2,42.3,31.0,1.75,메모-0427: 가구원 수 변동 내용을 면접원이 확인
HH-2025-001328,2025,4,ED-0328,R01,서울특별시,동부,농촌,ST-01-동,PSU-0237,2025-09-24,방문면접,완료,단독주택,자가,0,1인가구,1,1인,남성,89,70대 이상,4,고등학교,비경제활동,비경제활동,,N,3,4,10,,,0.0,0.0,75,30,105.0,1260.0,5.8,99.2,30,29,10,34,8,30,141,-41.8,99.2,99.2,29.2,31.1,0.61,메모-0428: 소득 항목은 월평균 금액으로 응답
HH-2025-001329,2025,1,ED-0329,R01,서울특별시,동부,도시,ST-01-동,PSU-0274,2025-05-04,전화,완료,단독주택,자가,0,부부+자녀,3,3~4인,남성,21,20대 이하,5,대학교,학생,비경제활동,,Y,4,3,40,,,0.0,0.0,10,140,150.0,1800.0,8.2,141.8,89,54,3,2,19,53,220,-78.2,47.3,81.9,38.1,30.7,0.975,메모-0429: 온라인 조사 후 전화로 일부 항목 보완
HH-2025-001330,2025,2,ED-0330,R14,전라남도,면부,농촌,ST-14-면,PSU-0011,2025-06-10,방문면접,완료,아파트,자가,11,부부+자녀,5,5인 이상,남성,71,70대 이상,3,중학교,비경제활동,비경제활동,,N,2,3,5,,,0.0,0.0,60,100,160.0,1920.0,8.8,151.2,137,42,32,23,12,63,309,-157.8,30.2,67.6,27.8,30.8,1.34,메모-0430: 교육비와 보건비 영수증을 참고해 응답
HH-2025-001331,2025,3,ED-0331,R02,부산광역시,동부,도시,ST-02-동,PSU-0048,2025-07-17,인터넷,완료,아파트,보증부월세,18,부부+자녀,4,3~4인,남성,62,60대,6,대학원,상용근로자,취업,건설업,Y,4,4,5,37.0,42.0,415,0.0,55,0,470.0,5640.0,49.4,420.6,115,99,10,18,36,47,325,95.6,105.2,210.3,23.5,31.7,1.705,메모-0431: 응답자가 조사표 작성 기준을 확인함
HH-2025-001332,2025,4,ED-0332,R13,전북특별자치도,동부,도시,ST-13-동,PSU-0085,2025-08-23,인터넷,완료,오피스텔,자가,0,부부+자녀,5,5인 이상,남성,36,30대,4,고등학교,상용근로자,취업,도소매·숙박,Y,4,3,15,52.0,48.5,370,0.0,30,50,450.0,5400.0,47.2,402.8,130,60,41,8,34,54,327,75.8,80.6,180.1,14.9,35.9,0.565,"메모-0432: 생활비, 주거비 항목 재확인"
HH-2025-001333,2025,1,ED-0333,R01,서울특별시,동부,도시,ST-01-동,PSU-0122,2025-04-02,방문면접,완료,아파트,보증부월세,2,1인가구,1,1인,남성,77,70대 이상,3,중학교,비경제활동,비경제활동,,N,2,4,35,,,0.0,0.0,60,40,100.0,1200.0,5.5,94.5,50,97,0,26,13,28,214,-119.5,94.5,94.5,102.6,31.3,0.93,
HH-2025-001334,2025,2,ED-0334,R01,서울특별시,동부,도시,ST-01-동,PSU-0159,2025-05-09,인터넷,완료,아파트,보증부월세,9,부부+자녀,5,5인 이상,여성,32,30대,5,대학교,비경제활동,비경제활동,,Y,4,4,10,,,0.0,0.0,60,85,145.0,1740.0,8.0,137.0,130,88,55,2,29,64,368,-231.0,27.4,61.3,64.2,31.1,1.295,메모-0434: 소득 항목은 월평균 금액으로 응답
HH-2025-001335,2025,3,ED-0335,R09,경기도,면부,농촌,ST-09-면,PSU-0196,2025-06-15,인터넷,완료,단독주택,보증부월세,0,부부,2,2인,여성,29,20대 이하,4,고등학교,자영업자,실업,운수업,Y,5,4,5,48.5,40.5,0.0,475,50,0,525.0,6300.0,55.1,469.9,72,69,6,5,30,28,210,259.9,234.9,332.3,14.7,33.8,1.66,메모-0435: 온라인 조사 후 전화로 일부 항목 보완
HH-2025-001336,2025,4,ED-0336,R16,경상남도,읍부,농촌,ST-16-읍,PSU-0233,2025-07-22,전화,완료,연립·다세대,자가,0,부부,2,2인,남성,41,40대,4,고등학교,자영업자,취업,정보통신,Y,5,3,5,40.0,43.0,0.0,490,50,55,595.0,7140.0,62.5,532.5,78,19,0,17,33,49,196,336.5,266.2,376.5,3.6,30.8,0.52,메모-0436: 교육비와 보건비 영수증을 참고해 응답
HH-2025-001337,2025,1,ED-0337,R13,전북특별자치도,동부,도시,ST-13-동,PSU-0270,2025-08-28,인터넷,완료,연립·다세대,자가,0,부부,2,2인,남성,49,40대,4,고등학교,실업자,실업,,Y,4,3,10,,,0.0,0.0,35,55,90.0,1080.0,5.0,85.0,58,48,0,2,32,40,180,-95.0,42.5,60.1,56.5,31.3,0.885,메모-0437: 응답자가 조사표 작성 기준을 확인함
HH-2025-001338,2025,2,ED-0338,R09,경기도,동부,도시,ST-09-동,PSU-0007,2025-04-07,방문면접,완료,아파트,자가,7,부부,2,2인,남성,53,50대,5,대학교,실업자,실업,,Y,4,3,5,,,0.0,0.0,10,55,65.0,780.0,3.6,61.4,77,24,0,8,23,27,159,-97.6,30.7,43.4,39.1,31.6,1.25,"메모-0438: 생활비, 주거비 항목 재확인"
HH-2025-001339,2025,3,ED-0339,R01,서울특별시,동부,도시,ST-01-동,PSU-0044,2025-05-14,인터넷,완료,아파트,전세,14,1인가구,1,1인,여성,63,60대,3,중학교,자영업자,취업,제조업,Y,4,2,15,54.5,29.0,0.0,180,0,40,220.0,2640.0,12.1,207.9,53,71,7,17,17,24,189,18.9,207.9,207.9,34.2,38.8,1.615,메모-0439: 가구원 수 변동 내용을 면접원이 확인
HH-2025-001340,2025,4,ED-0340,R01,서울특별시,동부,도시,ST-01-동,PSU-0081,2025-06-20,인터넷,완료,아파트,보증부월세,21,1인가구,1,2인,여성,63,60대,4,고등학교,임시·일용근로자,취업,기타서비스,Y,4,3,10,39.5,47.5,140,0.0,75,40,255.0,3060.0,14.0,241.0,32,90,14,21,44,43,244,-3.0,241.0,241.0,37.3,59.3,1.98,메모-0440: 소득 항목은 월평균 금액으로 응답
HH-2025-001341,2025,1,ED-0341,R02,부산광역시,동부,도시,ST-02-동,PSU-0118,2025-07-27,인터넷,부분응답,아파트,전세,28,3세대,4,3~4인,남성,48,40대,5,대학교,상용근로자,취업,제조업,Y,5,2,10,88.0,46.0,410,0.0,40,10,460.0,5520.0,48.3,411.7,124,69,33,11,22,57,316,95.7,102.9,205.8,16.8,50.9,0.84,메모-0441: 온라인 조사 후 전화로 일부 항목 보완
HH-2025-001342,2025,2,ED-0342,R01,서울특별시,동부,도시,ST-01-동,PSU-0155,2025-09-02,인터넷,완료,연립·다세대,자가,0,3세대,5,5인 이상,남성,72,70대 이상,3,중학교,비경제활동,비경제활동,,Y,4,4,5,,,0.0,0.0,70,15,85.0,2220.0,4.7,80.3,150,54,19,22,3,64,312,-231.7,16.1,35.9,67.2,31.7,1.205,메모-0442: 교육비와 보건비 영수증을 참고해 응답
HH-2025-001343,2025,3,ED-0343,R11,충청북도,동부,도시,ST-11-동,PSU-0192,2025-04-12,전화,부분응답,아파트,자가,12,부부,2,2인,남성,41,50대,5,대학교,상용근로자,취업,금융·전문서비스,Y,5,2,5,84.5,32.0,525,0.0,15,150,690.0,8280.0,117.3,572.7,69,43,9,10,19,20,170,402.7,286.4,405.0,7.5,46.9,1.57,메모-0443: 응답자가 조사표 작성 기준을 확인함
HH-2025-001344,2025,4,ED-0344,R16,경상남도,읍부,농촌,ST-16-읍,PSU-0229,2025-05-19,인터넷,완료,아파트,보증부월세,19,부부,2,2인,여성,50,50대,5,대학교,임시·일용근로자,취업,보건·복지,Y,3,4,30,8.5,30.5,120,0.0,10,10,140.0,1680.0,7.7,132.3,72,76,0,4,41,41,234,-101.7,66.2,93.6,57.4,31.1,1.935,"메모-0444: 생활비, 주거비 항목 재확인"
HH-2025-001345,2025,1,ED-0345,R09,경기도,면부,농촌,ST-09-면,PSU-0266,2025-06-25,인터넷,완료,단독주택,자가,0,부부+자녀,4,3~4인,남성,46,40대,4,고등학교,상용근로자,취업,보건·복지,Y,5,4,5,31.0,51.5,300,0.0,70,70,440.0,5280.0,46.2,393.8,126,47,41,2,38,38,292,101.8,98.5,196.9,11.9,30.7,0.795,메모-0445: 가구원 수 변동 내용을 면접원이 확인
HH-2025-001346,2025,2,ED-0346,R03,대구광역시,동부,도시,ST-03-동,PSU-0003,2025-08-01,인터넷,완료,단독주택,보증부월세,0,부부+자녀,4,3~4인,남성,65,60대,4,고등학교,비경제활동,비경제활동,,Y,2,3,10,,,0.0,0.0,65,30,95.0,1140.0,5.2,89.8,116,88,0,14,16,36,270,-180.2,22.4,44.9,98.0,31.5,1.16,메모-0446: 소득 항목은 월평균 금액으로 응답
HH-2025-001347,2025,3,ED-0347,R09,경기도,면부,농촌,ST-09-면,PSU-0040,2025-09-07,인터넷,완료,단독주택,자가,0,1인가구,1,1인,남성,29,20대 이하,4,고등학교,실업자,실업,,Y,4,4,5,,,0.0,0.0,25,15,40.0,480.0,2.2,37.8,50,28,0,9,24,28,139,-101.2,37.8,37.8,74.1,31.8,1.525,메모-0447: 온라인 조사 후 전화로 일부 항목 보완
HH-2025-001348,2025,4,ED-0348,R02,부산광역시,동부,도시,ST-02-동,PSU-0077,2025-04-17,전화,완료,아파트,보증부월세,17,부부+자녀,4,3~4인,여성,46,40대,5,대학교,자영업자,취업,보건·복지,Y,4,2,35,28.0,42.5,0.0,155,35,50,240.0,2880.0,13.2,226.8,128,89,41,12,13,53,336,-109.2,56.7,113.4,39.2,32.3,1.89,메모-0448: 교육비와 보건비 영수증을 참고해 응답
HH-2025-001349,2025,1,ED-0349,R05,대전광역시,동부,도시,ST-05-동,PSU-0114,2025-05-24,방문면접,완료,연립·다세대,자가,0,한부모,3,3~4인,남성,57,50대,3,중학교,임시·일용근로자,취업,제조업,Y,4,5,15,7.5,36.0,155,0.0,20,25,200.0,2400.0,11.0,189.0,120,32,0,14,37,51,254,-65.0,63.0,359.1,16.9,30.4,0.75,메모-0449: 응답자가 조사표 작성 기준을 확인함
HH-2025-001350,2025,2,ED-0350,R11,충청북도,동부,도시,ST-11-동,PSU-0151,2025-06-30,인터넷,완료,아파트,자가,1,부부+자녀,4,3~4인,남성,46,40대,5,대학교,상용근로자,취업,보건·복지,Y,5,4,5,33.0,49.0,455,0.0,50,115,620.0,7440.0,105.4,514.6,117,56,38,15,29,59,314,200.6,128.7,257.3,10.9,29.7,1.115,"메모-0450: 생활비, 주거비 항목 재확인"
HH-2025-001351,2025,3,ED-0351,R12,충청남도,동부,도시,ST-12-동,PSU-0188,2025-08-06,인터넷,완료,아파트,자가,8,부부,2,2인,남성,40,40대,5,대학교,상용근로자,취업,기타서비스,Y,5,4,25,37.5,32.0,425,0.0,5,0,430.0,5160.0,45.1,384.9,70,46,0,13,26,41,196,188.9,192.4,272.2,12.0,32.0,1.48,메모-0451: 가구원 수 변동 내용을 면접원이 확인
HH-2025-001352,2025,4,ED-0352,R17,제주특별자치도,동부,도시,ST-17-동,PSU-0225,2025-09-12,인터넷,완료,아파트,자가,15,부부,2,2인,남성,32,30대,5,대학교,상용근로자,취업,건설업,Y,5,4,5,43.0,42.5,560,0.0,40,55,655.0,7860.0,111.4,543.6,68,47,0,5,18,24,162,381.6,271.8,384.4,8.6,31.3,1.845,메모-0452: 소득 항목은 월평균 금액으로 응답
HH-2025-001353,2025,1,ED-0353,R01,서울특별시,동부,도시,ST-01-동,PSU-0262,2025-04-22,인터넷,완료,아파트,보증부월세,22,부부,2,2인,여성,45,40대,5,대학교,상용근로자,취업,건설업,Y,5,4,5,30.0,40.5,520,0.0,20,0,540.0,6480.0,56.7,483.3,73,107,0,20,41,39,280,203.3,241.7,341.7,22.1,29.5,0.705,메모-0453: 온라인 조사 후 전화로 일부 항목 보완
HH-2025-001354,2025,2,ED-0354,R07,울산광역시,동부,도시,ST-07-동,PSU-0299,2025-05-29,방문면접,완료,연립·다세대,전세,0,부부,2,2인,남성,42,40대,4,고등학교,비경제활동,비경제활동,,Y,5,4,15,,,0.0,0.0,40,0,40.0,480.0,2.2,37.8,65,54,0,4,16,33,172,-134.2,18.9,26.7,142.9,31.9,1.07,메모-0454: 교육비와 보건비 영수증을 참고해 응답
HH-2025-001355,2025,3,ED-0355,R16,경상남도,동부,도시,ST-16-동,PSU-0036,2025-07-05,인터넷,완료,단독주택,자가,0,한부모,3,3~4인,남성,49,40대,4,고등학교,자영업자,취업,제조업,Y,3,2,5,80.5,47.0,0.0,170,75,30,275.0,3300.0,15.1,259.9,92,63,33,4,48,36,276,-16.1,86.6,150.1,24.2,48.9,1.435,메모-0455: 응답자가 조사표 작성 기준을 확인함
HH-2025-001356,2025,4,ED-0356,R03,대구광역시,동부,도시,ST-03-동,PSU-0073,2025-08-11,전화,완료,아파트,자가,13,부부,2,2인,남성,54,50대,5,대학교,임시·일용근로자,취업,금융·전문서비스,N,3,3,10,34.5,39.5,120,0.0,0,35,155.0,1860.0,8.5,146.5,72,44,0,9,43,36,204,-57.5,73.2,103.6,30.0,34.2,1.8,"메모-0456: 생활비, 주거비 항목 재확인"
HH-2025-001357,2025,1,ED-0357,R09,경기도,면부,농촌,ST-09-면,PSU-0110,2025-09-17,방문면접,완료,아파트,보증부월세,20,부부+자녀,3,3~4인,남성,67,60대,4,고등학교,상용근로자,취업,보건·복지,N,3,4,10,8.5,38.0,340,0.0,40,75,455.0,5460.0,47.8,407.2,106,72,0,21,38,46,283,199.2,135.7,235.1,17.7,27.9,0.66,메모-0457: 가구원 수 변동 내용을 면접원이 확인
HH-2025-001358,2025,2,ED-0358,R09,경기도,동부,도시,ST-09-동,PSU-0147,2025-04-27,인터넷,완료,아파트,자가,27,3세대,5,5인 이상,여성,22,20대 이하,5,대학교,학생,비경제활동,,Y,5,2,20,,,0.0,0.0,65,0,65.0,780.0,3.6,61.4,125,33,16,21,22,39,256,-194.6,12.3,27.5,53.7,31.8,1.025,메모-0458: 소득 항목은 월평균 금액으로 응답
HH-2025-001359,2025,3,ED-0359,R12,충청남도,동부,도시,ST-12-동,PSU-0184,2025-06-03,인터넷,완료,아파트,자가,4,부부,2,2인,남성,70,70대 이상,1,무학,비경제활동,비경제활동,,N,4,4,5,,,0.0,0.0,35,0,35.0,420.0,1.9,33.1,62,39,7,21,17,17,163,-129.9,16.6,23.4,117.8,31.9,1.39,메모-0459: 온라인 조사 후 전화로 일부 항목 보완
HH-2025-001360,2025,4,ED-0360,R15,경상북도,면부,농촌,ST-15-면,PSU-0221,2025-07-10,인터넷,완료,단독주택,자가,0,한부모,3,3~4인,여성,48,40대,5,대학교,임시·일용근로자,취업,기타서비스,Y,3,3,30,37.0,42.5,175,0.0,10,0,185.0,2220.0,10.2,174.8,83,21,15,10,46,45,220,-45.2,58.3,100.9,12.0,34.4,1.755,메모-0460: 교육비와 보건비 영수증을 참고해 응답
HH-2025-001361,2025,1,ED-0361,R09,경기도,읍부,농촌,ST-09-읍,PSU-0258,2025-08-16,인터넷,부분응답,단독주택,자가,0,1인가구,1,1인,남성,35,30대,5,대학교,상용근로자,취업,제조업,Y,5,3,15,36.0,56.5,360,0.0,30,10,400.0,4800.0,42.0,358.0,54,43,0,4,47,8,156,202.0,358.0,358.0,12.0,31.9,0.615,메모-0461: 응답자가 조사표 작성 기준을 확인함
HH-2025-001362,2025,2,ED-0362,R01,서울특별시,동부,도시,ST-01-동,PSU-0295,2025-09-22,전화,완료,아파트,자가,25,1인가구,1,1인,여성,53,50대,5,대학교,자영업자,취업,제조업,N,4,4,5,49.0,32.0,0.0,725,0,5,730.0,8760.0,124.1,605.9,44,47,0,4,23,28,146,459.9,605.9,605.9,7.8,32.2,0.98,"메모-0462: 생활비, 주거비 항목 재확인"
HH-2025-001363,2025,3,ED-0363,R01,서울특별시,동부,도시,ST-01-동,PSU-0032,2025-05-02,전화,완료,아파트,자가,2,한부모,3,3~4인,남성,41,40대,6,대학원,자영업자,취업,도소매·숙박,Y,5,3,5,30.0,46.5,0.0,175,5,130,360.0,4320.0,32.5,277.5,65,63,0,19,28,50,225,52.5,92.5,160.2,22.7,31.8,1.345,메모-0463: 가구원 수 변동 내용을 면접원이 확인
HH-2025-001364,2025,4,ED-0364,R04,인천광역시,동부,도시,ST-04-동,PSU-0069,2025-06-08,전화,완료,아파트,전세,9,기타,4,3~4인,여성,37,30대,4,고등학교,상용근로자,취업,농림어업,Y,5,4,15,21.0,47.5,205,0.0,20,25,250.0,3000.0,13.8,236.2,108,87,0,13,27,46,281,-44.8,59.0,118.1,36.8,31.1,1.71,
HH-2025-001365,2025,1,ED-0365,R04,인천광역시,동부,도시,ST-04-동,PSU-0106,2025-07-15,인터넷,완료,아파트,자가,16,1인가구,1,1인,여성,72,70대 이상,3,중학교,비경제활동,비경제활동,,Y,3,3,20,,,0.0,0.0,50,65,115.0,1380.0,6.3,108.7,40,66,10,19,8,8,151,-42.3,108.7,108.7,60.7,31.0,0.57,메모-0465: 온라인 조사 후 전화로 일부 항목 보완
HH-2025-001366,2025,2,ED-0366,R09,경기도,읍부,농촌,ST-09-읍,PSU-0143,2025-08-21,인터넷,완료,단독주택,보증부월세,0,1인가구,1,1인,여성,36,30대,5,대학교,임시·일용근로자,취업,건설업,Y,5,4,5,53.5,40.5,225,0.0,15,40,280.0,3360.0,15.4,264.6,41,56,9,21,48,8,183,81.6,264.6,264.6,21.2,37.8,0.935,메모-0466: 교육비와 보건비 영수증을 참고해 응답
HH-2025-001367,2025,3,ED-0367,R13,전북특별자치도,동부,도시,ST-13-동,PSU-0180,2025-09-27,인터넷,대리응답,아파트,자가,30,부부,2,2인,여성,89,70대 이상,2,초등학교,비경제활동,비경제활동,,N,2,3,5,,,0.0,0.0,90,15,105.0,1260.0,5.8,99.2,71,10,0,32,24,42,179,-79.8,49.6,70.1,10.1,31.2,1.3,메모-0467: 응답자가 조사표 작성 기준을 확인함
HH-2025-001368,2025,4,ED-0368,R16,경상남도,동부,도시,ST-16-동,PSU-0217,2025-05-07,인터넷,완료,아파트,자가,7,부부,2,2인,남성,50,50대,5,대학교,상용근로자,취업,제조업,Y,4,3,10,34.0,41.0,310,0.0,30,35,375.0,4500.0,39.4,335.6,57,50,0,7,44,26,184,151.6,167.8,237.3,14.9,31.8,1.665,"메모-0468: 생활비, 주거비 항목 재확인"
HH-2025-001369,2025,1,ED-0369,R01,서울특별시,동부,도시,ST-01-동,PSU-0254,2025-06-13,방문면접,완료,단독주택,자가,0,1인가구,1,1인,여성,38,30대,4,고등학교,상용근로자,취업,도소매·숙박,N,5,4,5,13.0,33.5,525,0.0,10,100,635.0,7620.0,108.0,527.0,60,73,0,12,23,21,189,338.0,527.0,527.0,13.9,26.6,0.525,메모-0469: 가구원 수 변동 내용을 면접원이 확인
HH-2025-001370,2025,2,ED-0370,R04,인천광역시,동부,도시,ST-04-동,PSU-0291,2025-07-20,인터넷,완료,연립·다세대,자가,0,한부모,2,2인,남성,40,40대,4,고등학교,실업자,실업,,Y,4,4,5,,,0.0,0.0,50,45,95.0,1140.0,5.2,89.8,65,47,0,2,10,30,154,-64.2,44.9,63.5,52.3,31.2,0.89,메모-0470: 소득 항목은 월평균 금액으로 응답
HH-2025-001371,2025,3,ED-0371,R03,대구광역시,동부,도시,ST-03-동,PSU-0028,2025-08-26,전화,완료,연립·다세대,자가,0,1인가구,1,1인,여성,40,40대,5,대학교,상용근로자,취업,보건·복지,Y,5,2,5,90.0,54.0,325,0.0,0,40,365.0,4380.0,38.3,326.7,52,68,0,19,26,25,190,136.7,326.7,326.7,20.8,52.8,1.255,메모-0471: 온라인 조사 후 전화로 일부 항목 보완
HH-2025-001372,2025,4,ED-0372,R09,경기도,면부,농촌,ST-09-면,PSU-0065,2025-04-05,인터넷,완료,단독주택,자가,0,1인가구,1,1인,여성,48,40대,4,고등학교,상용근로자,취업,금융·전문서비스,Y,5,3,5,65.0,45.0,345,0.0,10,105,460.0,5520.0,48.3,411.7,39,41,0,8,44,8,140,271.7,411.7,411.7,10.0,40.0,1.62,메모-0472: 교육비와 보건비 영수증을 참고해 응답
HH-2025-001373,2025,1,ED-0373,R17,제주특별자치도,면부,농촌,ST-17-면,PSU-0102,2025-05-12,인터넷,완료,단독주택,자가,0,부부+자녀,4,3~4인,여성,52,50대,5,대학교,임시·일용근로자,취업,도소매·숙박,Y,5,3,10,10.5,34.0,200,0.0,50,45,295.0,3540.0,16.2,278.8,112,29,18,5,47,23,234,44.8,69.7,139.4,10.4,29.5,1.985,메모-0473: 응답자가 조사표 작성 기준을 확인함
HH-2025-001374,2025,2,ED-0374,R01,서울특별시,동부,도시,ST-01-동,PSU-0139,2025-06-18,방문면접,완료,아파트,자가,19,기타,3,3~4인,여성,69,60대,6,대학원,비경제활동,비경제활동,,N,3,4,15,,,0.0,0.0,25,105,130.0,1560.0,7.2,122.8,105,67,0,24,17,21,234,-111.2,40.9,70.9,54.6,31.0,0.845,"메모-0474: 생활비, 주거비 항목 재확인"
HH-2025-001375,2025,3,ED-0375,R01,서울특별시,읍부,농촌,ST-01-읍,PSU-0176,2025-07-25,인터넷,완료,단독주택,자가,0,부부,2,2인,남성,46,40대,5,대학교,임시·일용근로자,취업,제조업,Y,5,4,10,50.5,30.5,175,0.0,35,115,325.0,3900.0,34.1,290.9,85,45,6,8,34,33,211,79.9,145.4,205.7,15.5,36.6,1.21,메모-0475: 가구원 수 변동 내용을 면접원이 확인
HH-2025-001376,2025,4,ED-0376,R09,경기도,동부,도시,ST-09-동,PSU-0213,2025-08-31,방문면접,부분응답,아파트,자가,3,부부+자녀,3,3~4인,남성,52,50대,4,고등학교,상용근로자,취업,금융·전문서비스,N,2,4,55,39.5,26.0,470,0.0,15,75,560.0,6720.0,58.8,501.2,97,74,15,10,40,28,264,237.2,167.1,289.4,14.8,31.2,1.575,메모-0476: 소득 항목은 월평균 금액으로 응답
HH-2025-001377,2025,1,ED-0377,R01,서울특별시,동부,도시,ST-01-동,PSU-0250,2025-04-10,방문면접,완료,아파트,전세,10,부부+자녀,4,3~4인,남성,58,50대,5,대학교,임시·일용근로자,취업,정보통신,Y,4,3,15,31.0,46.5,200,0.0,60,15,275.0,3300.0,15.1,259.9,113,59,37,7,31,34,281,-21.1,65.0,129.9,22.7,32.3,1.94,메모-0477: 온라인 조사 후 전화로 일부 항목 보완
HH-2025-001378,2025,2,ED-0378,R14,전라남도,동부,도시,ST-14-동,PSU-0287,2025-05-17,전화,완료,아파트,보증부월세,17,부부+자녀,4,3~4인,남성,54,50대,5,대학교,상용근로자,취업,제조업,Y,3,2,15,61.5,50.0,460,0.0,65,15,540.0,6480.0,56.7,483.3,113,93,68,11,38,32,505,-21.7,120.8,241.7,19.2,38.6,0.8,메모-0478: 교육비와 보건비 영수증을 참고해 응답
HH-2025-001379,2025,3,ED-0379,R03,대구광역시,동부,도시,ST-03-동,PSU-0024,2025-06-23,방문면접,완료,아파트,전세,24,1인가구,1,1인,여성,59,50대,4,고등학교,자영업자,취업,농림어업,N,3,4,15,27.0,50.0,0.0,260,15,0,275.0,3300.0,15.1,259.9,68,85,0,27,31,32,243,16.9,259.9,259.9,32.7,31.6,1.165,메모-0479: 응답자가 조사표 작성 기준을 확인함
HH-2025-001380,2025,4,ED-0380,R01,서울특별시,읍부,농촌,ST-01-읍,PSU-0061,2025-07-30,전화,완료,단독주택,자가,0,기타,5,5인 이상,남성,59,50대,4,고등학교,자영업자,취업,도소매·숙박,Y,4,3,5,29.0,47.0,0.0,190,65,85,340.0,4080.0,35.7,304.3,121,8,56,23,43,62,313,-8.7,60.9,136.1,2.6,31.5,1.53,"메모-0480: 생활비, 주거비 항목 재확인"
HH-2025-001381,2025,1,ED-0381,R04,인천광역시,동부,도시,ST-04-동,PSU-0098,2025-09-05,방문면접,완료,단독주택,자가,0,부부,2,2인,남성,22,20대 이하,5,대학교,상용근로자,취업,건설업,Y,4,4,15,40.0,43.5,260,0.0,5,125,390.0,4680.0,40.9,349.1,91,24,0,16,47,34,212,137.1,174.6,246.9,6.9,33.0,1.895,메모-0481: 가구원 수 변동 내용을 면접원이 확인
HH-2025-001382,2025,2,ED-0382,R04,인천광역시,동부,도시,ST-04-동,PSU-0135,2025-04-15,전화,완료,아파트,보증부월세,15,1인가구,1,1인,여성,64,60대,5,대학교,임시·일용근로자,취업,농림어업,N,3,4,5,57.0,47.0,45,0.0,40,50,135.0,1620.0,7.4,127.6,60,89,24,20,45,26,264,-136.4,127.6,127.6,69.7,40.7,0.755,메모-0482: 소득 항목은 월평균 금액으로 응답
HH-2025-001383,2025,3,ED-0383,R03,대구광역시,동부,도시,ST-03-동,PSU-0172,2025-05-22,전화,완료,아파트,보증부월세,22,부부,2,2인,여성,61,60대,5,대학교,상용근로자,취업,제조업,Y,4,3,25,42.0,31.0,395,0.0,0,15,410.0,4920.0,43.0,367.0,100,111,0,27,42,34,314,53.0,183.5,259.5,30.2,33.5,1.12,메모-0483: 온라인 조사 후 전화로 일부 항목 보완
HH-2025-001384,2025,4,ED-0384,R02,부산광역시,동부,도시,ST-02-동,PSU-0209,2025-06-28,인터넷,완료,아파트,전세,29,부부,2,2인,남성,30,30대,5,대학교,자영업자,취업,운수업,Y,4,4,10,57.0,50.0,0.0,640,0,10,650.0,7800.0,110.5,539.5,52,24,8,12,41,41,178,361.5,269.8,381.5,4.4,35.6,1.485,메모-0484: 교육비와 보건비 영수증을 참고해 응답
HH-2025-001385,2025,1,ED-0385,R04,인천광역시,동부,도시,ST-04-동,PSU-0246,2025-08-04,인터넷,완료,오피스텔,보증부월세,0,부부,2,2인,여성,53,50대,4,고등학교,비경제활동,비경제활동,,Y,4,4,5,,,0.0,0.0,50,25,75.0,900.0,4.1,70.9,75,104,0,2,18,29,228,-157.1,35.5,50.1,146.7,31.6,1.85,메모-0485: 응답자가 조사표 작성 기준을 확인함
HH-2025-001386,2025,2,ED-0386,R04,인천광역시,동부,도시,ST-04-동,PSU-0283,2025-09-10,전화,완료,연립·다세대,자가,0,부부,2,2인,여성,35,30대,5,대학교,상용근로자,취업,제조업,Y,4,4,5,33.5,37.5,285,0.0,15,15,315.0,3780.0,33.1,281.9,56,80,0,8,30,44,218,63.9,140.9,199.3,28.4,32.4,0.71,"메모-0486: 생활비, 주거비 항목 재확인"
HH-2025-001387,2025,3,ED-0387,R09,경기도,동부,도시,ST-09-동,PSU-0020,2025-04-20,방문면접,완료,오피스텔,보증부월세,0,부부,2,2인,남성,66,60대,5,대학원,임시·일용근로자,취업,기타서비스,Y,3,4,5,53.0,30.5,180,0.0,15,10,205.0,2460.0,11.3,193.7,82,108,0,20,43,42,295,-101.3,96.8,137.0,75.8,38.7,1.075,메모-0487: 가구원 수 변동 내용을 면접원이 확인
HH-2025-001388,2025,4,ED-0388,R10,강원특별자치도,동부,도시,ST-10-동,PSU-0057,2025-05-27,전화,완료,아파트,보증부월세,27,한부모,2,2인,남성,56,50대,4,고등학교,상용근로자,취업,공공·교육,Y,4,4,5,50.5,39.0,300,0.0,15,40,355.0,4260.0,37.3,317.7,88,102,0,14,38,54,296,21.7,158.8,224.6,32.1,36.4,1.44,메모-0488: 소득 항목은 월평균 금액으로 응답
HH-2025-001389,2025,1,ED-0389,R15,경상북도,동부,도시,ST-15-동,PSU-0094,2025-07-03,인터넷,완료,아파트,자가,4,부부,2,2인,남성,73,70대 이상,4,고등학교,비경제활동,비경제활동,,Y,2,3,5,,,0.0,0.0,40,75,115.0,1380.0,6.3,108.7,73,40,2,21,19,16,171,-62.3,54.4,76.9,36.8,31.0,1.805,메모-0489: 온라인 조사 후 전화로 일부 항목 보완
HH-2025-001390,2025,2,ED-0390,R14,전라남도,동부,도시,ST-14-동,PSU-0131,2025-08-09,인터넷,부분응답,아파트,전세,11,기타,5,5인 이상,남성,50,50대,5,대학교,상용근로자,취업,도소매·숙박,Y,3,3,15,5.0,42.0,260,0.0,45,145,450.0,5400.0,47.2,402.8,139,49,81,5,29,63,366,36.8,80.6,180.1,12.2,28.0,0.665,메모-0490: 교육비와 보건비 영수증을 참고해 응답
HH-2025-001391,2025,3,ED-0391,R16,경상남도,동부,도시,ST-16-동,PSU-0168,2025-09-15,전화,완료,아파트,전세,18,3세대,5,5인 이상,여성,34,30대,4,고등학교,임시·일용근로자,취업,도소매·숙박,Y,4,3,10,73.5,34.0,200,0.0,75,25,300.0,3600.0,31.5,268.5,133,81,41,12,30,33,330,-61.5,53.7,120.1,30.2,45.6,1.03,메모-0491: 응답자가 조사표 작성 기준을 확인함
HH-2025-001392,2025,4,ED-0392,R05,광주광역시,동부,도시,ST-05-동,PSU-0205,2025-04-25,전화,부분응답,아파트,자가,25,1인가구,1,1인,남성,60,60대,2,초등학교,임시·일용근로자,취업,기타서비스,Y,4,4,20,43.0,54.0,195,0.0,0,50,245.0,2940.0,13.5,231.5,63,48,0,36,47,12,206,25.5,231.5,231.5,20.7,35.2,1.395,"메모-0492: 생활비, 주거비 항목 재확인"
HH-2025-001393,2025,1,ED-0393,R07,울산광역시,동부,도시,ST-07-동,PSU-0242,2025-06-01,방문면접,완료,아파트,전세,2,3세대,5,5인 이상,남성,51,50대,4,고등학교,비경제활동,비경제활동,,Y,5,4,5,,,0.0,0.0,40,105,145.0,1740.0,8.0,137.0,132,68,58,7,17,48,330,-193.0,27.4,61.3,49.6,31.0,1.76,메모-0493: 가구원 수 변동 내용을 면접원이 확인
HH-2025-001394,2025,2,ED-0394,R09,경기도,면부,농촌,ST-09-면,PSU-0279,2025-07-08,방문면접,완료,연립·다세대,자가,0,1인가구,1,1인,남성,70,70대 이상,1,무학,비경제활동,비경제활동,,N,4,3,5,,,0.0,0.0,70,60,130.0,1560.0,7.2,122.8,76,53,38,25,14,29,235,-112.2,122.8,122.8,43.2,31.0,0.62,메모-0494: 소득 항목은 월평균 금액으로 응답
HH-2025-001395,2025,3,ED-0395,R01,서울특별시,동부,도시,ST-01-동,PSU-0016,2025-08-14,인터넷,완료,아파트,자가,16,한부모,3,3~4인,남성,54,50대,4,고등학교,실업자,실업,,Y,3,4,10,,,0.0,0.0,15,75,90.0,1080.0,5.0,85.0,92,60,7,14,25,42,240,-155.0,28.3,49.1,70.6,31.5,0.985,
HH-2025-001396,2025,4,ED-0396,R01,서울특별시,동부,도시,ST-01-동,PSU-0053,2025-09-20,인터넷,완료,아파트,자가,23,부부+자녀,4,3~4인,여성,46,40대,6,대학원,비경제활동,비경제활동,,Y,5,3,5,,,0.0,0.0,35,15,50.0,600.0,2.8,47.2,120,39,38,13,18,51,279,-231.8,11.8,23.6,82.6,32.0,1.35,메모-0496: 교육비와 보건비 영수증을 참고해 응답
HH-2025-001397,2025,1,ED-0397,R15,경상북도,동부,도시,ST-15-동,PSU-0090,2025-04-30,전화,완료,연립·다세대,자가,0,부부+자녀,4,3~4인,남성,64,60대,4,고등학교,자영업자,취업,보건·복지,Y,2,3,15,47.5,55.0,0.0,295,90,15,400.0,4800.0,42.0,358.0,92,67,12,29,32,41,273,85.0,89.5,179.0,18.7,35.0,1.715,메모-0497: 응답자가 조사표 작성 기준을 확인함
HH-2025-001398,2025,2,ED-0398,R02,부산광역시,동부,도시,ST-02-동,PSU-0127,2025-06-06,방문면접,완료,연립·다세대,전세,0,1인가구,1,1인,여성,47,40대,5,대학교,상용근로자,취업,금융·전문서비스,Y,4,4,10,30.5,46.0,620,0.0,40,85,745.0,8940.0,126.7,618.3,54,53,11,9,16,41,184,434.3,618.3,618.3,8.6,27.7,0.575,"메모-0498: 생활비, 주거비 항목 재확인"
HH-2025-001399,2025,3,ED-0399,R01,서울특별시,동부,도시,ST-01-동,PSU-0164,2025-07-13,전화,완료,단독주택,자가,0,1인가구,1,1인,여성,89,70대 이상,4,고등학교,비경제활동,비경제활동,,N,2,3,10,,,0.0,0.0,100,75,175.0,2100.0,9.6,165.4,58,55,6,30,27,14,190,-24.6,165.4,165.4,33.3,30.4,0.94,메모-0499: 가구원 수 변동 내용을 면접원이 확인
HH-2025-001400,2025,4,ED-0400,R17,제주특별자치도,동부,도시,ST-17-동,PSU-0201,2025-08-19,인터넷,부분응답,아파트,보증부월세,21,1인가구,1,1인,남성,54,50대,5,대학교,자영업자,취업,제조업,Y,4,3,5,34.5,43.0,0.0,145,0,45,190.0,2280.0,10.4,179.6,40,83,4,17,21,39,204,-24.4,179.6,179.6,46.2,33.8,1.305,메모-0500: 소득 항목은 월평균 금액으로 응답
HH-2025-001401,2025,1,ED-0401,R11,충청북도,동부,도시,ST-11-동,PSU-0238,2025-09-25,인터넷,완료,아파트,보증부월세,28,부부,2,2인,여성,66,60대,1,무학,비경제활동,비경제활동,,Y,3,2,10,,,0.0,0.0,80,15,95.0,1140.0,5.2,89.8,75,95,0,20,19,38,247,-157.2,44.9,63.5,105.8,31.4,1.67,메모-0501: 온라인 조사 후 전화로 일부 항목 보완
HH-2025-001402,2025,2,ED-0402,R16,경상남도,면부,농촌,ST-16-면,PSU-0275,2025-05-05,방문면접,완료,연립·다세대,보증부월세,0,1인가구,1,1인,남성,51,50대,4,고등학교,자영업자,취업,제조업,Y,5,3,10,13.0,41.0,0.0,335,50,80,465.0,5580.0,48.8,416.2,65,35,13,17,46,18,194,222.2,416.2,416.2,8.4,27.9,0.53,메모-0502: 교육비와 보건비 영수증을 참고해 응답
HH-2025-001403,2025,3,ED-0403,R01,서울특별시,동부,도시,ST-01-동,PSU-0012,2025-06-11,전화,완료,아파트,자가,12,1인가구,1,1인,여성,18,20대 이하,4,고등학교,상용근로자,취업,운수업,Y,5,4,15,37.0,40.5,185,0.0,35,5,225.0,3900.0,12.4,212.6,56,37,2,15,35,29,174,38.6,212.6,212.6,17.4,33.9,0.895,메모-0503: 응답자가 조사표 작성 기준을 확인함
HH-2025-001404,2025,4,ED-0404,R01,서울특별시,동부,도시,ST-01-동,PSU-0049,2025-07-18,인터넷,완료,기타,자가,0,기타,5,5인 이상,여성,36,30대,6,대학원,자영업자,취업,금융·전문서비스,Y,5,4,5,32.0,41.5,0.0,170,45,20,235.0,2820.0,12.9,222.1,136,43,47,2,43,55,326,-103.9,44.4,99.3,19.4,33.1,1.26,"메모-0504: 생활비, 주거비 항목 재확인"
HH-2025-001405,2025,1,ED-0405,R10,강원특별자치도,읍부,농촌,ST-10-읍,PSU-0086,2025-08-24,전화,완료,기타,보증부월세,0,부부+자녀,4,3~4인,남성,47,40대,4,고등학교,실업자,실업,,Y,5,4,5,,,0.0,0.0,50,30,80.0,960.0,4.4,75.6,103,71,29,5,28,49,285,-209.4,18.9,37.8,93.9,31.7,1.625,메모-0505: 가구원 수 변동 내용을 면접원이 확인
HH-2025-001406,2025,2,ED-0406,R12,충청남도,읍부,농촌,ST-12-읍,PSU-0123,2025-04-03,인터넷,완료,단독주택,자가,0,한부모,2,2인,남성,38,30대,5,대학교,자영업자,취업,도소매·숙박,Y,5,5,10,5.0,40.0,0.0,415,70,80,565.0,6780.0,59.3,505.7,58,55,33,23,39,33,241,264.7,252.8,357.6,10.9,26.5,1.99,메모-0506: 소득 항목은 월평균 금액으로 응답
HH-2025-001407,2025,3,ED-0407,R09,경기도,면부,농촌,ST-09-면,PSU-0160,2025-05-10,전화,완료,단독주택,전세,0,1인가구,1,2인,남성,41,40대,4,고등학교,상용근로자,취업,기타서비스,Y,5,2,5,5.0,42.5,415,0.0,35,85,535.0,6420.0,56.2,478.8,59,54,0,16,48,21,198,280.8,478.8,478.8,11.3,51.7,0.85,메모-0507: 온라인 조사 후 전화로 일부 항목 보완
HH-2025-001408,2025,4,ED-0408,R15,경상북도,동부,도시,ST-15-동,PSU-0197,2025-06-16,방문면접,완료,아파트,자가,17,부부+자녀,4,3~4인,남성,54,50대,4,고등학교,임시·일용근로자,취업,도소매·숙박,Y,4,4,5,24.0,48.5,155,0.0,35,60,250.0,3000.0,13.8,236.2,121,24,35,11,28,60,279,-42.8,59.0,118.1,10.2,31.5,1.215,메모-0508: 교육비와 보건비 영수증을 참고해 응답
HH-2025-001409,2025,1,ED-0409,R09,경기도,동부,도시,ST-09-동,PSU-0234,2025-07-23,인터넷,완료,아파트,자가,24,기타,3,3~4인,여성,45,40대,4,고등학교,자영업자,취업,정보통신,Y,5,3,5,77.0,42.0,0.0,345,55,25,425.0,5100.0,44.6,380.4,94,66,10,4,42,59,275,105.4,126.8,219.6,17.4,45.8,1.58,메모-0509: 응답자가 조사표 작성 기준을 확인함
HH-2025-001410,2025,2,ED-0410,R02,부산광역시,동부,도시,ST-02-동,PSU-0271,2025-08-29,방문면접,완료,오피스텔,자가,0,1인가구,1,1인,남성,59,50대,4,고등학교,임시·일용근로자,취업,정보통신,Y,3,3,10,68.5,42.5,140,0.0,5,40,235.0,2820.0,10.2,174.8,70,52,0,6,30,24,182,-7.2,174.8,174.8,29.7,44.3,1.945,"메모-0510: 생활비, 주거비 항목 재확인"
HH-2025-001411,2025,3,ED-0411,R12,충청남도,면부,도시,ST-12-면,PSU-0008,2025-04-08,전화,완료,단독주택,전세,0,부부,2,2인,남성,62,60대,4,고등학교,상용근로자,취업,금융·전문서비스,Y,4,3,5,6.0,43.5,375,0.0,35,105,515.0,6180.0,54.1,460.9,47,17,9,6,34,22,135,325.9,230.4,325.9,3.7,26.8,0.805,메모-0511: 가구원 수 변동 내용을 면접원이 확인
HH-2025-001412,2025,4,ED-0412,R09,경기도,동부,도시,ST-09-동,PSU-0045,2025-05-15,인터넷,완료,아파트,보증부월세,15,부부+자녀,3,3~4인,남성,24,20대 이하,4,고등학교,비경제활동,비경제활동,,Y,5,3,10,,,0.0,0.0,5,5,10.0,120.0,0.6,9.4,92,110,0,2,8,42,254,-244.6,3.1,5.4,1170.2,32.4,1.17,메모-0512: 소득 항목은 월평균 금액으로 응답
HH-2025-001413,2025,1,ED-0413,R11,충청북도,동부,도시,ST-11-동,PSU-0082,2025-06-21,인터넷,완료,아파트,전세,22,1인가구,1,1인,남성,37,30대,4,고등학교,비경제활동,비경제활동,,Y,5,4,10,,,0.0,0.0,30,70,100.0,1200.0,5.5,94.5,44,60,0,6,9,16,135,-40.5,94.5,94.5,63.5,31.1,1.535,메모-0513: 온라인 조사 후 전화로 일부 항목 보완
HH-2025-001414,2025,2,ED-0414,R01,서울특별시,읍부,농촌,ST-01-읍,PSU-0119,2025-07-28,전화,완료,아파트,자가,29,부부+자녀,4,3~4인,여성,68,60대,5,대학교,비경제활동,비경제활동,,N,4,4,10,,,0.0,0.0,95,50,145.0,1740.0,8.0,137.0,117,25,32,17,7,24,222,-85.0,34.2,68.5,18.2,30.8,1.9,메모-0514: 교육비와 보건비 영수증을 참고해 응답
HH-2025-001415,2025,3,ED-0415,R02,부산광역시,동부,도시,ST-02-동,PSU-0156,2025-09-03,인터넷,완료,아파트,보증부월세,6,기타,5,5인 이상,남성,54,50대,4,고등학교,자영업자,취업,제조업,Y,4,5,5,33.5,47.0,0.0,360,60,0,420.0,5040.0,44.1,375.9,143,109,52,17,36,52,409,-33.1,75.2,168.1,29.0,31.7,0.76,메모-0515: 응답자가 조사표 작성 기준을 확인함
HH-2025-001416,2025,4,ED-0416,R09,경기도,읍부,농촌,ST-09-읍,PSU-0193,2025-04-13,인터넷,완료,단독주택,월세,0,부부+자녀,3,3~4인,여성,32,30대,5,대학교,상용근로자,취업,농림어업,Y,5,3,10,8.0,60.5,575,0.0,10,65,650.0,7800.0,110.5,539.5,79,86,6,8,35,38,252,362.5,179.8,311.5,15.9,26.2,1.125,"메모-0516: 생활비, 주거비 항목 재확인"
HH-2025-001417,2025,1,ED-0417,R16,경상남도,동부,도시,ST-16-동,PSU-0230,2025-05-20,전화,완료,연립·다세대,자가,0,부부+자녀,4,3~4인,여성,29,20대 이하,5,대학교,상용근로자,취업,건설업,Y,5,4,5,31.0,44.5,460,0.0,25,50,535.0,6420.0,56.2,478.8,131,36,11,2,32,44,256,222.8,119.7,239.4,7.5,29.6,1.49,메모-0517: 가구원 수 변동 내용을 면접원이 확인
HH-2025-001418,2025,2,ED-0418,R04,인천광역시,동부,도시,ST-04-동,PSU-0267,2025-06-26,전화,완료,아파트,전세,27,1인가구,1,1인,여성,76,70대 이상,2,초등학교,비경제활동,비경제활동,,N,2,2,20,,,0.0,0.0,25,80,105.0,1260.0,5.8,99.2,57,74,9,28,16,27,211,-111.8,99.2,99.2,74.6,31.2,1.855,메모-0518: 소득 항목은 월평균 금액으로 응답
HH-2025-001419,2025,3,ED-0419,R16,경상남도,동부,도시,ST-16-동,PSU-0004,2025-08-02,전화,부분응답,연립·다세대,월세,0,부부,2,2인,여성,61,60대,6,대학원,임시·일용근로자,취업,도소매·숙박,Y,3,4,25,40.5,38.0,120,0.0,35,5,160.0,1920.0,8.8,151.2,76,121,15,17,23,31,283,-131.8,75.6,106.9,80.0,35.7,0.715,메모-0519: 온라인 조사 후 전화로 일부 항목 보완
HH-2025-001420,2025,4,ED-0420,R17,서울특별시,동부,도시,ST-17-동,PSU-0041,2025-09-08,인터넷,부분응답,아파트,자가,11,부부+자녀,5,5인 이상,여성,36,30대,4,고등학교,비경제활동,비경제활동,,Y,5,4,5,,,0.0,0.0,50,5,55.0,660.0,3.0,52.0,146,52,61,3,12,49,323,-271.0,10.4,273.3,100.0,32.0,1.08,메모-0520: 교육비와 보건비 영수증을 참고해 응답
HH-2025-001421,2025,1,ED-0421,R01,서울특별시,동부,도시,ST-01-동,PSU-0078,2025-04-18,인터넷,완료,오피스텔,보증부월세,0,1인가구,1,1인,남성,39,30대,5,대학교,상용근로자,취업,제조업,Y,4,3,15,51.5,39.5,360,0.0,15,55,430.0,5160.0,45.1,384.9,61,121,17,4,34,19,256,128.9,384.9,384.9,31.4,35.8,1.445,메모-0521: 응답자가 조사표 작성 기준을 확인함
HH-2025-001422,2025,2,ED-0422,R01,서울특별시,동부,도시,ST-01-동,PSU-0115,2025-05-25,전화,완료,아파트,보증부월세,25,부부+자녀,4,3~4인,남성,46,50대,5,대학교,실업자,실업,,Y,4,4,5,,,0.0,0.0,35,0,35.0,420.0,1.9,33.1,101,99,42,20,26,45,333,-299.9,8.3,16.6,299.1,32.3,1.81,"메모-0522: 생활비, 주거비 항목 재확인"
HH-2025-001423,2025,3,ED-0423,R15,경상북도,면부,농촌,ST-15-면,PSU-0152,2025-07-01,인터넷,완료,단독주택,자가,0,3세대,4,3~4인,여성,42,40대,4,고등학교,자영업자,취업,도소매·숙박,Y,3,3,80,5.0,30.5,0.0,415,20,35,470.0,5640.0,49.4,420.6,99,43,31,9,29,44,255,165.6,105.2,210.3,10.2,27.5,0.67,메모-0523: 가구원 수 변동 내용을 면접원이 확인
HH-2025-001424,2025,4,ED-0424,R14,전라남도,읍부,농촌,ST-14-읍,PSU-0189,2025-08-07,인터넷,완료,아파트,보증부월세,9,부부+자녀,4,3~4인,여성,63,60대,2,초등학교,비경제활동,취업,,Y,4,4,10,,,0.0,0.0,50,15,65.0,780.0,3.6,61.4,116,85,7,27,19,40,294,-232.6,15.3,30.7,138.4,31.9,1.035,메모-0524: 소득 항목은 월평균 금액으로 응답
HH-2025-001425,2025,1,ED-0425,R09,경기도,읍부,농촌,ST-09-읍,PSU-0226,2025-09-13,방문면접,완료,아파트,보증부월세,16,3세대,5,5인 이상,남성,61,60대,4,고등학교,비경제활동,비경제활동,,Y,4,3,10,,,0.0,0.0,0,50,50.0,600.0,2.8,47.2,142,91,28,19,17,48,345,-297.8,9.4,21.1,192.8,32.1,1.4,메모-0525: 온라인 조사 후 전화로 일부 항목 보완
HH-2025-001426,2025,2,ED-0426,R10,강원특별자치도,동부,도시,ST-10-동,PSU-0263,2025-04-23,인터넷,완료,아파트,전세,23,기타,6,5인 이상,여성,53,50대,5,대학교,상용근로자,취업,운수업,Y,4,4,5,11.5,43.5,560,0.0,65,50,675.0,8100.0,114.8,560.2,132,41,54,2,33,67,329,231.2,93.4,228.7,7.3,26.3,1.765,
HH-2025-001427,2025,3,ED-0427,R13,전북특별자치도,동부,도시,ST-13-동,PSU-0300,2025-05-30,방문면접,부분응답,오피스텔,보증부월세,0,1인가구,1,1인,남성,43,40대,6,대학원,자영업자,취업,건설업,Y,4,3,10,63.5,47.0,0.0,335,80,120,535.0,6420.0,56.2,478.8,52,78,0,17,33,32,212,266.8,478.8,478.8,16.3,38.8,0.625,메모-0527: 응답자가 조사표 작성 기준을 확인함
HH-2025-001428,2025,4,ED-0428,R12,충청남도,면부,농촌,ST-12-면,PSU-0037,2025-07-06,인터넷,완료,단독주택,자가,0,1인가구,1,1인,남성,31,30대,5,대학교,상용근로자,취업,공공·교육,Y,5,3,30,24.5,49.0,480,0.0,15,75,570.0,6840.0,59.8,510.2,55,37,14,11,25,27,169,341.2,510.2,510.2,7.3,28.0,0.99,"메모-0528: 생활비, 주거비 항목 재확인"
HH-2025-001429,2025,1,ED-0429,R04,인천광역시,동부,도시,ST-04-동,PSU-0074,2025-08-12,방문면접,완료,아파트,자가,14,부부+자녀,3,3~4인,남성,75,70대 이상,4,고등학교,무급가족종사자,취업,공공·교육,N,3,3,15,58.0,45.0,0.0,95,35,50,180.0,2160.0,9.9,170.1,79,73,12,24,40,54,282,-111.9,56.7,98.2,42.9,40.6,1.355,메모-0529: 가구원 수 변동 내용을 면접원이 확인
HH-2025-001430,2025,2,ED-0430,R02,부산광역시,동부,도시,ST-02-동,PSU-0111,2025-09-18,인터넷,완료,아파트,자가,21,부부+자녀,5,5인 이상,남성,61,60대,5,대학교,상용근로자,취업,농림어업,Y,3,5,5,17.0,41.0,380,0.0,50,45,475.0,5700.0,49.9,425.1,138,32,35,13,42,52,312,113.1,85.0,190.1,7.5,28.4,1.72,메모-0530: 소득 항목은 월평균 금액으로 응답
HH-2025-001431,2025,3,ED-0431,R16,경상남도,동부,도시,ST-16-동,PSU-0148,2025-04-28,인터넷,완료,아파트,전세,28,부부,2,2인,여성,60,60대,2,초등학교,자영업자,취업,금융·전문서비스,Y,4,4,5,46.5,37.5,0.0,195,15,90,300.0,3600.0,31.5,268.5,97,60,0,12,51,21,391,-122.5,134.2,189.9,22.3,36.0,0.58,메모-0531: 온라인 조사 후 전화로 일부 항목 보완
HH-2025-001432,2025,4,ED-0432,R12,충청남도,동부,도시,ST-12-동,PSU-0185,2025-06-04,인터넷,완료,오피스텔,전세,0,1인가구,1,1인,여성,55,50대,5,대학교,자영업자,취업,기타서비스,Y,4,3,50,20.5,31.0,0.0,380,15,20,415.0,4980.0,43.6,371.4,48,76,18,18,44,13,217,154.4,371.4,371.4,20.5,29.2,0.945,메모-0532: 교육비와 보건비 영수증을 참고해 응답
HH-2025-001433,2025,1,ED-0433,R01,서울특별시,동부,도시,ST-01-동,PSU-0222,2025-07-11,인터넷,완료,단독주택,자가,0,부부+자녀,5,5인 이상,여성,36,30대,5,대학교,임시·일용근로자,취업,운수업,Y,5,4,25,25.5,47.5,215,0.0,50,20,285.0,3420.0,15.7,269.3,128,36,47,15,11,78,315,-45.7,53.9,120.4,13.4,31.3,1.31,메모-0533: 응답자가 조사표 작성 기준을 확인함
HH-2025-001434,2025,2,ED-0434,R01,서울특별시,동부,도시,ST-01-동,PSU-0259,2025-08-17,전화,완료,아파트,자가,19,3세대,5,5인 이상,남성,66,60대,4,고등학교,상용근로자,취업,운수업,N,4,3,10,63.5,48.5,290,0.0,95,145,530.0,6360.0,55.6,474.4,143,37,7,26,23,45,281,193.4,94.9,212.2,7.8,39.0,1.675,"메모-0534: 생활비, 주거비 항목 재확인"
HH-2025-001435,2025,3,ED-0435,R01,서울특별시,동부,도시,ST-01-동,PSU-0296,2025-09-23,방문면접,완료,아파트,보증부월세,26,1인가구,1,1인,남성,72,70대 이상,3,중학교,비경제활동,비경제활동,,N,2,3,5,,,0.0,0.0,60,15,75.0,900.0,4.1,70.9,54,97,24,17,8,22,222,-151.1,70.9,70.9,136.8,31.6,0.535,메모-0535: 가구원 수 변동 내용을 면접원이 확인
HH-2025-001436,2025,4,ED-0436,R09,경기도,동부,도시,ST-09-동,PSU-0033,2025-05-03,전화,완료,연립·다세대,보증부월세,0,부부+자녀,4,3~4인,남성,63,60대,3,중학교,무급가족종사자,취업,금융·전문서비스,N,2,5,15,5.0,42.5,0.0,90,75,45,210.0,2520.0,11.6,198.4,88,81,3,20,28,48,268,-69.6,49.6,99.2,40.8,30.2,0.9,메모-0536: 소득 항목은 월평균 금액으로 응답
HH-2025-001437,2025,1,ED-0437,R09,경기도,동부,도시,ST-09-동,PSU-0070,2025-06-09,인터넷,완료,연립·다세대,자가,0,1인가구,1,1인,여성,52,50대,4,고등학교,비경제활동,비경제활동,,Y,3,4,5,,,0.0,0.0,0,75,75.0,900.0,4.1,70.9,54,71,0,17,23,39,204,-133.1,70.9,70.9,100.1,31.6,1.265,메모-0537: 온라인 조사 후 전화로 일부 항목 보완
HH-2025-001438,2025,2,ED-0438,R10,강원특별자치도,읍부,농촌,ST-10-읍,PSU-0107,2025-07-16,인터넷,완료,단독주택,월세,0,한부모,3,3~4인,여성,33,30대,5,대학교,상용근로자,취업,농림어업,Y,5,3,10,57.5,47.5,430,0.0,20,70,520.0,6240.0,54.6,465.4,69,90,5,2,48,53,267,198.4,155.1,268.7,19.3,36.9,1.63,메모-0538: 교육비와 보건비 영수증을 참고해 응답
HH-2025-001439,2025,3,ED-0439,R10,강원특별자치도,동부,도시,ST-10-동,PSU-0144,2025-08-22,인터넷,완료,아파트,자가,24,부부+자녀,5,5인 이상,남성,38,30대,4,고등학교,상용근로자,취업,도소매·숙박,Y,5,5,5,26.0,50.0,275,0.0,30,105,410.0,4920.0,43.0,367.0,122,39,59,13,36,54,323,44.0,73.4,164.1,10.6,30.3,1.995,메모-0539: 응답자가 조사표 작성 기준을 확인함
HH-2025-001440,2025,4,ED-0440,R09,경기도,면부,농촌,ST-09-면,PSU-0181,2025-04-01,전화,완료,연립·다세대,자가,0,1인가구,1,1인,남성,35,30대,6,대학원,상용근로자,취업,건설업,Y,5,4,5,40.0,58.5,615,0.0,5,0,620.0,7440.0,105.4,514.6,55,32,12,2,57,16,174,340.6,514.6,514.6,6.2,31.0,0.855,"메모-0540: 생활비, 주거비 항목 재확인"
HH-2025-001441,2025,1,ED-0441,R01,서울특별시,동부,도시,ST-01-동,PSU-0218,2025-05-08,방문면접,완료,단독주택,무상,0,부부+자녀,5,5인 이상,남성,39,30대,4,고등학교,상용근로자,취업,도소매·숙박,Y,4,4,5,5.0,32.0,450,0.0,40,65,555.0,6660.0,58.3,496.7,107,31,52,2,26,50,268,228.7,99.3,222.1,6.2,26.7,1.22,메모-0541: 가구원 수 변동 내용을 면접원이 확인
HH-2025-001442,2025,2,ED-0442,R06,대전광역시,동부,도시,ST-06-동,PSU-0255,2025-06-14,인터넷,완료,아파트,무상,15,1인가구,1,1인,남성,79,70대 이상,2,초등학교,비경제활동,비경제활동,,Y,2,3,5,,,0.0,0.0,50,15,65.0,780.0,3.6,61.4,64,22,0,43,11,19,159,-97.6,61.4,61.4,35.8,31.6,1.585,메모-0542: 소득 항목은 월평균 금액으로 응답
HH-2025-001443,2025,3,ED-0443,R04,인천광역시,읍부,농촌,ST-04-읍,PSU-0292,2025-07-21,인터넷,완료,단독주택,자가,0,기타,4,3~4인,여성,55,50대,4,고등학교,상용근로자,취업,기타서비스,Y,4,5,10,5.0,29.0,260,0.0,45,120,425.0,5100.0,44.6,380.4,113,39,29,24,41,47,293,87.4,95.1,190.2,10.3,28.1,1.95,메모-0543: 온라인 조사 후 전화로 일부 항목 보완
HH-2025-001444,2025,4,ED-0444,R03,대구광역시,동부,도시,ST-03-동,PSU-0029,2025-08-27,방문면접,완료,연립·다세대,무상,0,부부,2,2인,여성,57,50대,4,고등학교,상용근로자,취업,정보통신,N,4,3,10,36.5,29.5,195,0.0,0,30,225.0,2700.0,12.4,212.6,81,44,0,9,40,35,209,3.6,106.3,150.3,20.7,33.9,0.81,메모-0544: 교육비와 보건비 영수증을 참고해 응답
HH-2025-001445,2025,1,ED-0445,R01,서울특별시,동부,도시,ST-01-동,PSU-0066,2025-04-06,인터넷,완료,오피스텔,자가,0,부부,2,2인,여성,42,40대,5,대학교,자영업자,취업,제조업,Y,5,5,20,30.0,57.0,0.0,470,15,10,495.0,5940.0,52.0,443.0,106,42,0,8,38,24,218,225.0,221.5,313.2,9.5,29.8,1.175,메모-0545: 응답자가 조사표 작성 기준을 확인함
HH-2025-001446,2025,2,ED-0446,R17,제주특별자치도,동부,도시,ST-17-동,PSU-0103,2025-05-13,전화,완료,연립·다세대,자가,0,부부,2,2인,여성,63,60대,4,고등학교,임시·일용근로자,취업,보건·복지,Y,3,3,15,60.5,28.5,235,0.0,10,25,270.0,3240.0,14.8,255.2,76,35,0,20,42,42,215,40.2,127.6,180.5,13.7,40.3,1.54,"메모-0546: 생활비, 주거비 항목 재확인"
HH-2025-001447,2025,3,ED-0447,R01,서울특별시,동부,도시,ST-01-동,PSU-0140,2025-06-19,인터넷,완료,아파트,자가,20,3세대,4,3~4인,여성,48,40대,5,대학교,상용근로자,취업,제조업,Y,5,3,10,45.0,40.5,290,0.0,40,50,380.0,4560.0,39.9,340.1,98,45,57,13,31,48,292,48.1,85.0,170.1,13.2,34.6,1.905,메모-0547: 가구원 수 변동 내용을 면접원이 확인
HH-2025-001448,2025,4,ED-0448,R12,충청남도,동부,도시,ST-12-동,PSU-0177,2025-07-26,인터넷,완료,아파트,전세,27,1인가구,1,1인,남성,45,40대,3,중학교,상용근로자,취업,농림어업,Y,5,4,25,43.0,19.0,265,0.0,0,90,355.0,4260.0,37.3,317.7,53,60,0,10,30,20,173,144.7,317.7,317.7,18.9,34.1,0.765,메모-0548: 소득 항목은 월평균 금액으로 응답
HH-2025-001449,2025,1,ED-0449,R09,경기도,읍부,농촌,ST-09-읍,PSU-0214,2025-09-01,전화,대리응답,아파트,자가,4,1인가구,1,1인,남성,71,70대 이상,2,초등학교,비경제활동,비경제활동,,N,3,4,20,,,0.0,0.0,45,20,65.0,780.0,3.6,61.4,58,19,5,28,11,28,149,-87.6,61.4,61.4,30.9,31.6,1.13,메모-0549: 온라인 조사 후 전화로 일부 항목 보완
HH-2025-001450,2025,2,ED-0450,R12,충청남도,동부,도시,ST-12-동,PSU-0251,2025-04-11,방문면접,완료,단독주택,자가,0,부부+자녀,5,5인 이상,여성,63,60대,5,대학교,자영업자,취업,공공·교육,Y,4,4,5,39.0,43.5,0.0,525,40,10,575.0,6900.0,60.4,514.6,147,51,23,28,39,52,340,174.6,102.9,230.1,9.9,31.1,1.495,메모-0550: 교육비와 보건비 영수증을 참고해 응답
HH-2025-001451,2025,3,ED-0451,R09,경기도,동부,도시,ST-09-동,PSU-0288,2025-05-18,인터넷,완료,연립·다세대,월세,0,부부+자녀,4,3~4인,여성,71,70대 이상,2,초등학교,비경제활동,비경제활동,,Y,2,3,15,,,0.0,0.0,50,30,80.0,960.0,4.4,75.6,101,99,13,28,7,19,267,-191.4,18.9,37.8,131.0,31.6,1.86,메모-0551: 응답자가 조사표 작성 기준을 확인함
HH-2025-001452,2025,4,ED-0452,R15,경상북도,면부,농촌,ST-15-면,PSU-0025,2025-06-24,인터넷,완료,아파트,자가,25,부부,2,2인,여성,67,60대,4,고등학교,임시·일용근로자,취업,금융·전문서비스,Y,3,2,15,8.5,30.5,180,0.0,45,40,265.0,3180.0,14.6,250.4,77,25,0,24,45,20,191,59.4,125.2,177.1,10.0,29.6,0.72,"메모-0552: 생활비, 주거비 항목 재확인"
HH-2025-001453,2025,1,ED-0453,R07,울산광역시,동부,도시,ST-07-동,PSU-0062,2025-07-31,방문면접,완료,아파트,자가,2,한부모,3,3~4인,남성,65,60대,5,대학교,비경제활동,비경제활동,,N,3,3,10,,,0.0,0.0,20,20,40.0,480.0,2.2,37.8,89,24,14,5,33,45,210,-172.2,12.6,21.8,63.5,32.0,1.085,메모-0553: 가구원 수 변동 내용을 면접원이 확인
HH-2025-001454,2025,2,ED-0454,R09,경기도,동부,도시,ST-09-동,PSU-0099,2025-09-06,인터넷,완료,아파트,자가,9,1인가구,1,1인,남성,63,60대,4,고등학교,임시·일용근로자,취업,도소매·숙박,Y,3,3,15,13.0,35.0,95,0.0,35,0,130.0,1560.0,7.2,122.8,57,36,0,10,22,37,162,-39.2,122.8,122.8,29.3,31.4,1.45,메모-0554: 소득 항목은 월평균 금액으로 응답
HH-2025-001455,2025,3,ED-0455,R09,경기도,동부,도시,ST-09-동,PSU-0136,2025-04-16,방문면접,완료,연립·다세대,월세,0,3세대,7,5인 이상,여성,61,60대,4,고등학교,임시·일용근로자,취업,농림어업,N,4,4,5,42.5,44.0,150,0.0,60,0,210.0,2520.0,11.6,198.4,181,120,29,3,35,52,420,-221.6,28.3,75.0,60.5,35.9,1.815,메모-0555: 온라인 조사 후 전화로 일부 항목 보완
HH-2025-001456,2025,4,ED-0456,R13,전북특별자치도,동부,도시,ST-13-동,PSU-0173,2025-05-23,방문면접,완료,아파트,자가,23,한부모,3,3~4인,남성,60,60대,5,대학교,상용근로자,취업,도소매·숙박,Y,3,4,30,37.0,28.5,550,0.0,45,25,620.0,7440.0,105.4,514.6,119,51,1,14,35,43,263,251.6,171.5,297.1,9.9,30.5,0.675,메모-0556: 교육비와 보건비 영수증을 참고해 응답
HH-2025-001457,2025,1,ED-0457,R09,경기도,동부,도시,ST-09-동,PSU-0210,2025-06-29,방문면접,완료,아파트,자가,30,1인가구,1,1인,남성,48,40대,4,고등학교,상용근로자,취업,금융·전문서비스,Y,3,3,5,40.0,45.0,210,0.0,0,35,295.0,3540.0,13.5,231.5,29,33,0,4,33,29,128,103.5,231.5,231.5,14.3,34.3,1.04,
HH-2025-001458,2025,2,ED-0458,R09,경기도,면부,농촌,ST-09-면,PSU-0247,2025-08-05,전화,완료,아파트,월세,7,부부,2,2인,여성,79,70대 이상,2,초등학교,비경제활동,비경제활동,,N,2,3,10,,,0.0,0.0,110,25,135.0,1620.0,7.4,127.6,46,97,0,34,25,33,235,-107.4,63.8,90.2,76.0,30.9,1.405,"메모-0558: 생활비, 주거비 항목 재확인"
HH-2025-001459,2025,3,ED-0459,R16,경상남도,동부,도시,ST-16-동,PSU-0284,2025-09-11,전화,완료,아파트,무상,14,부부+자녀,4,3~4인,여성,36,30대,5,대학교,자영업자,취업,도소매·숙박,Y,5,3,50,80.0,49.0,0.0,360,50,50,460.0,5520.0,48.3,411.7,143,32,6,2,24,72,279,132.7,102.9,205.8,7.8,46.8,1.77,메모-0559: 가구원 수 변동 내용을 면접원이 확인
HH-2025-001460,2025,4,ED-0460,R12,충청남도,면부,농촌,ST-12-면,PSU-0021,2025-04-21,방문면접,완료,단독주택,자가,0,부부+자녀,5,5인 이상,남성,72,70대 이상,3,고등학교,비경제활동,비경제활동,,N,2,4,15,,,0.0,0.0,110,140,250.0,3000.0,13.8,236.2,161,20,7,15,7,62,272,-35.8,47.2,105.6,28.5,29.7,0.63,메모-0560: 소득 항목은 월평균 금액으로 응답
HH-2025-001461,2025,1,ED-0461,R09,경기도,동부,도시,ST-09-동,PSU-0058,2025-05-28,방문면접,부분응답,아파트,자가,28,1인가구,1,1인,남성,38,30대,4,고등학교,상용근로자,취업,도소매·숙박,Y,5,4,15,27.0,47.5,400,0.0,50,40,490.0,5880.0,51.4,438.6,60,43,1,11,18,35,168,270.6,438.6,438.6,9.8,29.3,0.995,메모-0561: 온라인 조사 후 전화로 일부 항목 보완
HH-2025-001462,2025,2,ED-0462,R01,서울특별시,동부,도시,ST-01-동,PSU-0095,2025-07-04,인터넷,완료,아파트,자가,5,부부+자녀,3,3~4인,남성,47,40대,4,고등학교,임시·일용근로자,취업,공공·교육,Y,4,3,10,32.0,44.0,125,0.0,25,15,165.0,1980.0,9.1,155.9,89,56,3,6,42,29,225,-69.1,52.0,90.0,35.9,33.7,1.36,메모-0562: 교육비와 보건비 영수증을 참고해 응답
HH-2025-001463,2025,3,ED-0463,R07,울산광역시,동부,도시,ST-07-동,PSU-0132,2025-08-10,전화,완료,오피스텔,전세,0,1인가구,1,1인,남성,65,60대,4,고등학교,임시·일용근로자,취업,도소매·숙박,N,4,3,15,5.0,25.5,145,0.0,5,15,165.0,1980.0,9.1,155.9,54,64,0,18,45,10,191,-35.1,155.9,155.9,41.1,30.6,1.725,메모-0563: 응답자가 조사표 작성 기준을 확인함
HH-2025-001464,2025,4,ED-0464,R16,경상남도,동부,도시,ST-16-동,PSU-0169,2025-09-16,전화,완료,아파트,보증부월세,19,부부,2,2인,여성,63,60대,5,대학교,자영업자,취업,운수업,Y,4,3,5,42.5,50.0,0.0,275,25,75,375.0,5700.0,39.4,335.6,71,92,0,17,24,40,244,91.6,167.8,237.3,27.4,33.9,0.585,"메모-0564: 생활비, 주거비 항목 재확인"
HH-2025-001465,2025,1,ED-0465,R17,제주특별자치도,동부,도시,ST-17-동,PSU-0206,2025-04-26,전화,완료,단독주택,보증부월세,0,한부모,2,2인,남성,70,70대 이상,5,대학교,자영업자,취업,정보통신,N,4,4,10,51.0,56.0,0.0,345,40,35,420.0,5040.0,44.1,375.9,61,116,0,22,19,28,246,129.9,187.9,265.8,30.9,35.8,0.95,메모-0565: 가구원 수 변동 내용을 면접원이 확인
HH-2025-001466,2025,2,ED-0466,R01,서울특별시,동부,도시,ST-01-동,PSU-0243,2025-06-02,인터넷,완료,아파트,자가,3,기타,4,3~4인,여성,89,70대 이상,2,초등학교,비경제활동,비경제활동,,Y,2,5,10,,,0.0,0.0,85,95,180.0,2160.0,9.9,170.1,121,38,32,20,22,47,280,-109.9,42.5,85.0,22.3,30.5,1.315,메모-0566: 소득 항목은 월평균 금액으로 응답
HH-2025-001467,2025,3,ED-0467,R09,경기도,면부,농촌,ST-09-면,PSU-0280,2025-07-09,인터넷,완료,단독주택,월세,0,1인가구,1,1인,여성,47,40대,4,고등학교,상용근로자,취업,금융·전문서비스,Y,4,4,5,32.5,47.5,420,0.0,20,90,530.0,6360.0,55.6,474.4,50,93,0,3,40,22,208,266.4,474.4,474.4,19.6,29.9,1.68,메모-0567: 온라인 조사 후 전화로 일부 항목 보완
HH-2025-001468,2025,4,ED-0468,R15,경상북도,동부,도시,ST-15-동,PSU-0017,2025-08-15,인터넷,완료,연립·다세대,자가,0,부부+자녀,3,3~4인,여성,46,40대,4,고등학교,상용근로자,취업,금융·전문서비스,Y,4,4,15,75.5,34.0,340,0.0,5,20,365.0,4380.0,38.3,326.7,82,34,26,7,37,41,227,99.7,108.9,188.6,10.4,45.6,0.54,메모-0568: 교육비와 보건비 영수증을 참고해 응답
HH-2025-001469,2025,1,ED-0469,R09,경기도,동부,도시,ST-09-동,PSU-0054,2025-09-21,방문면접,완료,연립·다세대,월세,0,1인가구,1,1인,여성,77,70대 이상,4,고등학교,비경제활동,비경제활동,,N,2,4,10,,,0.0,0.0,70,0,70.0,840.0,3.9,66.1,56,89,19,48,9,42,263,-196.9,66.1,66.1,134.6,31.7,0.905,메모-0569: 응답자가 조사표 작성 기준을 확인함
HH-2025-001470,2025,2,ED-0470,R01,서울특별시,동부,도시,ST-01-동,PSU-0091,2025-05-01,전화,완료,단독주택,자가,0,부부+자녀,4,3~4인,남성,47,40대,5,대학교,비경제활동,비경제활동,,Y,5,3,5,,,0.0,0.0,5,50,55.0,660.0,3.0,52.0,121,70,18,2,20,56,287,-235.0,13.0,26.0,134.6,31.9,1.27,"메모-0570: 생활비, 주거비 항목 재확인"
HH-2025-001471,2025,3,ED-0471,R10,강원특별자치도,동부,도시,ST-10-동,PSU-0128,2025-06-07,인터넷,완료,아파트,전세,8,부부+자녀,4,3~4인,여성,40,40대,5,대학교,임시·일용근로자,취업,도소매·숙박,Y,5,3,5,71.0,35.5,155,0.0,65,100,320.0,3840.0,33.6,286.4,132,67,52,3,27,47,328,-41.6,71.6,143.2,23.4,44.3,1.635,메모-0571: 가구원 수 변동 내용을 면접원이 확인
HH-2025-001472,2025,4,ED-0472,R01,서울특별시,동부,도시,ST-01-동,PSU-0165,2025-07-14,인터넷,완료,연립·다세대,자가,0,부부+자녀,4,3~4인,남성,37,30대,5,대학교,비경제활동,비경제활동,,Y,5,3,5,,,0.0,0.0,40,65,105.0,1260.0,5.8,99.2,120,33,38,9,21,41,262,-162.8,24.8,49.6,33.3,31.3,2.0,메모-0572: 소득 항목은 월평균 금액으로 응답
HH-2025-001473,2025,1,ED-0473,R09,경기도,면부,농촌,ST-09-면,PSU-0202,2025-08-20,방문면접,대리응답,단독주택,자가,0,부부+자녀,3,3~4인,남성,75,70대 이상,2,초등학교,비경제활동,비경제활동,,N,3,4,5,,,0.0,0.0,50,120,170.0,2040.0,9.3,160.7,115,43,0,24,11,44,237,-76.3,53.6,92.8,26.8,30.5,0.86,메모-0573: 온라인 조사 후 전화로 일부 항목 보완
HH-2025-001474,2025,2,ED-0474,R01,서울특별시,동부,도시,ST-01-동,PSU-0239,2025-09-26,방문면접,완료,아파트,자가,29,3세대,6,1인,남성,47,40대,5,대학교,상용근로자,취업,금융·전문서비스,Y,5,2,5,49.5,28.5,425,0.0,45,70,540.0,6480.0,56.7,483.3,154,47,77,4,18,39,339,144.3,80.5,197.3,9.7,59.2,1.225,메모-0574: 교육비와 보건비 영수증을 참고해 응답
HH-2025-001475,2025,3,ED-0475,R16,경상남도,동부,도시,ST-16-동,PSU-0276,2025-05-06,전화,완료,연립·다세대,월세,0,1인가구,1,1인,여성,44,40대,5,대학교,상용근로자,취업,도소매·숙박,Y,5,4,5,46.5,51.0,440,0.0,20,10,470.0,5640.0,49.4,420.6,44,88,12,19,24,14,201,294.6,420.6,420.6,20.9,33.8,1.59,메모-0575: 응답자가 조사표 작성 기준을 확인함
HH-2025-001476,2025,4,ED-0476,R02,부산광역시,면부,농촌,ST-02-면,PSU-0013,2025-06-12,인터넷,완료,아파트,보증부월세,13,부부+자녀,3,3~4인,남성,54,50대,5,대학교,상용근로자,취업,제조업,Y,4,3,15,5.0,39.0,370,0.0,30,30,430.0,5160.0,45.1,384.9,98,67,0,7,15,37,224,160.9,128.3,222.2,17.4,27.9,1.955,"메모-0576: 생활비, 주거비 항목 재확인"
HH-2025-001477,2025,1,ED-0477,R05,광주광역시,동부,도시,ST-05-동,PSU-0050,2025-07-19,방문면접,완료,아파트,자가,20,부부+자녀,4,3~4인,남성,51,50대,5,대학교,실업자,실업,,N,5,3,10,,,0.0,0.0,30,35,65.0,780.0,3.6,61.4,134,50,43,14,5,49,295,-233.6,15.3,30.7,81.4,31.9,0.815,메모-0577: 가구원 수 변동 내용을 면접원이 확인
HH-2025-001478,2025,2,ED-0478,R01,서울특별시,동부,도시,ST-01-동,PSU-0087,2025-08-25,방문면접,완료,아파트,자가,27,부부,2,2인,여성,70,70대 이상,2,초등학교,비경제활동,비경제활동,,Y,3,4,5,,,0.0,0.0,15,65,80.0,960.0,4.4,75.6,73,50,5,11,14,29,182,-106.4,37.8,53.5,66.1,31.5,1.18,메모-0578: 소득 항목은 월평균 금액으로 응답
HH-2025-001479,2025,3,ED-0479,R02,부산광역시,동부,도시,ST-02-동,PSU-0124,2025-04-04,인터넷,완료,아파트,자가,4,부부,2,2인,남성,63,60대,4,고등학교,상용근로자,취업,제조업,Y,4,5,15,37.5,44.0,440,0.0,0,80,520.0,6240.0,54.6,465.4,61,62,24,27,27,24,225,240.4,232.7,329.1,13.3,31.1,1.545,메모-0579: 온라인 조사 후 전화로 일부 항목 보완
HH-2025-001480,2025,4,ED-0480,R02,부산광역시,동부,도시,ST-02-동,PSU-0161,2025-05-11,인터넷,완료,아파트,보증부월세,11,1인가구,1,1인,여성,32,30대,5,대학교,자영업자,취업,정보통신,Y,5,2,5,28.0,48.5,0.0,470,40,0,510.0,6120.0,53.5,456.5,83,75,0,2,43,19,222,234.5,456.5,456.5,16.4,29.3,1.91,메모-0580: 교육비와 보건비 영수증을 참고해 응답
HH-2025-001481,2025,1,ED-0481,R01,서울특별시,동부,도시,ST-01-동,PSU-0198,2025-06-17,인터넷,완료,아파트,보증부월세,18,부부,2,2인,남성,50,50대,5,대학교,자영업자,취업,도소매·숙박,Y,4,3,5,58.5,42.0,0.0,430,65,50,545.0,6540.0,57.2,487.8,63,93,0,2,33,31,222,265.8,243.9,344.9,19.1,36.9,0.77,메모-0581: 응답자가 조사표 작성 기준을 확인함
HH-2025-001482,2025,2,ED-0482,R02,부산광역시,동부,도시,ST-02-동,PSU-0235,2025-07-24,인터넷,완료,단독주택,자가,0,1인가구,1,1인,여성,51,50대,4,고등학교,실업자,실업,,Y,4,4,15,,,0.0,0.0,5,120,125.0,1500.0,6.9,118.1,50,31,0,16,7,49,153,-34.9,118.1,118.1,26.2,30.9,1.135,"메모-0582: 생활비, 주거비 항목 재확인"
HH-2025-001483,2025,3,ED-0483,R01,서울특별시,동부,도시,ST-01-동,PSU-0272,2025-08-30,인터넷,완료,단독주택,보증부월세,0,부부,2,2인,남성,41,40대,5,대학교,임시·일용근로자,취업,보건·복지,Y,5,3,15,50.0,28.5,140,0.0,75,85,300.0,3600.0,31.5,268.5,70,90,0,3,27,38,228,40.5,134.2,189.9,33.5,36.7,1.5,메모-0583: 가구원 수 변동 내용을 면접원이 확인
HH-2025-001484,2025,4,ED-0484,R04,인천광역시,동부,도시,ST-04-동,PSU-0009,2025-04-09,전화,완료,아파트,자가,9,1인가구,1,1인,남성,46,40대,4,고등학교,임시·일용근로자,취업,운수업,Y,4,4,5,10.0,39.0,170,0.0,15,65,250.0,3000.0,13.8,236.2,62,64,0,15,44,41,376,-139.8,236.2,236.2,27.1,30.2,1.865,메모-0584: 소득 항목은 월평균 금액으로 응답
HH-2025-001485,2025,1,ED-0485,R07,울산광역시,동부,도시,ST-07-동,PSU-0046,2025-05-16,인터넷,완료,아파트,보증부월세,16,부부,2,2인,남성,65,60대,5,대학교,임시·일용근로자,취업,운수업,Y,3,3,20,48.0,38.0,260,0.0,20,20,300.0,3600.0,31.5,268.5,82,86,0,17,25,40,250,18.5,134.2,189.9,32.0,36.2,0.725,메모-0585: 온라인 조사 후 전화로 일부 항목 보완
HH-2025-001486,2025,2,ED-0486,R01,서울특별시,동부,도시,ST-01-동,PSU-0083,2025-06-22,전화,완료,연립·다세대,자가,0,부부,2,2인,남성,33,30대,4,고등학교,상용근로자,취업,금융·전문서비스,Y,5,4,5,20.0,45.5,430,0.0,20,20,470.0,5640.0,49.4,420.6,69,48,7,17,22,32,195,225.6,210.3,297.4,11.4,28.5,1.09,메모-0586: 교육비와 보건비 영수증을 참고해 응답
HH-2025-001487,2025,3,ED-0487,R03,대구광역시,동부,도시,ST-03-동,PSU-0120,2025-07-29,방문면접,완료,연립·다세대,자가,0,부부,2,2인,여성,52,50대,5,대학교,실업자,실업,,N,4,4,5,,,0.0,0.0,25,15,40.0,480.0,2.2,37.8,91,60,13,8,3,35,210,-172.2,18.9,26.7,158.7,32.0,1.455,메모-0587: 응답자가 조사표 작성 기준을 확인함
HH-2025-001488,2025,4,ED-0488,R17,제주특별자치도,읍부,농촌,ST-17-읍,PSU-0157,2025-09-04,방문면접,완료,연립·다세대,전세,0,한부모,4,3~4인,남성,21,20대 이하,5,대학교,상용근로자,취업,금융·전문서비스,Y,5,4,5,33.0,40.5,440,0.0,30,0,470.0,5640.0,49.4,420.6,125,40,7,12,44,67,295,125.6,105.2,210.3,9.5,30.8,1.82,
HH-2025-001489,2025,1,ED-0489,R03,대구광역시,동부,도시,ST-03-동,PSU-0194,2025-04-14,인터넷,완료,아파트,자가,14,부부+자녀,3,3~4인,남성,48,40대,4,고등학교,상용근로자,취업,도소매·숙박,Y,4,3,5,22.5,33.5,415,0.0,5,0,420.0,5040.0,44.1,375.9,118,68,16,9,36,31,278,97.9,125.3,217.0,18.1,29.6,0.68,메모-0589: 가구원 수 변동 내용을 면접원이 확인
HH-2025-001490,2025,2,ED-0490,R09,경기도,동부,도시,ST-09-동,PSU-0231,2025-05-21,인터넷,완료,연립·다세대,전세,0,부부+자녀,5,5인 이상,남성,56,50대,4,고등학교,상용근로자,취업,운수업,Y,3,1,15,48.0,40.0,350,0.0,40,10,400.0,4800.0,42.0,358.0,147,51,61,21,39,74,393,-35.0,71.6,160.1,14.2,35.4,1.045,메모-0590: 소득 항목은 월평균 금액으로 응답
HH-2025-001491,2025,3,ED-0491,R09,강원특별자치도,동부,도시,ST-09-동,PSU-0268,2025-06-27,방문면접,완료,아파트,자가,28,1인가구,1,1인,남성,82,70대 이상,4,고등학교,비경제활동,비경제활동,,N,2,3,15,,,0.0,0.0,55,50,105.0,1260.0,5.8,99.2,67,67,0,32,22,20,208,-108.8,99.2,349.2,67.5,31.2,1.41,메모-0591: 온라인 조사 후 전화로 일부 항목 보완
HH-2025-001492,2025,4,ED-0492,R04,인천광역시,면부,농촌,ST-04-면,PSU-0005,2025-08-03,인터넷,완료,연립·다세대,자가,0,부부,2,2인,남성,41,40대,2,초등학교,상용근로자,취업,농림어업,Y,4,3,5,8.0,30.0,235,0.0,0,35,270.0,3240.0,14.8,255.2,65,45,0,7,47,38,202,53.2,127.6,180.5,17.6,29.5,1.775,메모-0592: 교육비와 보건비 영수증을 참고해 응답
HH-2025-001493,2025,1,ED-0493,R09,경기도,면부,농촌,ST-09-면,PSU-0042,2025-09-09,전화,완료,단독주택,자가,0,부부+자녀,4,3~4인,남성,49,40대,5,대학교,상용근로자,취업,도소매·숙박,Y,4,2,30,19.0,39.0,465,0.0,45,70,580.0,6960.0,60.9,519.1,107,17,40,2,44,38,248,271.1,129.8,259.6,3.3,27.3,0.635,메모-0593: 응답자가 조사표 작성 기준을 확인함
HH-2025-001494,2025,2,ED-0494,R05,광주광역시,동부,농촌,ST-05-동,PSU-0079,2025-04-19,전화,완료,아파트,자가,19,부부,2,2인,남성,89,70대 이상,3,중학교,비경제활동,비경제활동,,Y,3,3,5,,,0.0,0.0,95,100,195.0,2340.0,10.7,184.3,87,69,21,47,23,49,296,-111.7,92.2,130.3,37.4,30.4,1.0,"메모-0594: 생활비, 주거비 항목 재확인"
HH-2025-001495,2025,3,ED-0495,R09,경기도,읍부,농촌,ST-09-읍,PSU-0116,2025-05-26,인터넷,완료,단독주택,자가,0,1인가구,1,1인,남성,57,50대,3,중학교,자영업자,취업,도소매·숙박,Y,4,4,5,55.5,49.0,0.0,40,0,0,40.0,480.0,2.2,37.8,47,8,0,12,40,31,138,-100.2,37.8,37.8,21.2,41.1,1.365,메모-0595: 가구원 수 변동 내용을 면접원이 확인
HH-2025-001496,2025,4,ED-0496,R01,서울특별시,동부,도시,ST-01-동,PSU-0153,2025-07-02,인터넷,완료,아파트,전세,3,부부+자녀,4,3~4인,여성,36,30대,4,고등학교,상용근로자,취업,보건·복지,Y,5,2,15,54.5,34.5,340,0.0,35,115,490.0,5880.0,51.4,438.6,119,77,37,2,28,49,312,126.6,109.7,219.3,17.6,36.3,1.73,메모-0596: 소득 항목은 월평균 금액으로 응답
HH-2025-001497,2025,1,ED-0497,R16,경상남도,읍부,농촌,ST-16-읍,PSU-0190,2025-08-08,방문면접,부분응답,아파트,자가,10,부부,2,2인,여성,45,40대,3,중학교,상용근로자,취업,보건·복지,N,5,5,15,12.5,37.5,205,0.0,45,25,275.0,3300.0,15.1,259.9,93,43,0,2,33,25,196,63.9,129.9,183.8,16.5,29.7,0.59,메모-0597: 온라인 조사 후 전화로 일부 항목 보완
HH-2025-001498,2025,2,ED-0498,R12,충청남도,동부,도시,ST-12-동,PSU-0227,2025-09-14,방문면접,완료,아파트,무상,17,1인가구,1,1인,여성,43,40대,4,고등학교,상용근로자,취업,금융·전문서비스,Y,5,4,25,44.5,23.5,540,0.0,35,0,575.0,6900.0,60.4,514.6,47,51,10,10,36,42,196,318.6,514.6,514.6,9.9,32.2,0.955,메모-0598: 교육비와 보건비 영수증을 참고해 응답
HH-2025-001499,2025,3,ED-0499,R11,충청북도,동부,도시,ST-11-동,PSU-0264,2025-04-24,인터넷,완료,오피스텔,전세,0,부부+자녀,3,3~4인,남성,56,50대,4,고등학교,자영업자,취업,공공·교육,Y,3,3,20,37.5,50.5,0.0,210,45,0,255.0,3060.0,14.0,241.0,85,83,2,9,21,46,246,-5.0,80.3,139.1,34.4,33.8,1.32,메모-0599: 응답자가 조사표 작성 기준을 확인함
HH-2025-001500,2025,4,ED-0500,R09,경기도,면부,농촌,ST-09-면,PSU-0001,2025-05-31,인터넷,완료,아파트,전세,1,1인가구,1,1인,여성,35,30대,5,대학교,상용근로자,취업,금융·전문서비스,Y,4,3,25,56.0,34.5,525,0.0,0,70,595.0,7140.0,62.5,532.5,57,35,1,23,43,38,197,335.5,532.5,532.5,6.6,35.4,1.685,"메모-0600: 생활비, 주거비 항목 재확인"
